Household_ID,State,Primary_Crop,Season,Land_Area_Hectares,Num_Crop_Types,Crop_Diversification_Index,Irrigation_Access,Irrigation_Type,Soil_Quality_Index,Input_Cost_INR,Household_Size,Farming_Experience_Years,Annual_Farm_Income_INR
HH0001,Rajasthan,Cotton,Rabi,0.81,2,0.494,0,None,1,10015,5,4,53843
HH0002,Gujarat,Sugarcane,Zaid,0.18,1,0.009,0,None,3,3000,5,43,64785
HH0003,Haryana,Sugarcane,Kharif,0.95,5,0.81,0,None,3,26213,3,3,113210
HH0004,Tamil Nadu,Wheat,Rabi,2.93,2,0.505,0,None,2,59287,5,32,132715
HH0005,Maharashtra,Maize,Rabi,2.13,2,0.515,1,Canal,3,50239,2,34,152835
HH0006,Maharashtra,Pulses,Rabi,1.94,1,0.0,0,None,2,30647,3,16,69459
HH0007,Uttar Pradesh,Rice,Rabi,1.06,4,0.756,1,Canal,3,23946,4,4,88448
HH0008,West Bengal,Soybean,Zaid,0.46,1,0.003,0,None,2,13162,5,18,29567
HH0009,Tamil Nadu,Soybean,Kharif,2.09,4,0.757,0,None,2,36316,5,28,100999
HH0010,Haryana,Pulses,Kharif,0.66,1,0.002,1,Sprinkler,3,13763,6,42,64312
HH0011,Uttar Pradesh,Soybean,Kharif,8.64,4,0.712,1,Canal,3,159241,5,6,374803
HH0012,Gujarat,Soybean,Kharif,2.19,3,0.627,0,None,3,46409,5,43,109684
HH0013,West Bengal,Groundnut,Kharif,0.82,1,0.0,1,Sprinkler,3,14416,3,42,97779
HH0014,Maharashtra,Wheat,Kharif,0.8,3,0.692,1,Drip,1,12137,6,1,44864
HH0015,Maharashtra,Maize,Rabi,1.25,2,0.525,1,Tubewell,1,21853,2,16,70554
HH0016,Maharashtra,Sugarcane,Kharif,1.1,1,0.025,0,None,3,13372,5,37,119096
HH0017,Madhya Pradesh,Cotton,Rabi,3.49,4,0.759,1,Tubewell,3,104505,4,9,247247
HH0018,Andhra Pradesh,Rice,Kharif,1.58,2,0.436,0,None,2,36178,6,17,76825
HH0019,Karnataka,Wheat,Kharif,0.72,2,0.469,0,None,1,11569,5,36,49010
HH0020,Madhya Pradesh,Wheat,Kharif,6.73,1,0.005,0,None,2,79216,6,34,250894
HH0021,Tamil Nadu,Groundnut,Kharif,1.41,2,0.504,1,Tubewell,2,24785,3,31,83671
HH0022,Uttar Pradesh,Pulses,Kharif,2.59,4,0.743,1,Canal,3,76071,5,34,164655
HH0023,Madhya Pradesh,Wheat,Kharif,0.8,2,0.511,1,Tank,1,11930,5,37,62230
HH0024,Rajasthan,Rice,Rabi,1.84,5,0.8,1,Tubewell,1,61114,2,34,82436
HH0025,Karnataka,Millets,Kharif,1.76,5,0.804,1,Tank,3,43075,4,37,112935
HH0026,Bihar,Soybean,Kharif,0.27,1,0.0,1,Sprinkler,1,4973,3,1,16363
HH0027,Maharashtra,Pulses,Kharif,7.49,1,0.029,1,Canal,3,147163,5,15,285748
HH0028,Andhra Pradesh,Rice,Rabi,4.04,4,0.737,1,Canal,2,109539,4,31,169749
HH0029,Tamil Nadu,Vegetables,Kharif,0.96,2,0.46,0,None,2,12497,4,14,94040
HH0030,Uttar Pradesh,Vegetables,Kharif,0.53,1,0.0,1,Canal,1,15257,3,44,69849
HH0031,Tamil Nadu,Rice,Kharif,1.81,2,0.49,1,Sprinkler,2,45294,5,34,107191
HH0032,Maharashtra,Rice,Rabi,1.45,3,0.697,1,Sprinkler,2,30392,2,1,88766
HH0033,Uttar Pradesh,Wheat,Kharif,1.83,4,0.749,1,Tubewell,3,54329,6,35,152328
HH0034,Gujarat,Wheat,Kharif,1.59,1,0.0,1,Canal,2,35991,2,11,80367
HH0035,Gujarat,Millets,Rabi,2.08,1,0.0,1,Canal,1,54092,3,17,54471
HH0036,Bihar,Cotton,Rabi,4.62,5,0.824,1,Sprinkler,3,129606,5,5,280779
HH0037,Madhya Pradesh,Groundnut,Kharif,2.19,4,0.73,0,None,1,25173,7,17,77367
HH0038,Uttar Pradesh,Vegetables,Kharif,0.55,3,0.664,0,None,3,3760,7,18,95608
HH0039,Punjab,Cotton,Zaid,4.3,4,0.794,1,Tank,1,126033,3,25,168946
HH0040,Karnataka,Soybean,Kharif,5.44,2,0.515,0,None,2,59321,4,35,202597
HH0041,Uttar Pradesh,Rice,Kharif,15.0,4,0.701,0,None,1,200000,5,16,398474
HH0042,Andhra Pradesh,Cotton,Kharif,0.52,2,0.447,0,None,2,9865,2,23,51902
HH0043,Uttar Pradesh,Millets,Rabi,1.66,2,0.498,1,Canal,2,36157,5,40,76732
HH0044,West Bengal,Rice,Kharif,0.23,3,0.631,0,None,2,10777,5,21,39625
HH0045,Madhya Pradesh,Cotton,Kharif,2.16,2,0.519,1,Canal,1,37514,5,29,102806
HH0046,Punjab,Vegetables,Kharif,0.85,6,0.834,1,Tubewell,3,19515,7,36,163713
HH0047,Madhya Pradesh,Soybean,Kharif,6.92,2,0.505,1,Canal,3,164819,4,10,273264
HH0048,Andhra Pradesh,Soybean,Zaid,0.7,5,0.779,0,None,2,16380,5,20,52297
HH0049,Andhra Pradesh,Vegetables,Kharif,0.32,5,0.852,1,Sprinkler,2,6881,5,7,89892
HH0050,Maharashtra,Rice,Kharif,0.9,2,0.585,1,Tubewell,2,12849,5,30,92618
HH0051,Gujarat,Vegetables,Kharif,0.25,4,0.742,0,None,1,5611,5,29,53289
HH0052,Bihar,Pulses,Rabi,2.56,2,0.511,0,None,3,46839,7,1,119409
HH0053,Gujarat,Rice,Kharif,0.23,5,0.803,0,None,2,5855,6,21,67088
HH0054,West Bengal,Maize,Rabi,1.38,2,0.492,0,None,2,25522,5,7,54764
HH0055,Tamil Nadu,Cotton,Kharif,0.23,3,0.642,0,None,2,3000,5,44,68518
HH0056,Gujarat,Rice,Rabi,1.03,2,0.467,0,None,2,14502,5,4,61553
HH0057,Uttar Pradesh,Cotton,Kharif,5.46,2,0.466,1,Tubewell,3,72179,6,39,366087
HH0058,Maharashtra,Soybean,Kharif,1.83,1,0.012,1,Tubewell,2,37591,4,15,79598
HH0059,Uttar Pradesh,Pulses,Rabi,0.65,2,0.484,1,Tubewell,3,21747,5,34,88513
HH0060,Madhya Pradesh,Soybean,Kharif,1.31,4,0.673,1,Canal,2,34992,5,2,81278
HH0061,Rajasthan,Vegetables,Rabi,1.37,3,0.68,1,Drip,1,42842,5,37,110774
HH0062,Madhya Pradesh,Rice,Kharif,2.02,3,0.666,1,Drip,2,51777,4,3,105453
HH0063,Bihar,Wheat,Zaid,0.42,2,0.54,0,None,3,12871,5,4,38786
HH0064,Rajasthan,Millets,Kharif,2.23,2,0.511,0,None,2,27151,5,43,99315
HH0065,Madhya Pradesh,Pulses,Kharif,0.14,1,0.0,1,Tubewell,2,3000,4,36,40523
HH0066,Andhra Pradesh,Wheat,Kharif,0.79,4,0.683,1,Tubewell,2,21363,5,27,81810
HH0067,Maharashtra,Soybean,Kharif,0.89,6,0.811,0,None,2,17979,5,4,46686
HH0068,Bihar,Cotton,Kharif,2.31,2,0.481,0,None,3,28364,7,36,180494
HH0069,Uttar Pradesh,Sugarcane,Kharif,1.38,1,0.028,1,Canal,1,29966,3,19,98450
HH0070,Gujarat,Vegetables,Rabi,0.41,1,0.0,0,None,2,4614,2,34,59820
HH0071,Bihar,Groundnut,Rabi,0.58,3,0.701,0,None,2,7248,3,16,44558
HH0072,Maharashtra,Wheat,Kharif,1.6,3,0.627,1,Canal,2,36215,8,40,111159
HH0073,Uttar Pradesh,Wheat,Rabi,1.26,4,0.779,1,Tubewell,3,19503,6,22,139363
HH0074,Bihar,Wheat,Kharif,0.83,2,0.522,1,Tubewell,1,17607,5,32,61789
HH0075,Haryana,Vegetables,Rabi,0.9,4,0.689,1,Tubewell,1,19004,3,2,59279
HH0076,Haryana,Sugarcane,Kharif,2.44,3,0.707,1,Sprinkler,3,64841,4,17,218297
HH0077,Bihar,Millets,Kharif,0.87,2,0.503,1,Tubewell,2,9253,6,23,77940
HH0078,Uttar Pradesh,Vegetables,Rabi,1.25,3,0.679,0,None,3,23221,7,44,159554
HH0079,Rajasthan,Wheat,Kharif,8.54,1,0.0,0,None,3,93578,4,12,381839
HH0080,Uttar Pradesh,Vegetables,Rabi,0.4,2,0.538,1,Tubewell,2,15781,8,13,76401
HH0081,West Bengal,Sugarcane,Rabi,0.28,4,0.714,0,None,1,3974,3,10,23632
HH0082,Tamil Nadu,Wheat,Rabi,2.63,2,0.525,0,None,1,40365,4,4,83906
HH0083,Rajasthan,Cotton,Rabi,0.76,4,0.775,0,None,1,10073,6,7,48727
HH0084,Uttar Pradesh,Millets,Kharif,1.03,3,0.638,1,Canal,2,23932,5,2,46382
HH0085,Madhya Pradesh,Sugarcane,Rabi,0.69,1,0.06,0,None,3,8571,6,15,70115
HH0086,Madhya Pradesh,Groundnut,Kharif,1.08,3,0.674,1,Sprinkler,3,30472,7,36,105909
HH0087,Haryana,Sugarcane,Rabi,5.25,3,0.687,1,Tubewell,1,95262,5,9,232886
HH0088,Punjab,Cotton,Kharif,2.67,2,0.454,0,None,3,55008,4,24,192267
HH0089,West Bengal,Vegetables,Kharif,2.81,1,0.064,1,Canal,1,54224,5,6,120991
HH0090,Karnataka,Vegetables,Rabi,0.41,2,0.463,1,Tubewell,2,8652,5,7,78045
HH0091,Uttar Pradesh,Rice,Rabi,0.51,1,0.031,0,None,1,8374,6,16,42202
HH0092,Haryana,Wheat,Zaid,0.12,1,0.0,1,Tubewell,1,3000,5,17,15000
HH0093,Bihar,Sugarcane,Kharif,0.68,2,0.481,1,Sprinkler,3,17865,6,30,135023
HH0094,Tamil Nadu,Wheat,Kharif,3.04,2,0.524,1,Tank,2,72058,7,8,146101
HH0095,Bihar,Vegetables,Zaid,2.09,5,0.831,0,None,2,44184,6,3,132003
HH0096,Andhra Pradesh,Rice,Kharif,1.12,2,0.462,1,Tubewell,2,18748,6,25,72675
HH0097,Andhra Pradesh,Vegetables,Rabi,1.32,4,0.783,1,Drip,1,22717,5,29,121573
HH0098,Karnataka,Maize,Rabi,0.75,3,0.698,1,Canal,3,14127,5,21,103181
HH0099,Uttar Pradesh,Wheat,Rabi,1.61,3,0.639,0,None,3,34278,8,6,106874
HH0100,Uttar Pradesh,Cotton,Rabi,2.59,2,0.548,1,Tubewell,1,62767,5,23,109400
HH0101,Uttar Pradesh,Wheat,Rabi,0.34,5,0.756,1,Drip,2,3000,6,11,86649
HH0102,Punjab,Wheat,Kharif,1.74,3,0.648,0,None,2,13954,5,6,97562
HH0103,Madhya Pradesh,Groundnut,Zaid,2.98,4,0.764,0,None,2,50309,5,27,134853
HH0104,Andhra Pradesh,Cotton,Kharif,0.95,2,0.474,1,Tubewell,2,22975,5,27,104564
HH0105,West Bengal,Soybean,Kharif,2.45,1,0.008,0,None,2,37551,6,13,93794
HH0106,Madhya Pradesh,Sugarcane,Rabi,14.77,3,0.674,1,Tubewell,3,200000,5,9,600000
HH0107,Karnataka,Rice,Rabi,1.24,1,0.0,0,None,2,15726,4,8,52195
HH0108,Bihar,Sugarcane,Rabi,1.89,2,0.525,0,None,2,20005,4,27,119169
HH0109,Maharashtra,Groundnut,Kharif,0.72,1,0.0,1,Tank,2,18365,5,32,55673
HH0110,Uttar Pradesh,Wheat,Rabi,1.57,3,0.674,0,None,2,35331,4,29,104452
HH0111,Madhya Pradesh,Soybean,Rabi,2.0,6,0.867,1,Canal,2,77614,4,33,95185
HH0112,Maharashtra,Wheat,Rabi,1.59,2,0.524,1,Canal,2,32357,6,5,93306
HH0113,Gujarat,Rice,Kharif,0.57,4,0.774,1,Drip,2,12501,8,38,72401
HH0114,Bihar,Cotton,Rabi,1.61,3,0.633,1,Sprinkler,2,40625,5,9,122734
HH0115,Punjab,Cotton,Rabi,4.68,2,0.516,1,Sprinkler,1,118067,3,13,169148
HH0116,West Bengal,Groundnut,Zaid,1.98,5,0.774,0,None,2,25672,5,33,104842
HH0117,Bihar,Sugarcane,Kharif,3.06,4,0.712,1,Tubewell,3,87707,5,30,254137
HH0118,Maharashtra,Rice,Kharif,1.1,4,0.748,0,None,3,19096,4,25,99271
HH0119,West Bengal,Soybean,Kharif,2.55,2,0.473,0,None,3,43945,4,6,136366
HH0120,Andhra Pradesh,Sugarcane,Kharif,1.71,3,0.691,1,Sprinkler,2,40750,4,39,145211
HH0121,Bihar,Wheat,Kharif,0.6,2,0.524,1,Drip,1,15798,5,10,46365
HH0122,West Bengal,Vegetables,Rabi,1.77,2,0.443,0,None,2,35835,4,36,120763
HH0123,Madhya Pradesh,Rice,Rabi,0.58,2,0.475,0,None,1,3000,4,19,31241
HH0124,Uttar Pradesh,Pulses,Kharif,0.79,4,0.706,1,Canal,3,12187,6,11,98656
HH0125,Maharashtra,Wheat,Kharif,1.59,4,0.736,0,None,2,20719,6,17,101001
HH0126,Karnataka,Sugarcane,Kharif,1.74,2,0.514,1,Drip,3,44454,3,2,171191
HH0127,Bihar,Pulses,Kharif,0.49,1,0.0,1,Canal,3,6611,4,7,52288
HH0128,West Bengal,Groundnut,Rabi,3.31,4,0.732,0,None,3,58746,5,41,194277
HH0129,Uttar Pradesh,Rice,Kharif,2.2,1,0.039,0,None,3,34428,3,31,116641
HH0130,Andhra Pradesh,Maize,Rabi,0.74,3,0.598,1,Canal,2,17717,5,31,81991
HH0131,Karnataka,Wheat,Kharif,0.37,1,0.037,0,None,2,4076,4,17,51655
HH0132,Maharashtra,Sugarcane,Rabi,1.19,2,0.484,0,None,2,16084,4,15,94708
HH0133,Uttar Pradesh,Groundnut,Rabi,0.92,6,0.831,0,None,1,19232,4,7,45899
HH0134,Rajasthan,Sugarcane,Kharif,1.49,1,0.0,0,None,1,16474,4,30,70044
HH0135,Gujarat,Rice,Rabi,0.99,2,0.546,0,None,1,15853,6,39,61132
HH0136,Madhya Pradesh,Maize,Kharif,0.25,2,0.463,1,Tubewell,3,3000,6,14,71199
HH0137,Andhra Pradesh,Rice,Kharif,0.97,5,0.8,1,Tubewell,1,15344,7,31,60732
HH0138,Haryana,Cotton,Rabi,1.04,4,0.766,1,Tubewell,3,34756,5,9,124141
HH0139,Rajasthan,Sugarcane,Rabi,2.31,2,0.452,1,Canal,1,56166,5,9,134394
HH0140,Gujarat,Soybean,Rabi,0.75,1,0.0,0,None,3,9122,4,2,44847
HH0141,Gujarat,Sugarcane,Kharif,5.62,3,0.663,0,None,2,59187,5,44,316825
HH0142,Madhya Pradesh,Rice,Kharif,0.27,2,0.473,1,Tubewell,2,3000,7,22,61278
HH0143,Andhra Pradesh,Pulses,Kharif,4.11,3,0.643,1,Canal,2,105684,3,16,138086
HH0144,Madhya Pradesh,Soybean,Kharif,1.12,1,0.0,1,Tubewell,3,26386,5,2,75563
HH0145,Madhya Pradesh,Wheat,Kharif,2.8,1,0.019,1,Drip,1,45384,3,15,101159
HH0146,Uttar Pradesh,Millets,Rabi,1.44,3,0.657,1,Sprinkler,3,28336,6,6,99321
HH0147,Tamil Nadu,Pulses,Rabi,3.56,2,0.532,0,None,2,42514,5,23,132513
HH0148,Andhra Pradesh,Rice,Rabi,0.97,4,0.72,1,Sprinkler,1,15011,6,28,63266
HH0149,Uttar Pradesh,Soybean,Rabi,0.53,1,0.0,1,Tubewell,1,13924,3,43,28359
HH0150,Madhya Pradesh,Maize,Kharif,4.52,2,0.558,1,Drip,3,82085,7,17,236871
HH0151,West Bengal,Wheat,Kharif,1.23,6,0.813,1,Tubewell,1,35934,3,36,91411
HH0152,Maharashtra,Wheat,Kharif,1.63,2,0.461,1,Canal,3,43907,4,19,126741
HH0153,Maharashtra,Maize,Kharif,3.86,3,0.615,1,Drip,1,63918,3,5,124999
HH0154,Karnataka,Wheat,Rabi,0.56,1,0.032,1,Tubewell,2,7329,3,23,60169
HH0155,Gujarat,Vegetables,Rabi,2.24,3,0.657,1,Sprinkler,2,33327,4,44,177085
HH0156,Madhya Pradesh,Rice,Rabi,0.82,3,0.659,1,Tubewell,2,15269,5,19,79295
HH0157,Punjab,Pulses,Kharif,1.21,2,0.495,1,Canal,2,28104,6,1,68854
HH0158,Bihar,Vegetables,Zaid,1.44,4,0.78,0,None,3,24598,7,27,162852
HH0159,Maharashtra,Groundnut,Kharif,0.38,3,0.662,1,Sprinkler,3,8195,5,43,98345
HH0160,Haryana,Wheat,Zaid,0.7,2,0.57,1,Tubewell,2,12868,3,25,92914
HH0161,Rajasthan,Groundnut,Rabi,4.26,3,0.671,1,Sprinkler,2,72698,3,6,175723
HH0162,Punjab,Cotton,Kharif,2.87,3,0.699,0,None,2,43196,5,36,163208
HH0163,Punjab,Soybean,Kharif,1.28,1,0.024,1,Drip,3,22311,6,17,105231
HH0164,Andhra Pradesh,Wheat,Zaid,1.66,2,0.499,0,None,3,20774,5,12,122143
HH0165,Uttar Pradesh,Vegetables,Rabi,1.05,2,0.482,1,Tubewell,1,27650,5,25,83461
HH0166,West Bengal,Rice,Kharif,4.28,2,0.51,0,None,2,69354,2,10,160374
HH0167,Madhya Pradesh,Soybean,Rabi,1.14,4,0.765,1,Canal,3,23830,4,39,121900
HH0168,Maharashtra,Vegetables,Rabi,1.64,2,0.483,0,None,1,27380,5,24,87256
HH0169,Uttar Pradesh,Soybean,Kharif,3.58,5,0.805,0,None,3,93972,5,11,157228
HH0170,Tamil Nadu,Wheat,Kharif,0.7,2,0.537,1,Canal,2,13563,2,24,96820
HH0171,Punjab,Wheat,Kharif,5.08,2,0.562,0,None,1,58756,4,3,151939
HH0172,Uttar Pradesh,Sugarcane,Kharif,0.37,4,0.776,1,Canal,2,12821,7,40,110027
HH0173,Andhra Pradesh,Wheat,Kharif,5.39,3,0.723,1,Canal,2,130353,5,20,216379
HH0174,Maharashtra,Rice,Kharif,0.98,3,0.648,1,Tubewell,3,14235,6,23,90964
HH0175,Punjab,Rice,Kharif,1.1,1,0.021,0,None,2,19895,4,5,46560
HH0176,Maharashtra,Groundnut,Kharif,0.27,2,0.54,1,Tank,2,3000,5,36,65165
HH0177,Haryana,Rice,Zaid,0.92,2,0.473,0,None,3,20873,4,13,68121
HH0178,Rajasthan,Pulses,Rabi,0.56,6,0.818,1,Sprinkler,1,8346,4,36,48684
HH0179,Gujarat,Sugarcane,Kharif,0.81,2,0.552,1,Drip,2,24752,4,6,109719
HH0180,Uttar Pradesh,Groundnut,Rabi,1.2,4,0.721,0,None,2,16986,5,2,58668
HH0181,Rajasthan,Rice,Kharif,3.05,3,0.627,0,None,1,44252,4,29,100468
HH0182,Uttar Pradesh,Pulses,Rabi,1.61,2,0.546,0,None,1,33142,4,5,42545
HH0183,Gujarat,Rice,Rabi,1.75,3,0.703,1,Canal,2,27200,5,15,99126
HH0184,West Bengal,Rice,Kharif,0.53,4,0.763,0,None,1,11162,4,8,41130
HH0185,Madhya Pradesh,Rice,Zaid,0.64,4,0.749,1,Tubewell,2,15718,4,34,84132
HH0186,Punjab,Rice,Rabi,6.23,1,0.0,1,Drip,2,160108,6,37,205865
HH0187,Bihar,Sugarcane,Kharif,0.72,2,0.508,1,Canal,2,10673,6,26,99002
HH0188,Andhra Pradesh,Vegetables,Zaid,5.52,2,0.547,1,Sprinkler,2,131231,7,9,285564
HH0189,Andhra Pradesh,Wheat,Rabi,1.1,1,0.007,0,None,2,8143,5,8,57292
HH0190,Madhya Pradesh,Groundnut,Zaid,1.35,3,0.732,1,Tank,1,27318,4,14,68974
HH0191,Uttar Pradesh,Vegetables,Kharif,3.35,4,0.723,1,Tubewell,1,97497,6,25,165732
HH0192,West Bengal,Pulses,Zaid,3.98,2,0.499,1,Drip,2,98296,4,34,156952
HH0193,West Bengal,Rice,Rabi,1.23,3,0.656,0,None,3,12983,5,3,86058
HH0194,Punjab,Rice,Rabi,0.97,3,0.634,0,None,1,13899,4,32,69350
HH0195,Rajasthan,Rice,Kharif,1.29,2,0.495,0,None,2,17358,5,36,76875
HH0196,Rajasthan,Cotton,Kharif,1.8,1,0.013,0,None,3,17028,6,5,116397
HH0197,Haryana,Sugarcane,Kharif,2.88,3,0.683,0,None,3,43314,5,15,230021
HH0198,West Bengal,Sugarcane,Kharif,1.35,4,0.815,1,Canal,3,37044,5,28,182540
HH0199,West Bengal,Wheat,Kharif,2.28,3,0.681,1,Drip,1,44692,8,18,96960
HH0200,Bihar,Soybean,Kharif,5.43,1,0.035,1,Canal,1,96264,2,11,125199
HH0201,Punjab,Wheat,Zaid,1.87,2,0.502,1,Canal,2,50914,4,10,87866
HH0202,Uttar Pradesh,Cotton,Rabi,1.76,1,0.05,0,None,1,16110,7,4,57318
HH0203,Maharashtra,Rice,Rabi,0.37,3,0.739,1,Drip,2,8565,5,20,67454
HH0204,West Bengal,Maize,Rabi,0.14,4,0.766,1,Drip,3,3305,5,5,65391
HH0205,Tamil Nadu,Soybean,Rabi,1.88,1,0.0,1,Tubewell,2,43514,5,1,73773
HH0206,Uttar Pradesh,Groundnut,Kharif,1.25,4,0.734,1,Tubewell,1,35817,4,13,61052
HH0207,Uttar Pradesh,Pulses,Rabi,0.87,3,0.675,0,None,1,12549,3,22,50417
HH0208,Punjab,Groundnut,Rabi,1.66,3,0.681,1,Drip,3,23704,4,13,139499
HH0209,Uttar Pradesh,Wheat,Kharif,1.28,6,0.854,0,None,2,22806,4,15,77915
HH0210,Maharashtra,Wheat,Kharif,3.52,1,0.014,0,None,3,63199,5,9,159922
HH0211,Andhra Pradesh,Pulses,Kharif,1.45,5,0.8,0,None,3,21749,4,3,83518
HH0212,Haryana,Vegetables,Rabi,0.72,1,0.0,1,Drip,3,6529,5,2,93817
HH0213,Punjab,Vegetables,Kharif,3.13,2,0.512,0,None,3,60293,4,12,225089
HH0214,Maharashtra,Groundnut,Rabi,1.12,4,0.806,1,Tank,2,24492,4,24,99352
HH0215,Haryana,Wheat,Kharif,2.11,5,0.831,0,None,3,41285,4,18,140760
HH0216,Maharashtra,Vegetables,Rabi,0.9,3,0.683,1,Tank,2,28600,5,36,107342
HH0217,Madhya Pradesh,Rice,Zaid,0.78,3,0.698,1,Sprinkler,1,24101,4,25,56878
HH0218,Bihar,Cotton,Rabi,1.45,3,0.656,0,None,1,37784,5,15,65116
HH0219,Punjab,Cotton,Rabi,1.36,4,0.735,0,None,2,29254,4,1,86355
HH0220,West Bengal,Maize,Kharif,2.03,1,0.0,1,Drip,1,39859,4,8,70123
HH0221,Punjab,Sugarcane,Rabi,1.07,4,0.746,0,None,1,27727,6,37,87776
HH0222,Tamil Nadu,Sugarcane,Rabi,0.28,2,0.487,1,Tubewell,2,3000,4,7,94895
HH0223,Uttar Pradesh,Maize,Rabi,0.93,2,0.536,1,Canal,3,22865,8,35,95211
HH0224,Rajasthan,Cotton,Rabi,2.65,2,0.486,0,None,2,49398,8,38,159212
HH0225,Madhya Pradesh,Wheat,Kharif,1.05,3,0.643,0,None,2,15578,5,16,68823
HH0226,Madhya Pradesh,Soybean,Rabi,1.09,5,0.858,1,Canal,1,14790,5,17,61680
HH0227,Gujarat,Vegetables,Kharif,3.12,3,0.653,0,None,1,48674,6,38,165208
HH0228,Rajasthan,Sugarcane,Kharif,0.74,5,0.805,0,None,2,17628,6,30,105675
HH0229,West Bengal,Soybean,Rabi,0.36,1,0.014,0,None,3,9127,6,37,45400
HH0230,Punjab,Maize,Kharif,1.18,3,0.633,0,None,2,19690,3,18,60669
HH0231,Bihar,Rice,Rabi,0.89,4,0.787,0,None,2,18682,2,36,57436
HH0232,Andhra Pradesh,Cotton,Rabi,0.59,3,0.686,1,Sprinkler,3,9258,4,12,124268
HH0233,Tamil Nadu,Rice,Rabi,1.16,3,0.714,1,Sprinkler,1,20657,4,28,55134
HH0234,Andhra Pradesh,Soybean,Zaid,2.05,3,0.647,1,Tubewell,2,31998,4,11,106361
HH0235,Maharashtra,Sugarcane,Rabi,1.34,4,0.753,0,None,3,24928,5,43,153270
HH0236,Haryana,Rice,Zaid,1.75,4,0.751,0,None,2,37076,5,6,93366
HH0237,Madhya Pradesh,Maize,Rabi,6.31,1,0.008,1,Tubewell,1,143697,6,26,165928
HH0238,Uttar Pradesh,Pulses,Rabi,1.01,4,0.706,1,Canal,1,18989,4,16,42962
HH0239,Punjab,Cotton,Kharif,1.71,2,0.503,0,None,2,15029,3,38,121553
HH0240,Maharashtra,Millets,Rabi,0.88,2,0.457,0,None,2,10612,5,9,47040
HH0241,Gujarat,Millets,Rabi,0.66,4,0.761,1,Tubewell,3,21490,5,18,76034
HH0242,Gujarat,Vegetables,Rabi,0.82,2,0.436,1,Tubewell,1,22079,5,33,73057
HH0243,Gujarat,Vegetables,Rabi,0.9,4,0.694,0,None,1,21796,4,19,74342
HH0244,Rajasthan,Cotton,Rabi,1.83,2,0.525,1,Tubewell,2,21938,6,9,128448
HH0245,Uttar Pradesh,Cotton,Kharif,9.94,1,0.0,1,Tank,3,200000,5,44,557520
HH0246,Gujarat,Millets,Rabi,0.73,2,0.47,1,Canal,3,14753,5,42,80780
HH0247,Karnataka,Cotton,Rabi,0.95,1,0.038,1,Tubewell,3,12173,2,9,111754
HH0248,Gujarat,Rice,Kharif,1.28,4,0.76,0,None,2,26206,6,44,92170
HH0249,Gujarat,Rice,Zaid,1.89,2,0.526,1,Tubewell,3,49260,4,5,119010
HH0250,West Bengal,Groundnut,Rabi,1.69,2,0.495,1,Tank,3,36914,3,23,114301
HH0251,Madhya Pradesh,Cotton,Kharif,4.02,1,0.08,1,Sprinkler,2,82515,6,42,203870
HH0252,Rajasthan,Wheat,Kharif,0.17,2,0.482,1,Tubewell,3,7049,5,34,73017
HH0253,West Bengal,Vegetables,Rabi,0.18,4,0.802,1,Tank,3,6004,2,38,129433
HH0254,Madhya Pradesh,Sugarcane,Kharif,0.89,1,0.0,0,None,3,4863,6,22,90634
HH0255,Maharashtra,Maize,Kharif,3.43,3,0.617,0,None,3,59365,5,5,170216
HH0256,Andhra Pradesh,Rice,Kharif,0.36,5,0.814,1,Tubewell,3,10577,6,1,83952
HH0257,Gujarat,Wheat,Rabi,0.1,3,0.676,0,None,3,3000,6,26,57716
HH0258,Haryana,Rice,Rabi,2.19,4,0.718,0,None,2,30126,3,18,106009
HH0259,Tamil Nadu,Sugarcane,Kharif,1.66,1,0.0,0,None,3,19026,5,26,127062
HH0260,Uttar Pradesh,Vegetables,Rabi,0.53,2,0.499,1,Canal,1,14307,4,15,61631
HH0261,Tamil Nadu,Groundnut,Zaid,0.58,4,0.76,0,None,3,5662,5,2,68309
HH0262,Gujarat,Wheat,Rabi,0.59,3,0.593,1,Tubewell,3,6313,3,15,92707
HH0263,Maharashtra,Vegetables,Kharif,1.48,3,0.699,0,None,3,35351,5,11,130331
HH0264,Andhra Pradesh,Rice,Rabi,0.79,3,0.652,0,None,3,18539,6,20,84985
HH0265,West Bengal,Rice,Kharif,2.05,2,0.46,0,None,2,36032,8,42,93593
HH0266,Bihar,Vegetables,Rabi,0.12,1,0.028,0,None,2,3000,4,17,33858
HH0267,Haryana,Wheat,Kharif,0.65,4,0.749,1,Canal,1,13575,3,5,63331
HH0268,Haryana,Groundnut,Rabi,0.52,3,0.703,1,Tubewell,1,13370,4,33,60580
HH0269,Rajasthan,Rice,Kharif,1.09,2,0.513,1,Tank,2,21848,2,44,83030
HH0270,Madhya Pradesh,Rice,Rabi,0.85,4,0.75,0,None,2,18757,4,25,65334
HH0271,Bihar,Maize,Kharif,2.66,2,0.495,1,Sprinkler,1,65049,7,7,88773
HH0272,Bihar,Wheat,Rabi,0.28,2,0.514,0,None,1,3894,4,34,33339
HH0273,West Bengal,Rice,Rabi,1.4,4,0.738,0,None,2,17005,5,15,73992
HH0274,Gujarat,Sugarcane,Kharif,2.17,4,0.724,1,Canal,3,41916,5,13,206240
HH0275,Andhra Pradesh,Wheat,Rabi,6.54,3,0.685,1,Tubewell,2,194462,4,32,240297
HH0276,Andhra Pradesh,Vegetables,Kharif,0.9,1,0.0,0,None,1,5432,4,39,54978
HH0277,Bihar,Vegetables,Rabi,1.78,2,0.501,0,None,3,33316,7,14,142043
HH0278,Punjab,Maize,Kharif,0.29,3,0.7,1,Canal,2,9548,4,20,43040
HH0279,Haryana,Wheat,Rabi,0.18,2,0.497,0,None,2,3000,5,16,51863
HH0280,Bihar,Sugarcane,Kharif,2.77,4,0.75,1,Tubewell,1,50038,3,30,156652
HH0281,West Bengal,Groundnut,Kharif,1.34,5,0.782,1,Canal,3,24267,5,41,142776
HH0282,Rajasthan,Rice,Kharif,3.68,4,0.763,1,Tubewell,1,85234,4,19,130280
HH0283,Rajasthan,Wheat,Rabi,0.42,2,0.51,0,None,3,4608,4,22,93051
HH0284,Uttar Pradesh,Vegetables,Rabi,2.1,4,0.777,1,Drip,2,34531,3,37,181657
HH0285,Tamil Nadu,Cotton,Zaid,6.61,2,0.483,0,None,1,71540,2,10,243150
HH0286,Uttar Pradesh,Soybean,Rabi,1.93,1,0.0,0,None,1,28225,8,8,38426
HH0287,Karnataka,Rice,Rabi,1.71,1,0.024,1,Drip,2,25792,4,29,78520
HH0288,Andhra Pradesh,Vegetables,Rabi,1.36,2,0.508,0,None,3,14859,6,14,110872
HH0289,Madhya Pradesh,Rice,Kharif,0.36,5,0.773,0,None,1,9409,7,11,30462
HH0290,Tamil Nadu,Vegetables,Zaid,4.27,2,0.539,1,Canal,3,64920,4,30,315361
HH0291,Uttar Pradesh,Rice,Kharif,0.8,2,0.449,1,Tubewell,2,13888,6,33,75006
HH0292,Uttar Pradesh,Pulses,Rabi,2.07,5,0.824,0,None,2,27742,6,42,114259
HH0293,Bihar,Cotton,Rabi,0.36,1,0.0,0,None,1,3000,5,34,36193
HH0294,Rajasthan,Soybean,Kharif,0.5,4,0.807,0,None,3,4160,6,39,80155
HH0295,Uttar Pradesh,Vegetables,Kharif,4.57,2,0.454,0,None,2,100939,3,37,235729
HH0296,Andhra Pradesh,Rice,Kharif,1.0,1,0.035,1,Tubewell,1,14699,4,42,53703
HH0297,Bihar,Wheat,Zaid,4.64,5,0.798,1,Canal,2,156168,3,37,181367
HH0298,Maharashtra,Pulses,Zaid,1.26,1,0.0,1,Tubewell,1,32677,7,5,29694
HH0299,Tamil Nadu,Cotton,Rabi,0.28,3,0.673,0,None,2,4933,3,41,73178
HH0300,Uttar Pradesh,Groundnut,Rabi,2.88,2,0.519,0,None,1,63240,8,43,105943
HH0301,Uttar Pradesh,Rice,Kharif,0.82,1,0.0,0,None,3,15107,3,5,62431
HH0302,Andhra Pradesh,Soybean,Kharif,2.44,1,0.0,0,None,2,29289,5,17,90682
HH0303,Andhra Pradesh,Rice,Kharif,1.38,1,0.019,0,None,3,16255,5,19,91084
HH0304,Punjab,Groundnut,Kharif,0.36,1,0.0,0,None,2,6235,7,26,36509
HH0305,Haryana,Wheat,Kharif,1.55,4,0.732,0,None,2,24151,4,2,83406
HH0306,Gujarat,Sugarcane,Kharif,8.73,2,0.591,1,Tubewell,3,181836,4,14,554611
HH0307,Andhra Pradesh,Rice,Rabi,2.05,2,0.471,1,Tubewell,2,24521,6,28,108506
HH0308,Madhya Pradesh,Soybean,Kharif,1.29,2,0.534,1,Tank,2,20937,8,4,75884
HH0309,Bihar,Wheat,Kharif,3.37,5,0.782,0,None,1,50864,2,3,103813
HH0310,Madhya Pradesh,Cotton,Rabi,1.61,5,0.815,1,Tubewell,3,49542,5,15,148618
HH0311,Karnataka,Soybean,Kharif,1.61,3,0.687,1,Drip,1,51939,4,22,70205
HH0312,Uttar Pradesh,Rice,Kharif,0.53,4,0.784,0,None,3,11100,6,42,89315
HH0313,Uttar Pradesh,Vegetables,Kharif,1.65,2,0.494,1,Canal,2,33986,6,19,114108
HH0314,Gujarat,Groundnut,Rabi,3.25,2,0.56,1,Tank,1,53554,6,34,119965
HH0315,West Bengal,Maize,Rabi,0.66,3,0.649,1,Canal,1,19863,5,10,43728
HH0316,Haryana,Rice,Rabi,4.53,3,0.674,0,None,3,54170,3,34,230376
HH0317,Rajasthan,Soybean,Kharif,1.25,2,0.507,1,Canal,3,27596,5,16,90769
HH0318,Maharashtra,Rice,Kharif,0.63,2,0.466,1,Canal,2,14265,6,37,75105
HH0319,Maharashtra,Vegetables,Kharif,3.15,6,0.824,0,None,2,51858,7,36,196756
HH0320,Madhya Pradesh,Wheat,Kharif,1.06,4,0.755,1,Tubewell,1,28315,5,22,64831
HH0321,Andhra Pradesh,Rice,Rabi,2.57,2,0.487,1,Tubewell,2,73574,4,32,127110
HH0322,Haryana,Rice,Rabi,1.05,3,0.74,0,None,2,16661,3,44,86446
HH0323,Punjab,Millets,Kharif,1.28,2,0.475,1,Tank,3,14196,6,17,81294
HH0324,Madhya Pradesh,Vegetables,Rabi,2.05,1,0.035,1,Sprinkler,2,48364,5,9,132671
HH0325,Gujarat,Wheat,Kharif,1.73,2,0.526,0,None,3,22658,5,33,117797
HH0326,Haryana,Millets,Kharif,0.25,2,0.5,0,None,1,3024,3,33,25074
HH0327,Andhra Pradesh,Rice,Kharif,0.52,1,0.0,1,Tubewell,1,6523,2,2,46739
HH0328,Tamil Nadu,Groundnut,Zaid,2.97,4,0.727,1,Tubewell,3,72581,8,14,173135
HH0329,Karnataka,Soybean,Kharif,1.21,2,0.484,0,None,2,21748,6,37,78771
HH0330,Madhya Pradesh,Vegetables,Rabi,0.86,3,0.613,0,None,2,12339,4,33,89109
HH0331,Rajasthan,Cotton,Kharif,0.43,1,0.0,1,Tubewell,3,9181,5,1,79400
HH0332,Bihar,Cotton,Kharif,0.54,1,0.0,1,Sprinkler,2,8737,7,22,68480
HH0333,Uttar Pradesh,Soybean,Kharif,0.24,4,0.79,0,None,1,3852,4,30,33330
HH0334,Uttar Pradesh,Cotton,Kharif,1.24,3,0.686,1,Drip,2,35962,6,27,115752
HH0335,Uttar Pradesh,Rice,Rabi,0.81,5,0.824,0,None,1,18895,2,33,41307
HH0336,Uttar Pradesh,Groundnut,Rabi,0.59,6,0.851,0,None,1,15997,6,16,35390
HH0337,West Bengal,Soybean,Kharif,1.27,2,0.505,1,Tubewell,1,31765,5,10,61123
HH0338,Haryana,Cotton,Rabi,1.84,2,0.544,0,None,2,24966,5,27,125157
HH0339,Karnataka,Wheat,Kharif,8.0,4,0.732,1,Drip,1,200000,6,37,215870
HH0340,Uttar Pradesh,Wheat,Rabi,0.37,6,0.836,0,None,3,10490,3,2,75125
HH0341,Andhra Pradesh,Groundnut,Rabi,3.62,3,0.689,1,Drip,2,51401,4,30,187022
HH0342,Karnataka,Groundnut,Kharif,3.09,4,0.71,0,None,2,57966,4,43,130172
HH0343,Maharashtra,Vegetables,Rabi,0.7,4,0.843,0,None,2,16502,5,19,78196
HH0344,Karnataka,Groundnut,Kharif,1.6,2,0.501,1,Canal,3,28835,3,19,125719
HH0345,Rajasthan,Groundnut,Kharif,0.91,3,0.671,1,Canal,2,27971,4,35,93683
HH0346,Tamil Nadu,Wheat,Rabi,1.58,4,0.788,1,Drip,1,23133,4,11,87695
HH0347,Punjab,Rice,Kharif,4.87,3,0.694,1,Sprinkler,1,114885,5,32,144115
HH0348,Uttar Pradesh,Groundnut,Kharif,2.26,1,0.001,1,Tubewell,3,35404,7,16,125070
HH0349,Rajasthan,Rice,Kharif,2.08,2,0.504,1,Tank,1,39933,3,17,67560
HH0350,Tamil Nadu,Millets,Rabi,0.94,1,0.0,1,Canal,1,22114,4,29,42148
HH0351,Andhra Pradesh,Pulses,Kharif,0.38,2,0.483,1,Tubewell,2,7130,5,20,70017
HH0352,West Bengal,Maize,Kharif,1.13,5,0.816,1,Tubewell,1,23740,5,36,70361
HH0353,Punjab,Cotton,Kharif,3.76,1,0.013,1,Tank,3,94602,6,24,237739
HH0354,Maharashtra,Maize,Kharif,0.37,2,0.537,0,None,3,4128,4,43,70325
HH0355,Uttar Pradesh,Groundnut,Rabi,0.55,2,0.496,1,Tubewell,2,13343,5,4,45864
HH0356,Punjab,Groundnut,Kharif,1.5,3,0.625,0,None,3,15984,4,5,113433
HH0357,Uttar Pradesh,Rice,Rabi,0.58,3,0.699,0,None,2,8220,4,19,48551
HH0358,Tamil Nadu,Vegetables,Rabi,0.69,2,0.543,0,None,3,12275,6,24,93396
HH0359,Gujarat,Soybean,Kharif,0.94,1,0.027,1,Tubewell,2,25122,6,1,55657
HH0360,Tamil Nadu,Rice,Kharif,0.42,2,0.495,1,Canal,1,7264,4,35,46515
HH0361,Rajasthan,Wheat,Rabi,0.59,3,0.698,1,Tubewell,3,17443,5,2,77503
HH0362,Punjab,Sugarcane,Rabi,2.45,2,0.603,0,None,3,27977,4,10,205047
HH0363,Karnataka,Wheat,Rabi,0.44,5,0.803,0,None,3,7078,6,6,67987
HH0364,Andhra Pradesh,Rice,Zaid,0.35,2,0.461,1,Sprinkler,3,6368,4,40,96824
HH0365,Gujarat,Rice,Rabi,0.79,1,0.0,0,None,2,11965,4,38,47762
HH0366,Rajasthan,Pulses,Zaid,2.51,3,0.686,0,None,1,27610,7,20,77240
HH0367,Gujarat,Rice,Rabi,1.14,2,0.452,0,None,1,15739,5,19,50657
HH0368,West Bengal,Cotton,Kharif,0.91,3,0.672,1,Tubewell,1,19317,5,36,86814
HH0369,Maharashtra,Wheat,Rabi,1.4,2,0.511,0,None,1,28178,6,29,54286
HH0370,Uttar Pradesh,Groundnut,Kharif,0.31,3,0.713,0,None,2,3000,5,41,50536
HH0371,Uttar Pradesh,Groundnut,Kharif,2.06,4,0.789,1,Sprinkler,2,54700,5,24,121270
HH0372,Uttar Pradesh,Vegetables,Kharif,1.87,5,0.826,0,None,2,27370,4,9,131302
HH0373,Uttar Pradesh,Maize,Kharif,0.95,2,0.435,1,Tank,2,18118,7,32,79875
HH0374,Punjab,Maize,Kharif,3.17,2,0.528,0,None,2,58308,3,40,111026
HH0375,Uttar Pradesh,Cotton,Kharif,0.52,2,0.521,0,None,2,5611,7,5,56012
HH0376,Madhya Pradesh,Soybean,Kharif,3.52,5,0.808,1,Canal,3,112476,6,21,179746
HH0377,West Bengal,Rice,Kharif,1.54,5,0.748,1,Drip,2,41244,5,17,93712
HH0378,Uttar Pradesh,Soybean,Rabi,1.01,1,0.0,1,Canal,1,19494,4,24,52437
HH0379,Bihar,Rice,Kharif,1.33,1,0.0,1,Canal,2,25148,3,27,74015
HH0380,Madhya Pradesh,Vegetables,Rabi,1.23,2,0.44,0,None,3,25097,5,18,120802
HH0381,Uttar Pradesh,Sugarcane,Rabi,3.81,1,0.0,0,None,2,35946,6,22,194038
HH0382,Haryana,Maize,Rabi,0.54,2,0.476,0,None,3,6119,6,6,62627
HH0383,Tamil Nadu,Maize,Kharif,0.71,1,0.079,1,Tubewell,1,24203,5,28,34182
HH0384,West Bengal,Vegetables,Rabi,3.26,3,0.662,1,Drip,2,50206,8,42,229022
HH0385,Haryana,Sugarcane,Kharif,0.81,5,0.839,1,Tubewell,1,10694,8,20,101175
HH0386,Bihar,Cotton,Rabi,2.9,6,0.786,0,None,3,49800,4,16,210356
HH0387,Madhya Pradesh,Wheat,Kharif,5.72,2,0.484,1,Canal,2,116789,4,19,229418
HH0388,Maharashtra,Rice,Rabi,0.96,3,0.67,1,Tank,1,19640,5,8,64628
HH0389,Bihar,Wheat,Rabi,2.41,4,0.723,1,Drip,2,59332,6,18,139609
HH0390,Bihar,Rice,Rabi,0.51,1,0.0,1,Canal,2,10455,5,37,60462
HH0391,Gujarat,Vegetables,Rabi,2.56,3,0.66,1,Tubewell,3,64067,4,31,236655
HH0392,Karnataka,Groundnut,Kharif,1.6,2,0.493,0,None,2,36065,6,38,74346
HH0393,Rajasthan,Wheat,Rabi,2.02,2,0.556,0,None,1,29049,5,2,64152
HH0394,Bihar,Rice,Kharif,0.78,2,0.511,0,None,2,9554,8,32,74250
HH0395,Rajasthan,Sugarcane,Kharif,0.33,1,0.014,0,None,2,7870,5,15,35322
HH0396,Gujarat,Cotton,Kharif,2.07,3,0.683,0,None,2,23277,8,11,121595
HH0397,West Bengal,Vegetables,Kharif,0.23,2,0.518,0,None,2,3546,4,5,42496
HH0398,Karnataka,Cotton,Kharif,1.03,2,0.498,0,None,2,12333,6,42,87261
HH0399,Bihar,Vegetables,Rabi,3.0,1,0.0,1,Canal,3,64208,4,29,224281
HH0400,Bihar,Rice,Rabi,1.59,4,0.755,1,Tubewell,1,42930,6,20,65293
HH0401,Uttar Pradesh,Cotton,Kharif,7.07,2,0.535,1,Tubewell,3,133287,7,20,412986
HH0402,West Bengal,Pulses,Kharif,3.23,3,0.701,0,None,3,44207,5,18,157109
HH0403,Andhra Pradesh,Rice,Rabi,0.77,3,0.66,0,None,2,8443,6,12,70364
HH0404,Bihar,Cotton,Rabi,1.38,2,0.523,0,None,1,16977,7,17,70856
HH0405,Madhya Pradesh,Wheat,Kharif,1.3,1,0.0,1,Tubewell,3,11939,4,4,87153
HH0406,West Bengal,Maize,Rabi,0.35,3,0.668,1,Canal,3,8868,5,19,87961
HH0407,Rajasthan,Wheat,Rabi,0.61,1,0.0,0,None,1,12786,7,23,33398
HH0408,Uttar Pradesh,Vegetables,Kharif,0.84,1,0.0,1,Drip,2,13075,5,27,83896
HH0409,West Bengal,Pulses,Kharif,0.24,3,0.707,0,None,2,3000,6,42,55346
HH0410,Uttar Pradesh,Vegetables,Zaid,1.41,2,0.503,1,Tubewell,1,29458,5,14,91087
HH0411,Madhya Pradesh,Cotton,Kharif,1.09,2,0.504,0,None,3,18858,6,4,109076
HH0412,Gujarat,Millets,Rabi,0.33,2,0.457,0,None,2,8226,2,4,46237
HH0413,Gujarat,Groundnut,Rabi,1.9,2,0.491,1,Tubewell,3,47082,4,24,137286
HH0414,Tamil Nadu,Cotton,Kharif,2.48,3,0.66,1,Canal,2,45265,6,23,170686
HH0415,Punjab,Rice,Kharif,1.64,3,0.642,1,Tubewell,2,28170,4,36,123197
HH0416,Karnataka,Soybean,Rabi,1.02,3,0.668,1,Canal,2,23731,4,11,82998
HH0417,Madhya Pradesh,Groundnut,Rabi,2.23,3,0.654,0,None,2,30790,7,33,114803
HH0418,Madhya Pradesh,Rice,Kharif,2.41,2,0.502,0,None,3,21876,5,38,150521
HH0419,Punjab,Maize,Rabi,1.75,2,0.504,1,Tubewell,2,34213,4,5,81090
HH0420,Bihar,Millets,Rabi,0.67,2,0.471,1,Tubewell,3,11096,5,27,76794
HH0421,Bihar,Wheat,Kharif,1.71,2,0.488,1,Canal,3,25678,5,37,146042
HH0422,Bihar,Wheat,Rabi,3.73,6,0.835,0,None,2,106323,8,27,147090
HH0423,Uttar Pradesh,Pulses,Kharif,0.81,4,0.786,1,Canal,1,13802,6,31,44785
HH0424,Andhra Pradesh,Rice,Kharif,8.03,1,0.008,0,None,3,148590,5,12,317004
HH0425,Uttar Pradesh,Pulses,Rabi,0.86,1,0.0,1,Tubewell,2,15415,5,6,49236
HH0426,Andhra Pradesh,Vegetables,Kharif,1.39,1,0.012,1,Canal,3,33504,7,12,121196
HH0427,Karnataka,Cotton,Kharif,0.76,2,0.551,1,Tubewell,2,12566,5,14,94390
HH0428,West Bengal,Rice,Rabi,1.63,1,0.028,1,Tubewell,1,14627,4,22,78664
HH0429,Rajasthan,Rice,Rabi,0.31,3,0.683,0,None,3,3437,5,11,58221
HH0430,Uttar Pradesh,Cotton,Rabi,0.85,4,0.772,0,None,3,20608,4,40,106700
HH0431,Maharashtra,Groundnut,Rabi,0.53,3,0.71,1,Tubewell,3,6730,8,39,103455
HH0432,Bihar,Sugarcane,Zaid,1.51,2,0.532,0,None,1,25515,6,38,98331
HH0433,Tamil Nadu,Groundnut,Rabi,3.14,2,0.517,1,Tank,3,59220,4,13,184791
HH0434,Uttar Pradesh,Soybean,Kharif,2.34,3,0.699,1,Tubewell,2,61231,4,6,104909
HH0435,Uttar Pradesh,Maize,Rabi,0.18,4,0.718,1,Sprinkler,2,7314,4,20,60603
HH0436,Haryana,Millets,Kharif,7.66,4,0.705,1,Drip,3,115237,5,2,286242
HH0437,Uttar Pradesh,Groundnut,Rabi,1.73,5,0.805,1,Tank,2,33203,5,11,111408
HH0438,Bihar,Pulses,Rabi,0.7,3,0.669,1,Canal,1,14362,4,8,43507
HH0439,Haryana,Wheat,Zaid,1.54,3,0.651,0,None,2,33208,6,30,81994
HH0440,Uttar Pradesh,Groundnut,Zaid,1.57,1,0.025,1,Sprinkler,2,28323,8,27,95380
HH0441,Uttar Pradesh,Maize,Rabi,0.77,3,0.611,1,Tank,3,20821,4,4,84928
HH0442,Gujarat,Pulses,Kharif,1.6,2,0.484,0,None,2,21728,4,7,68821
HH0443,Rajasthan,Sugarcane,Rabi,0.81,2,0.485,1,Tubewell,3,20926,6,24,140449
HH0444,Rajasthan,Wheat,Kharif,0.96,3,0.618,1,Tubewell,3,21268,5,32,116153
HH0445,Bihar,Cotton,Rabi,0.75,2,0.545,1,Tank,1,15016,4,19,61664
HH0446,Gujarat,Wheat,Rabi,0.4,1,0.0,0,None,1,10359,4,42,26350
HH0447,Gujarat,Wheat,Rabi,1.53,1,0.0,1,Tubewell,2,18263,4,35,85883
HH0448,Bihar,Sugarcane,Kharif,2.22,1,0.027,0,None,3,28353,2,42,189743
HH0449,Rajasthan,Pulses,Kharif,2.09,1,0.019,1,Tubewell,2,51391,7,3,68254
HH0450,Uttar Pradesh,Wheat,Rabi,2.71,1,0.0,0,None,3,29554,5,18,158233
HH0451,Bihar,Wheat,Kharif,1.78,2,0.52,1,Sprinkler,2,39046,3,37,107979
HH0452,Andhra Pradesh,Vegetables,Kharif,0.86,2,0.509,0,None,2,18078,3,22,83974
HH0453,Karnataka,Wheat,Kharif,2.76,6,0.903,0,None,1,61788,4,33,114220
HH0454,West Bengal,Millets,Zaid,0.43,2,0.512,0,None,1,6120,5,38,34315
HH0455,Uttar Pradesh,Wheat,Rabi,0.63,1,0.0,0,None,3,6441,6,39,64344
HH0456,Andhra Pradesh,Sugarcane,Rabi,0.59,3,0.641,1,Tubewell,3,14926,4,34,139186
HH0457,Uttar Pradesh,Rice,Kharif,3.38,4,0.728,1,Canal,2,59483,7,23,151669
HH0458,Karnataka,Millets,Kharif,3.01,3,0.642,0,None,2,55933,6,35,89371
HH0459,Uttar Pradesh,Pulses,Kharif,2.04,2,0.541,0,None,2,32105,6,29,93125
HH0460,Uttar Pradesh,Vegetables,Rabi,3.36,3,0.668,0,None,1,48826,4,2,125094
HH0461,Uttar Pradesh,Rice,Rabi,0.64,3,0.684,1,Tubewell,2,8876,4,14,62257
HH0462,Punjab,Millets,Kharif,1.82,3,0.712,0,None,2,40272,5,44,80359
HH0463,Bihar,Pulses,Kharif,1.21,3,0.596,0,None,2,19384,5,8,53895
HH0464,Tamil Nadu,Cotton,Kharif,2.77,4,0.788,0,None,2,49773,4,1,149180
HH0465,Gujarat,Soybean,Rabi,1.22,4,0.752,0,None,3,32650,8,28,104972
HH0466,Rajasthan,Millets,Rabi,0.97,3,0.68,0,None,2,17330,6,3,45711
HH0467,Madhya Pradesh,Cotton,Rabi,2.14,2,0.475,0,None,2,44462,4,7,106799
HH0468,West Bengal,Rice,Rabi,2.84,3,0.644,1,Tubewell,2,39519,7,34,163294
HH0469,Maharashtra,Vegetables,Kharif,0.76,4,0.765,1,Sprinkler,3,28991,5,32,147633
HH0470,Gujarat,Sugarcane,Rabi,1.28,1,0.072,0,None,2,23268,2,9,85373
HH0471,Uttar Pradesh,Millets,Kharif,0.55,6,0.863,1,Tubewell,1,16083,4,35,56482
HH0472,Gujarat,Maize,Kharif,0.16,1,0.038,1,Sprinkler,3,7466,2,19,51621
HH0473,Uttar Pradesh,Rice,Kharif,1.6,2,0.494,1,Tubewell,2,26469,3,15,93873
HH0474,West Bengal,Sugarcane,Kharif,2.26,4,0.732,0,None,1,43059,4,31,111666
HH0475,Andhra Pradesh,Groundnut,Kharif,1.69,2,0.477,1,Tubewell,2,41241,5,16,100066
HH0476,Gujarat,Rice,Rabi,0.26,2,0.485,1,Canal,3,3946,4,37,88476
HH0477,Uttar Pradesh,Cotton,Kharif,1.0,1,0.0,0,None,2,9613,3,7,63462
HH0478,Andhra Pradesh,Rice,Rabi,0.2,2,0.478,1,Tubewell,2,3000,4,35,47826
HH0479,Gujarat,Soybean,Rabi,4.32,1,0.0,1,Sprinkler,1,105974,4,29,117412
HH0480,Andhra Pradesh,Millets,Kharif,0.54,2,0.495,1,Canal,2,9663,4,2,45324
HH0481,Tamil Nadu,Soybean,Kharif,3.92,2,0.504,0,None,1,61064,4,34,96864
HH0482,Haryana,Soybean,Rabi,3.02,6,0.844,0,None,2,42131,5,35,123554
HH0483,Karnataka,Cotton,Rabi,0.63,6,0.833,1,Sprinkler,2,15675,2,31,97978
HH0484,Tamil Nadu,Maize,Kharif,0.52,1,0.0,0,None,2,3000,4,12,26066
HH0485,Tamil Nadu,Maize,Rabi,1.82,3,0.608,1,Tubewell,2,39988,7,1,91406
HH0486,West Bengal,Groundnut,Rabi,0.66,1,0.0,0,None,2,9522,4,29,46794
HH0487,Uttar Pradesh,Vegetables,Zaid,1.47,1,0.0,1,Canal,2,36654,5,1,96212
HH0488,Madhya Pradesh,Soybean,Rabi,0.9,1,0.014,1,Canal,1,11401,3,1,36964
HH0489,Gujarat,Millets,Kharif,0.3,5,0.827,0,None,2,3000,5,15,41449
HH0490,West Bengal,Vegetables,Kharif,0.2,5,0.828,1,Drip,1,3000,7,3,59627
HH0491,Karnataka,Rice,Kharif,1.64,1,0.023,0,None,3,30045,4,14,97136
HH0492,Tamil Nadu,Sugarcane,Kharif,0.84,1,0.0,0,None,3,7519,4,10,76321
HH0493,Madhya Pradesh,Pulses,Rabi,0.84,2,0.484,0,None,3,17980,5,3,57697
HH0494,Maharashtra,Millets,Zaid,2.44,3,0.645,0,None,2,40584,3,20,102131
HH0495,Karnataka,Cotton,Zaid,3.66,3,0.622,0,None,2,45045,7,36,190690
HH0496,Rajasthan,Groundnut,Kharif,1.07,2,0.53,1,Canal,3,18875,5,27,108599
HH0497,Tamil Nadu,Cotton,Kharif,1.01,4,0.745,0,None,2,12560,3,36,89548
HH0498,Uttar Pradesh,Rice,Rabi,2.06,2,0.463,0,None,1,22559,4,11,61081
HH0499,Gujarat,Pulses,Kharif,0.43,5,0.775,0,None,3,3000,4,3,58314
HH0500,Gujarat,Pulses,Kharif,1.63,3,0.641,0,None,1,18215,4,24,71655
HH0501,Haryana,Sugarcane,Rabi,2.16,2,0.501,1,Tubewell,2,47201,5,39,188902
HH0502,Andhra Pradesh,Rice,Rabi,2.41,4,0.782,0,None,2,36064,4,10,109032
HH0503,Madhya Pradesh,Vegetables,Rabi,0.26,4,0.74,1,Drip,3,4720,4,26,121430
HH0504,Bihar,Sugarcane,Kharif,0.71,2,0.432,0,None,3,11052,4,32,110313
HH0505,Punjab,Rice,Rabi,0.64,2,0.494,1,Tubewell,3,13995,6,8,82150
HH0506,Maharashtra,Wheat,Rabi,1.47,5,0.795,0,None,2,26638,4,13,94767
HH0507,Gujarat,Rice,Kharif,2.03,1,0.0,0,None,2,33391,2,3,71690
HH0508,Bihar,Soybean,Rabi,4.82,1,0.0,1,Tubewell,1,102900,4,15,129641
HH0509,Gujarat,Wheat,Kharif,0.89,2,0.507,0,None,2,14840,4,21,59659
HH0510,Haryana,Rice,Rabi,0.88,4,0.752,1,Tubewell,3,17627,7,42,108968
HH0511,Tamil Nadu,Pulses,Rabi,3.59,4,0.749,1,Tank,2,87782,5,29,130936
HH0512,Karnataka,Millets,Kharif,1.74,5,0.812,0,None,1,24250,4,27,47347
HH0513,Gujarat,Rice,Rabi,3.96,3,0.654,1,Tubewell,1,107845,8,30,130516
HH0514,West Bengal,Wheat,Kharif,1.73,1,0.0,1,Canal,2,39280,4,14,98070
HH0515,Uttar Pradesh,Maize,Rabi,0.5,3,0.708,1,Tubewell,1,11987,6,41,50662
HH0516,Uttar Pradesh,Rice,Rabi,0.43,4,0.767,1,Drip,2,13278,5,15,57784
HH0517,Rajasthan,Rice,Rabi,0.36,1,0.025,0,None,2,5417,5,42,33648
HH0518,Bihar,Wheat,Zaid,2.37,1,0.037,1,Drip,2,40884,4,44,127493
HH0519,Gujarat,Millets,Kharif,3.71,1,0.016,1,Tank,1,46131,6,14,88686
HH0520,Maharashtra,Millets,Kharif,6.5,3,0.695,0,None,3,112711,5,25,244302
HH0521,Tamil Nadu,Vegetables,Rabi,2.76,4,0.703,1,Tank,2,83643,4,27,178274
HH0522,Rajasthan,Soybean,Rabi,3.63,3,0.673,0,None,2,74993,4,44,150147
HH0523,Gujarat,Groundnut,Rabi,0.82,6,0.828,1,Tubewell,2,23501,4,2,78105
HH0524,West Bengal,Sugarcane,Kharif,0.51,1,0.05,0,None,2,6504,4,17,40476
HH0525,West Bengal,Maize,Rabi,2.78,5,0.828,0,None,3,65388,3,15,130560
HH0526,Karnataka,Soybean,Rabi,1.93,4,0.731,1,Tubewell,3,53977,3,27,135620
HH0527,Karnataka,Groundnut,Rabi,1.48,2,0.511,0,None,1,22118,5,10,53045
HH0528,Madhya Pradesh,Rice,Rabi,1.88,6,0.838,0,None,1,41146,5,43,87539
HH0529,Uttar Pradesh,Wheat,Kharif,1.78,2,0.514,0,None,2,29114,4,9,89098
HH0530,West Bengal,Millets,Kharif,4.02,4,0.719,1,Drip,1,126798,3,3,77581
HH0531,Bihar,Wheat,Kharif,4.06,4,0.761,1,Tank,3,122855,3,24,233226
HH0532,Gujarat,Wheat,Kharif,2.14,4,0.743,0,None,2,24552,4,1,101011
HH0533,Gujarat,Cotton,Kharif,2.77,3,0.675,0,None,2,31668,5,38,157356
HH0534,Andhra Pradesh,Wheat,Zaid,2.09,1,0.0,0,None,2,42879,4,6,75307
HH0535,Bihar,Rice,Rabi,0.91,3,0.649,1,Tubewell,2,27513,6,5,64527
HH0536,Gujarat,Wheat,Rabi,2.57,2,0.535,0,None,1,36909,4,4,92287
HH0537,West Bengal,Soybean,Zaid,0.41,4,0.718,0,None,3,12226,3,3,44275
HH0538,Madhya Pradesh,Wheat,Kharif,3.31,4,0.721,0,None,1,83012,8,30,109676
HH0539,Karnataka,Soybean,Kharif,0.49,5,0.798,1,Tubewell,3,15345,5,36,93178
HH0540,Uttar Pradesh,Rice,Kharif,1.72,1,0.0,1,Tank,1,39684,4,23,51004
HH0541,Gujarat,Rice,Rabi,0.66,4,0.723,1,Tubewell,3,13858,7,7,94856
HH0542,Tamil Nadu,Vegetables,Kharif,2.16,5,0.803,0,None,1,49667,4,32,119894
HH0543,Maharashtra,Groundnut,Rabi,1.31,4,0.705,1,Tubewell,2,17311,7,43,108004
HH0544,Punjab,Soybean,Kharif,0.35,1,0.0,1,Tank,2,5663,3,10,40458
HH0545,Tamil Nadu,Rice,Kharif,1.93,1,0.062,0,None,1,16076,6,37,84982
HH0546,Rajasthan,Wheat,Kharif,0.83,1,0.014,0,None,2,14830,4,33,61527
HH0547,Uttar Pradesh,Vegetables,Rabi,2.85,3,0.645,0,None,2,48696,7,26,177476
HH0548,Punjab,Rice,Rabi,1.35,3,0.68,1,Sprinkler,2,36554,5,43,84214
HH0549,Andhra Pradesh,Vegetables,Zaid,1.89,6,0.85,1,Canal,2,58629,4,31,149885
HH0550,Bihar,Maize,Rabi,0.6,2,0.53,1,Tubewell,3,12329,6,30,88459
HH0551,Andhra Pradesh,Groundnut,Kharif,0.82,2,0.496,0,None,1,9305,4,23,47596
HH0552,West Bengal,Soybean,Rabi,0.91,3,0.696,0,None,1,10161,6,29,57100
HH0553,Andhra Pradesh,Cotton,Kharif,2.8,4,0.689,1,Tubewell,2,54760,5,8,160116
HH0554,Tamil Nadu,Wheat,Kharif,5.62,5,0.768,0,None,3,147531,6,16,258859
HH0555,West Bengal,Soybean,Rabi,0.68,4,0.755,1,Tank,3,12246,4,9,80915
HH0556,Rajasthan,Vegetables,Kharif,3.37,2,0.51,1,Tank,2,79389,7,4,198351
HH0557,Uttar Pradesh,Rice,Kharif,0.21,3,0.64,0,None,3,5736,5,19,46778
HH0558,Uttar Pradesh,Cotton,Kharif,0.49,4,0.758,0,None,3,13632,3,39,108539
HH0559,Bihar,Cotton,Zaid,0.6,2,0.481,1,Drip,2,13104,3,44,99005
HH0560,Tamil Nadu,Maize,Rabi,0.43,2,0.492,0,None,1,6703,6,41,34221
HH0561,Haryana,Rice,Kharif,0.35,1,0.031,1,Tubewell,2,10065,6,13,46939
HH0562,Maharashtra,Pulses,Zaid,1.92,1,0.027,0,None,1,26281,5,12,44760
HH0563,Uttar Pradesh,Maize,Zaid,1.13,3,0.637,1,Canal,2,31196,4,9,74777
HH0564,Uttar Pradesh,Pulses,Rabi,1.86,1,0.0,1,Drip,2,43789,4,12,67504
HH0565,Rajasthan,Vegetables,Rabi,2.43,2,0.488,1,Tubewell,2,43452,5,24,173782
HH0566,Tamil Nadu,Wheat,Kharif,1.69,2,0.499,1,Tubewell,1,27574,4,13,76992
HH0567,Rajasthan,Rice,Kharif,2.36,3,0.647,1,Tubewell,3,75059,4,35,152001
HH0568,Karnataka,Vegetables,Kharif,1.27,2,0.531,0,None,2,10626,5,32,108148
HH0569,West Bengal,Maize,Zaid,0.49,3,0.677,0,None,2,8305,4,38,48837
HH0570,Rajasthan,Rice,Rabi,3.32,1,0.012,0,None,3,41223,4,14,172879
HH0571,Andhra Pradesh,Pulses,Kharif,0.82,1,0.0,0,None,2,7195,4,2,33013
HH0572,Bihar,Sugarcane,Rabi,0.61,2,0.535,0,None,2,12738,5,21,80726
HH0573,Rajasthan,Wheat,Rabi,1.16,2,0.415,0,None,2,15566,5,31,65169
HH0574,Tamil Nadu,Sugarcane,Rabi,0.62,2,0.525,1,Tubewell,3,19272,6,35,116633
HH0575,West Bengal,Vegetables,Kharif,0.95,1,0.028,1,Tank,1,20119,5,16,66735
HH0576,Gujarat,Rice,Rabi,1.81,4,0.737,0,None,3,29778,2,40,138713
HH0577,Maharashtra,Cotton,Kharif,1.82,3,0.705,1,Canal,3,46403,7,26,185731
HH0578,Gujarat,Wheat,Kharif,0.63,1,0.0,0,None,2,9201,5,38,55764
HH0579,Andhra Pradesh,Vegetables,Rabi,0.89,1,0.002,1,Drip,2,22684,7,3,73796
HH0580,Madhya Pradesh,Vegetables,Kharif,3.36,6,0.843,1,Tubewell,2,110066,8,37,214645
HH0581,Karnataka,Cotton,Rabi,2.06,3,0.763,0,None,1,26423,5,36,102211
HH0582,Gujarat,Soybean,Kharif,7.88,2,0.54,1,Drip,2,114041,7,38,281987
HH0583,Andhra Pradesh,Cotton,Zaid,3.68,3,0.688,0,None,3,53400,4,2,232800
HH0584,Madhya Pradesh,Maize,Rabi,3.57,4,0.723,0,None,2,40937,4,22,147346
HH0585,Punjab,Millets,Kharif,0.41,4,0.754,0,None,1,10619,3,3,19942
HH0586,Madhya Pradesh,Maize,Rabi,2.58,2,0.476,1,Drip,2,52278,5,40,126748
HH0587,Uttar Pradesh,Millets,Kharif,1.29,2,0.525,1,Canal,2,24659,5,42,89973
HH0588,Uttar Pradesh,Groundnut,Rabi,0.85,1,0.004,1,Tubewell,2,11997,8,26,59769
HH0589,Uttar Pradesh,Rice,Kharif,1.56,5,0.766,1,Canal,2,41139,5,27,107106
HH0590,Maharashtra,Vegetables,Kharif,3.01,3,0.669,0,None,3,44006,6,38,227306
HH0591,Uttar Pradesh,Rice,Zaid,2.07,2,0.475,1,Canal,2,29274,7,44,111264
HH0592,Punjab,Maize,Kharif,0.64,5,0.805,0,None,3,15536,5,8,69077
HH0593,Maharashtra,Maize,Rabi,2.54,5,0.774,0,None,3,58152,3,23,135162
HH0594,Rajasthan,Pulses,Kharif,0.79,6,0.834,1,Drip,1,25768,6,6,48183
HH0595,West Bengal,Wheat,Rabi,1.62,4,0.773,0,None,2,38167,5,25,91153
HH0596,Karnataka,Pulses,Kharif,1.04,6,0.831,0,None,2,23305,6,16,68221
HH0597,Punjab,Pulses,Kharif,1.12,2,0.488,1,Canal,1,22704,5,26,61232
HH0598,Maharashtra,Rice,Kharif,2.59,4,0.756,1,Tubewell,2,38891,3,15,138918
HH0599,Maharashtra,Pulses,Kharif,0.56,4,0.771,1,Canal,2,9494,3,32,82960
HH0600,Uttar Pradesh,Wheat,Zaid,7.05,2,0.467,0,None,1,131998,4,40,206467
HH0601,Maharashtra,Rice,Zaid,0.29,1,0.008,0,None,1,3000,4,19,19996
HH0602,Madhya Pradesh,Millets,Rabi,0.81,6,0.873,1,Tubewell,1,19732,6,14,57396
HH0603,Maharashtra,Cotton,Kharif,1.85,2,0.517,1,Drip,1,30865,5,44,111528
HH0604,Uttar Pradesh,Soybean,Kharif,2.22,4,0.752,1,Tubewell,2,39270,3,35,120797
HH0605,Uttar Pradesh,Maize,Rabi,1.24,1,0.019,1,Tubewell,2,24198,4,26,83113
HH0606,Karnataka,Wheat,Zaid,1.29,1,0.014,1,Sprinkler,3,18959,5,37,113754
HH0607,Maharashtra,Soybean,Rabi,1.91,2,0.523,0,None,1,26928,4,13,66370
HH0608,Rajasthan,Rice,Kharif,1.11,2,0.439,1,Canal,3,18136,2,8,103951
HH0609,Andhra Pradesh,Wheat,Rabi,4.41,3,0.62,1,Drip,1,109135,4,14,136588
HH0610,Haryana,Millets,Kharif,2.76,3,0.697,1,Tubewell,2,63153,5,26,123277
HH0611,Uttar Pradesh,Millets,Rabi,2.83,1,0.0,0,None,1,47238,7,30,63861
HH0612,Bihar,Sugarcane,Zaid,0.59,1,0.012,1,Canal,3,13798,7,40,130379
HH0613,Tamil Nadu,Rice,Zaid,1.26,2,0.489,1,Tubewell,1,20708,5,42,65876
HH0614,Uttar Pradesh,Cotton,Kharif,1.05,1,0.0,1,Canal,3,17777,5,13,109432
HH0615,West Bengal,Pulses,Rabi,0.57,4,0.76,1,Sprinkler,1,11478,5,36,52967
HH0616,Gujarat,Rice,Rabi,1.83,2,0.506,0,None,1,38564,4,11,64905
HH0617,Uttar Pradesh,Rice,Kharif,0.85,1,0.063,0,None,2,10661,4,2,29109
HH0618,Madhya Pradesh,Pulses,Rabi,2.36,2,0.481,0,None,3,27416,2,30,130740
HH0619,Bihar,Cotton,Rabi,0.54,1,0.043,0,None,3,7027,3,24,74124
HH0620,Bihar,Rice,Kharif,5.82,1,0.011,1,Canal,2,73248,4,18,219216
HH0621,Maharashtra,Rice,Kharif,0.63,2,0.48,0,None,3,3000,5,23,67224
HH0622,Maharashtra,Pulses,Kharif,1.63,4,0.774,1,Canal,3,33344,4,6,109202
HH0623,Rajasthan,Sugarcane,Zaid,2.65,5,0.817,0,None,2,46654,3,11,170276
HH0624,Karnataka,Rice,Rabi,0.83,4,0.751,0,None,2,16010,5,7,44566
HH0625,Tamil Nadu,Pulses,Rabi,2.79,2,0.508,0,None,1,35817,5,33,75346
HH0626,Rajasthan,Vegetables,Kharif,0.47,2,0.482,1,Tubewell,2,8264,3,10,82061
HH0627,Karnataka,Rice,Rabi,4.64,3,0.642,0,None,3,98975,6,21,219415
HH0628,Bihar,Maize,Kharif,1.37,3,0.69,0,None,2,25717,5,9,70714
HH0629,Uttar Pradesh,Wheat,Rabi,0.81,6,0.826,1,Tubewell,3,29540,4,30,117074
HH0630,Madhya Pradesh,Maize,Rabi,1.05,1,0.0,1,Drip,3,26124,8,25,76874
HH0631,Haryana,Wheat,Rabi,2.68,1,0.008,1,Canal,3,59875,2,25,142903
HH0632,West Bengal,Wheat,Kharif,0.82,3,0.675,0,None,1,18265,5,24,54034
HH0633,Andhra Pradesh,Maize,Kharif,0.71,4,0.707,0,None,1,18780,3,12,25252
HH0634,Andhra Pradesh,Maize,Zaid,1.12,4,0.789,1,Sprinkler,1,36027,4,7,59183
HH0635,Uttar Pradesh,Cotton,Zaid,0.5,3,0.671,1,Tank,3,11580,3,34,106901
HH0636,Karnataka,Rice,Kharif,6.34,5,0.794,1,Tubewell,1,107272,5,3,191488
HH0637,Andhra Pradesh,Millets,Kharif,0.83,3,0.68,0,None,2,18495,4,6,44024
HH0638,Madhya Pradesh,Rice,Kharif,2.74,5,0.807,0,None,2,57749,8,27,128946
HH0639,Madhya Pradesh,Soybean,Rabi,1.61,5,0.823,0,None,1,37427,5,19,64777
HH0640,Rajasthan,Rice,Rabi,0.58,4,0.766,1,Drip,2,4180,7,8,69750
HH0641,Uttar Pradesh,Soybean,Rabi,1.34,2,0.522,0,None,1,18683,4,36,53214
HH0642,Madhya Pradesh,Rice,Kharif,2.63,1,0.041,1,Tubewell,2,46550,4,39,127417
HH0643,Maharashtra,Wheat,Rabi,1.15,3,0.694,0,None,3,26431,4,36,100255
HH0644,Madhya Pradesh,Soybean,Kharif,3.72,2,0.495,1,Canal,2,52067,6,18,130733
HH0645,Uttar Pradesh,Wheat,Kharif,3.22,4,0.716,0,None,3,77860,4,7,162497
HH0646,West Bengal,Maize,Kharif,2.95,1,0.05,1,Tubewell,2,35235,7,1,111921
HH0647,Tamil Nadu,Rice,Kharif,0.91,2,0.493,0,None,3,10759,2,5,68494
HH0648,Punjab,Wheat,Rabi,0.54,4,0.736,1,Canal,3,10404,7,42,113188
HH0649,Bihar,Groundnut,Kharif,0.8,1,0.0,1,Tank,3,14342,5,14,88107
HH0650,Andhra Pradesh,Rice,Rabi,1.59,2,0.51,0,None,1,26209,5,1,67759
HH0651,Uttar Pradesh,Rice,Rabi,2.15,2,0.504,1,Canal,3,28356,8,12,150893
HH0652,Andhra Pradesh,Wheat,Zaid,0.21,3,0.622,1,Tubewell,1,3000,6,19,42296
HH0653,Tamil Nadu,Rice,Zaid,1.34,1,0.014,1,Tubewell,2,16892,7,2,80850
HH0654,Bihar,Rice,Rabi,1.54,4,0.735,1,Tubewell,2,46386,5,14,80526
HH0655,Karnataka,Wheat,Kharif,1.07,2,0.581,1,Canal,2,9436,7,3,79992
HH0656,Uttar Pradesh,Rice,Kharif,4.05,5,0.783,0,None,2,66481,5,35,166161
HH0657,Madhya Pradesh,Vegetables,Rabi,1.93,2,0.487,0,None,1,33557,6,13,74408
HH0658,Rajasthan,Rice,Kharif,4.11,2,0.474,1,Sprinkler,3,109453,6,3,197467
HH0659,Punjab,Vegetables,Kharif,1.12,1,0.038,1,Canal,2,27285,6,14,85758
HH0660,Tamil Nadu,Vegetables,Kharif,2.99,1,0.0,0,None,1,55620,5,34,121204
HH0661,Rajasthan,Rice,Kharif,5.42,3,0.645,1,Tank,2,86592,6,9,212534
HH0662,Gujarat,Rice,Rabi,4.12,1,0.021,0,None,2,74747,5,10,130031
HH0663,Tamil Nadu,Rice,Rabi,0.53,2,0.459,1,Sprinkler,1,11925,6,8,35646
HH0664,Maharashtra,Maize,Rabi,1.09,3,0.686,1,Drip,1,31664,4,29,60665
HH0665,Uttar Pradesh,Soybean,Kharif,1.01,2,0.553,1,Canal,3,20574,5,39,114899
HH0666,Maharashtra,Soybean,Kharif,2.05,1,0.017,0,None,3,38451,5,33,110621
HH0667,Madhya Pradesh,Maize,Rabi,2.42,4,0.769,0,None,1,42800,7,23,82090
HH0668,Maharashtra,Rice,Zaid,0.66,5,0.826,0,None,2,15386,5,8,58223
HH0669,Maharashtra,Vegetables,Kharif,1.43,1,0.051,1,Canal,2,24162,5,40,124384
HH0670,Madhya Pradesh,Wheat,Rabi,0.24,1,0.036,0,None,2,3574,4,38,31258
HH0671,Maharashtra,Millets,Kharif,4.6,5,0.813,0,None,2,97715,6,23,148611
HH0672,West Bengal,Cotton,Kharif,0.87,1,0.027,1,Sprinkler,1,15110,3,36,61762
HH0673,Uttar Pradesh,Wheat,Kharif,1.42,6,0.806,1,Canal,2,44085,7,43,121528
HH0674,Andhra Pradesh,Pulses,Rabi,1.04,1,0.023,1,Canal,1,20363,5,20,49897
HH0675,Karnataka,Maize,Rabi,3.58,4,0.72,1,Tubewell,2,90724,4,12,137786
HH0676,Gujarat,Groundnut,Kharif,0.12,2,0.489,0,None,3,3000,7,36,46261
HH0677,Uttar Pradesh,Cotton,Rabi,1.33,5,0.708,1,Canal,3,49830,4,9,140088
HH0678,Rajasthan,Pulses,Kharif,1.23,2,0.512,1,Canal,3,23994,3,33,106359
HH0679,Gujarat,Pulses,Kharif,0.92,3,0.648,0,None,3,12376,4,6,79768
HH0680,West Bengal,Cotton,Kharif,5.85,1,0.033,1,Tubewell,1,132663,8,32,195932
HH0681,Bihar,Wheat,Rabi,0.63,2,0.512,0,None,3,10635,6,1,70531
HH0682,Madhya Pradesh,Soybean,Kharif,2.6,4,0.784,0,None,2,35267,7,24,127892
HH0683,Maharashtra,Millets,Kharif,1.83,3,0.634,1,Tubewell,3,35452,4,29,111536
HH0684,Punjab,Soybean,Kharif,3.94,5,0.831,1,Canal,3,105506,3,8,197551
HH0685,Gujarat,Millets,Rabi,0.77,2,0.563,1,Tubewell,2,7363,5,13,73602
HH0686,Andhra Pradesh,Cotton,Rabi,0.72,4,0.773,1,Tubewell,2,12053,5,25,113349
HH0687,Tamil Nadu,Pulses,Rabi,3.43,2,0.524,1,Drip,2,95876,6,29,134182
HH0688,Madhya Pradesh,Rice,Rabi,1.94,6,0.838,1,Canal,2,44256,5,24,128828
HH0689,Bihar,Cotton,Kharif,0.36,5,0.784,1,Tubewell,3,8887,4,27,115539
HH0690,Maharashtra,Sugarcane,Zaid,0.85,2,0.523,1,Tubewell,3,20982,2,26,141279
HH0691,Madhya Pradesh,Soybean,Kharif,1.87,4,0.705,0,None,1,33279,5,20,78024
HH0692,Karnataka,Wheat,Kharif,2.75,4,0.737,0,None,2,59055,3,4,96403
HH0693,Andhra Pradesh,Pulses,Rabi,0.76,2,0.447,0,None,1,12076,7,22,33068
HH0694,Madhya Pradesh,Pulses,Rabi,0.11,3,0.646,1,Tubewell,3,3000,7,7,55881
HH0695,Uttar Pradesh,Vegetables,Kharif,2.11,1,0.019,1,Canal,3,39308,6,18,177013
HH0696,Tamil Nadu,Rice,Zaid,0.48,4,0.765,1,Canal,2,14441,3,10,68880
HH0697,Madhya Pradesh,Rice,Rabi,0.24,1,0.002,0,None,2,3000,3,31,35889
HH0698,Tamil Nadu,Sugarcane,Kharif,0.12,1,0.005,1,Sprinkler,3,4252,5,26,81967
HH0699,Maharashtra,Groundnut,Kharif,2.7,2,0.443,0,None,1,58280,6,26,82226
HH0700,Karnataka,Rice,Kharif,1.51,3,0.656,0,None,3,32582,7,25,113476
HH0701,Andhra Pradesh,Soybean,Zaid,1.11,4,0.73,1,Tubewell,2,24384,7,18,77975
HH0702,Uttar Pradesh,Maize,Rabi,4.4,6,0.813,1,Drip,1,155016,3,24,104915
HH0703,Rajasthan,Groundnut,Rabi,2.32,2,0.518,1,Tank,2,44598,8,44,121575
HH0704,Uttar Pradesh,Cotton,Rabi,5.33,1,0.0,0,None,2,83070,3,15,229983
HH0705,Uttar Pradesh,Soybean,Rabi,0.41,3,0.649,0,None,2,7252,6,8,27901
HH0706,Gujarat,Rice,Rabi,1.31,3,0.604,1,Tubewell,2,21942,5,43,113077
HH0707,Madhya Pradesh,Wheat,Kharif,0.34,2,0.491,0,None,3,4251,5,25,69576
HH0708,Bihar,Pulses,Rabi,1.11,2,0.467,0,None,3,18584,5,35,75369
HH0709,Madhya Pradesh,Wheat,Rabi,1.09,3,0.669,0,None,2,17355,6,24,84862
HH0710,Punjab,Millets,Zaid,2.3,2,0.471,1,Tubewell,2,34570,5,40,103965
HH0711,Bihar,Rice,Rabi,1.4,4,0.753,1,Canal,2,27043,6,38,100150
HH0712,Tamil Nadu,Sugarcane,Kharif,2.29,3,0.663,1,Tank,2,65329,3,21,169888
HH0713,Karnataka,Wheat,Kharif,2.45,4,0.8,1,Drip,2,70293,6,1,106238
HH0714,Karnataka,Millets,Kharif,8.43,3,0.682,1,Drip,3,187691,8,26,297560
HH0715,Rajasthan,Millets,Rabi,1.03,2,0.445,1,Tubewell,3,24744,5,10,81974
HH0716,Gujarat,Wheat,Kharif,0.61,4,0.712,1,Sprinkler,1,15817,8,26,73373
HH0717,West Bengal,Wheat,Rabi,1.66,3,0.669,1,Drip,3,29527,4,2,121393
HH0718,Gujarat,Groundnut,Rabi,0.68,2,0.472,0,None,3,9435,6,40,70601
HH0719,Uttar Pradesh,Pulses,Kharif,4.76,3,0.578,1,Tubewell,3,80942,3,14,216103
HH0720,Haryana,Soybean,Rabi,1.06,2,0.54,0,None,2,19837,5,33,63277
HH0721,Gujarat,Vegetables,Kharif,0.83,4,0.772,0,None,3,24106,5,39,129266
HH0722,Maharashtra,Rice,Kharif,0.9,2,0.516,1,Tubewell,2,12451,5,1,83643
HH0723,Uttar Pradesh,Soybean,Kharif,2.49,3,0.649,0,None,1,36661,5,30,92260
HH0724,Bihar,Groundnut,Rabi,1.18,1,0.013,1,Tubewell,1,21450,4,37,56274
HH0725,Tamil Nadu,Wheat,Zaid,0.78,2,0.479,1,Canal,1,13495,8,18,68880
HH0726,West Bengal,Vegetables,Rabi,5.56,6,0.839,0,None,2,141649,2,30,275330
HH0727,Uttar Pradesh,Millets,Kharif,0.65,4,0.722,1,Sprinkler,2,18499,5,27,66797
HH0728,Bihar,Pulses,Kharif,1.39,1,0.045,1,Canal,3,14383,6,30,105642
HH0729,Maharashtra,Wheat,Rabi,2.35,2,0.453,0,None,3,42106,7,36,149063
HH0730,Maharashtra,Wheat,Kharif,0.34,2,0.537,1,Tubewell,3,3735,6,21,93573
HH0731,Maharashtra,Sugarcane,Rabi,2.03,3,0.668,1,Tubewell,2,59873,5,16,159613
HH0732,Bihar,Rice,Kharif,0.55,4,0.735,0,None,3,8209,5,17,77397
HH0733,Punjab,Millets,Kharif,2.72,3,0.672,0,None,2,53893,5,18,87941
HH0734,Andhra Pradesh,Rice,Kharif,0.6,3,0.689,0,None,2,9158,5,34,54301
HH0735,Rajasthan,Groundnut,Rabi,2.43,4,0.791,0,None,2,40541,5,21,119124
HH0736,West Bengal,Cotton,Kharif,3.46,2,0.509,0,None,3,67196,6,12,215454
HH0737,Rajasthan,Maize,Kharif,2.81,1,0.0,1,Tubewell,1,50020,5,31,96695
HH0738,Bihar,Rice,Rabi,1.67,3,0.669,0,None,3,34445,6,10,101182
HH0739,Karnataka,Wheat,Kharif,1.11,5,0.855,1,Tubewell,3,26173,5,41,140168
HH0740,Rajasthan,Sugarcane,Zaid,0.83,4,0.79,0,None,3,18002,3,4,104168
HH0741,Karnataka,Soybean,Kharif,4.71,3,0.694,0,None,3,109020,6,15,197311
HH0742,Madhya Pradesh,Vegetables,Kharif,0.74,3,0.691,1,Tank,2,12216,6,42,127667
HH0743,Bihar,Rice,Rabi,0.56,5,0.821,1,Tubewell,3,15416,4,41,115433
HH0744,Andhra Pradesh,Rice,Kharif,2.38,2,0.535,1,Canal,3,60118,6,28,155204
HH0745,Maharashtra,Groundnut,Kharif,0.69,2,0.486,0,None,3,7266,5,7,62488
HH0746,West Bengal,Vegetables,Kharif,0.6,6,0.792,1,Tubewell,3,24222,3,11,121023
HH0747,Rajasthan,Wheat,Rabi,0.4,4,0.752,0,None,3,3000,4,29,78389
HH0748,Andhra Pradesh,Wheat,Kharif,0.9,2,0.475,0,None,1,15324,3,34,46671
HH0749,West Bengal,Rice,Rabi,1.26,2,0.468,0,None,3,6246,6,30,104404
HH0750,Tamil Nadu,Rice,Zaid,1.66,2,0.478,1,Canal,2,41274,4,27,93737
HH0751,Uttar Pradesh,Rice,Zaid,3.03,1,0.075,0,None,2,39309,3,25,131025
HH0752,Gujarat,Maize,Rabi,2.11,5,0.804,1,Canal,2,61994,4,38,96488
HH0753,Tamil Nadu,Pulses,Zaid,1.15,2,0.511,1,Canal,2,19817,4,40,79177
HH0754,Rajasthan,Rice,Rabi,1.14,4,0.713,1,Canal,2,17201,5,23,98974
HH0755,Uttar Pradesh,Groundnut,Kharif,2.08,1,0.0,0,None,3,40294,5,29,121742
HH0756,Bihar,Maize,Rabi,3.98,3,0.642,0,None,3,79954,3,11,172931
HH0757,Tamil Nadu,Pulses,Kharif,1.5,1,0.043,0,None,2,28628,6,4,48622
HH0758,Andhra Pradesh,Vegetables,Kharif,0.91,4,0.76,0,None,2,13731,4,36,103534
HH0759,West Bengal,Vegetables,Rabi,0.58,3,0.685,1,Tubewell,3,11284,5,31,138628
HH0760,Bihar,Soybean,Rabi,0.4,3,0.689,1,Tubewell,2,12938,3,10,59136
HH0761,Maharashtra,Vegetables,Rabi,2.38,1,0.0,1,Canal,2,51445,6,16,150447
HH0762,Madhya Pradesh,Cotton,Rabi,2.21,2,0.542,1,Sprinkler,2,25348,4,30,162397
HH0763,Madhya Pradesh,Wheat,Kharif,2.21,1,0.0,1,Canal,3,32400,5,35,153710
HH0764,Bihar,Pulses,Kharif,1.21,2,0.542,0,None,2,22203,5,44,82990
HH0765,Uttar Pradesh,Groundnut,Rabi,4.46,3,0.68,1,Tank,3,96462,2,17,228341
HH0766,Tamil Nadu,Rice,Rabi,0.89,3,0.613,0,None,2,22504,6,5,50466
HH0767,Bihar,Vegetables,Kharif,3.04,3,0.645,1,Tubewell,1,51690,5,3,145331
HH0768,West Bengal,Cotton,Kharif,1.31,3,0.613,1,Canal,1,44915,5,16,73868
HH0769,Rajasthan,Wheat,Kharif,0.8,2,0.535,1,Tank,2,23046,4,4,67931
HH0770,Bihar,Soybean,Rabi,2.23,2,0.499,1,Tubewell,2,54147,5,9,95543
HH0771,Uttar Pradesh,Maize,Kharif,1.91,1,0.0,1,Tubewell,2,31458,4,4,87560
HH0772,West Bengal,Maize,Kharif,1.83,4,0.761,1,Tubewell,2,55767,5,21,100968
HH0773,Uttar Pradesh,Wheat,Rabi,1.45,3,0.651,1,Drip,2,30112,3,10,98817
HH0774,Rajasthan,Millets,Kharif,1.31,1,0.0,1,Tubewell,3,32944,6,31,86371
HH0775,Bihar,Millets,Kharif,10.28,1,0.05,0,None,3,98166,3,17,371519
HH0776,Maharashtra,Rice,Zaid,3.69,4,0.753,0,None,3,76566,7,16,174582
HH0777,Maharashtra,Wheat,Rabi,2.5,3,0.658,1,Canal,3,73013,6,39,174343
HH0778,Haryana,Rice,Kharif,1.48,3,0.655,1,Canal,2,23554,8,6,106933
HH0779,Haryana,Vegetables,Rabi,3.18,2,0.455,1,Drip,1,81714,7,30,144071
HH0780,Punjab,Pulses,Kharif,2.1,2,0.461,0,None,2,16123,8,15,109574
HH0781,Haryana,Sugarcane,Rabi,1.38,6,0.872,0,None,2,37875,7,43,123514
HH0782,Andhra Pradesh,Vegetables,Kharif,1.04,4,0.736,0,None,2,24492,3,31,100269
HH0783,Madhya Pradesh,Groundnut,Rabi,1.26,2,0.501,1,Canal,3,25568,5,30,120158
HH0784,Rajasthan,Sugarcane,Kharif,0.1,4,0.689,0,None,3,3000,3,37,75264
HH0785,Maharashtra,Cotton,Kharif,1.61,4,0.71,0,None,1,27694,5,16,73669
HH0786,West Bengal,Wheat,Rabi,0.89,2,0.518,1,Canal,2,15240,5,44,97857
HH0787,Tamil Nadu,Wheat,Rabi,5.23,2,0.511,1,Tubewell,2,106092,7,36,217755
HH0788,Rajasthan,Maize,Rabi,1.37,1,0.053,0,None,3,13045,8,2,65915
HH0789,Karnataka,Rice,Rabi,0.49,1,0.04,1,Sprinkler,1,7873,4,28,51650
HH0790,Gujarat,Rice,Kharif,1.29,3,0.66,1,Canal,2,13940,5,40,107826
HH0791,Maharashtra,Rice,Rabi,0.55,2,0.514,1,Canal,3,6794,5,17,86745
HH0792,Tamil Nadu,Maize,Rabi,2.02,4,0.741,1,Sprinkler,3,30449,5,41,172446
HH0793,Andhra Pradesh,Millets,Kharif,1.73,6,0.895,1,Canal,2,50062,5,38,82967
HH0794,Tamil Nadu,Pulses,Rabi,3.05,1,0.034,0,None,1,44280,7,36,72957
HH0795,Uttar Pradesh,Groundnut,Rabi,0.69,2,0.505,0,None,2,3716,7,32,57884
HH0796,West Bengal,Vegetables,Zaid,1.39,4,0.756,1,Tubewell,3,37609,3,25,172911
HH0797,Gujarat,Cotton,Rabi,0.42,4,0.793,1,Tank,2,7101,4,13,88818
HH0798,Tamil Nadu,Wheat,Rabi,2.45,4,0.767,0,None,3,37045,6,14,145056
HH0799,Haryana,Cotton,Rabi,2.1,2,0.547,0,None,2,35729,5,44,123779
HH0800,Gujarat,Rice,Kharif,2.06,2,0.434,1,Sprinkler,2,47151,5,25,112809
HH0801,Haryana,Soybean,Zaid,1.35,3,0.681,0,None,3,14615,8,35,102550
HH0802,Maharashtra,Rice,Kharif,1.92,6,0.818,1,Canal,2,48141,4,29,114419
HH0803,Tamil Nadu,Groundnut,Kharif,5.28,2,0.553,0,None,2,85446,5,15,191868
HH0804,Tamil Nadu,Wheat,Kharif,1.06,5,0.846,1,Tubewell,2,34803,8,15,95204
HH0805,Karnataka,Wheat,Rabi,1.52,2,0.501,0,None,3,14999,5,40,117576
HH0806,Haryana,Millets,Kharif,0.54,6,0.879,0,None,1,15228,5,17,44629
HH0807,Gujarat,Rice,Kharif,0.65,3,0.72,0,None,2,18577,3,25,55183
HH0808,Gujarat,Sugarcane,Rabi,1.47,2,0.502,1,Canal,2,27252,4,23,125101
HH0809,Karnataka,Rice,Kharif,3.45,3,0.741,0,None,2,37738,4,32,147019
HH0810,Uttar Pradesh,Rice,Rabi,1.09,2,0.499,1,Tank,3,16448,5,31,105988
HH0811,Gujarat,Soybean,Kharif,1.1,2,0.494,1,Tank,2,20944,5,23,73845
HH0812,West Bengal,Soybean,Kharif,0.96,1,0.026,1,Canal,2,14244,7,38,73817
HH0813,Uttar Pradesh,Wheat,Kharif,0.86,1,0.0,0,None,2,17438,3,17,52663
HH0814,Gujarat,Pulses,Rabi,1.73,2,0.503,1,Drip,3,42942,4,29,99258
HH0815,West Bengal,Groundnut,Kharif,0.38,4,0.792,1,Sprinkler,1,3000,3,2,54950
HH0816,Andhra Pradesh,Wheat,Kharif,4.01,3,0.668,0,None,3,72439,6,11,215244
HH0817,Tamil Nadu,Wheat,Kharif,0.77,1,0.0,1,Canal,1,7336,8,16,64303
HH0818,Rajasthan,Groundnut,Rabi,2.49,4,0.761,1,Canal,2,49511,7,17,131577
HH0819,Uttar Pradesh,Groundnut,Kharif,0.46,3,0.646,1,Canal,2,7915,6,21,54690
HH0820,Rajasthan,Rice,Rabi,2.38,5,0.826,0,None,1,39025,2,21,74677
HH0821,Bihar,Cotton,Kharif,2.39,3,0.688,1,Tubewell,1,65888,4,6,115365
HH0822,Uttar Pradesh,Wheat,Kharif,1.87,1,0.044,0,None,1,35162,6,23,59518
HH0823,Rajasthan,Wheat,Kharif,0.58,2,0.527,0,None,2,6917,5,32,54095
HH0824,Rajasthan,Wheat,Kharif,1.67,3,0.7,0,None,3,19340,4,39,120973
HH0825,Andhra Pradesh,Millets,Kharif,0.49,1,0.0,0,None,3,8601,5,38,37948
HH0826,Gujarat,Groundnut,Rabi,1.09,1,0.024,1,Tank,1,13688,3,29,61878
HH0827,Rajasthan,Vegetables,Rabi,3.24,1,0.059,1,Tank,2,67997,5,31,194019
HH0828,Rajasthan,Wheat,Rabi,2.66,2,0.479,0,None,3,51076,7,25,158999
HH0829,Haryana,Rice,Kharif,1.37,2,0.554,0,None,1,28316,2,2,57436
HH0830,Karnataka,Rice,Rabi,0.59,2,0.484,0,None,3,12274,5,22,59321
HH0831,Maharashtra,Maize,Rabi,2.34,1,0.0,1,Canal,2,52069,4,37,111255
HH0832,Karnataka,Wheat,Rabi,1.37,3,0.676,1,Canal,3,38505,8,44,131056
HH0833,Maharashtra,Wheat,Kharif,0.19,3,0.688,0,None,2,3000,3,15,41635
HH0834,Maharashtra,Rice,Rabi,2.63,2,0.527,1,Tubewell,1,67650,5,6,79547
HH0835,Andhra Pradesh,Pulses,Rabi,1.32,1,0.0,0,None,2,22403,4,33,63129
HH0836,Karnataka,Maize,Rabi,3.75,1,0.013,1,Sprinkler,2,60272,7,11,135229
HH0837,Gujarat,Rice,Rabi,0.53,2,0.479,1,Tubewell,2,13547,3,12,66253
HH0838,Rajasthan,Groundnut,Rabi,0.1,1,0.0,0,None,2,10127,5,24,24034
HH0839,Tamil Nadu,Groundnut,Rabi,1.71,2,0.472,1,Tubewell,1,36148,4,3,77178
HH0840,Punjab,Wheat,Rabi,1.73,3,0.644,0,None,2,31921,6,30,100422
HH0841,Uttar Pradesh,Wheat,Rabi,0.32,3,0.683,0,None,2,8056,4,19,62193
HH0842,Punjab,Vegetables,Zaid,0.59,2,0.535,1,Tubewell,2,13014,4,43,100568
HH0843,Maharashtra,Wheat,Zaid,14.04,2,0.456,1,Canal,1,200000,6,7,403157
HH0844,Gujarat,Vegetables,Rabi,1.04,3,0.678,0,None,2,16453,6,12,92038
HH0845,Maharashtra,Rice,Kharif,2.51,4,0.715,1,Tubewell,2,60384,5,29,122401
HH0846,Karnataka,Sugarcane,Kharif,0.78,4,0.769,1,Tank,3,19235,4,8,143901
HH0847,Uttar Pradesh,Rice,Zaid,0.23,3,0.648,0,None,3,5009,5,21,64843
HH0848,Gujarat,Soybean,Kharif,1.17,2,0.468,0,None,1,8476,5,13,42986
HH0849,Andhra Pradesh,Millets,Kharif,1.08,2,0.524,1,Canal,2,4158,5,27,63899
HH0850,Tamil Nadu,Cotton,Kharif,0.96,4,0.732,1,Tubewell,1,21856,4,4,71971
HH0851,Uttar Pradesh,Rice,Kharif,1.22,1,0.0,0,None,1,13278,7,32,41293
HH0852,Bihar,Wheat,Rabi,1.69,6,0.766,1,Tubewell,2,39062,4,24,113168
HH0853,Maharashtra,Pulses,Rabi,1.19,3,0.695,1,Tubewell,1,18849,4,41,69221
HH0854,West Bengal,Groundnut,Kharif,0.46,3,0.692,0,None,1,4167,4,9,48747
HH0855,Maharashtra,Wheat,Rabi,2.04,1,0.0,1,Tubewell,1,25808,7,10,72532
HH0856,Maharashtra,Millets,Rabi,0.26,3,0.621,0,None,2,3000,6,11,37875
HH0857,Uttar Pradesh,Soybean,Rabi,0.24,2,0.536,1,Tubewell,1,8711,6,33,33261
HH0858,Karnataka,Rice,Kharif,2.53,1,0.0,1,Sprinkler,2,38784,2,7,101971
HH0859,Tamil Nadu,Maize,Rabi,2.08,2,0.486,1,Tubewell,2,44544,5,11,95992
HH0860,Uttar Pradesh,Sugarcane,Kharif,1.29,4,0.819,0,None,1,13793,4,28,85009
HH0861,Bihar,Vegetables,Kharif,0.41,3,0.646,1,Tubewell,1,9133,8,38,78705
HH0862,Karnataka,Cotton,Rabi,0.74,2,0.522,1,Canal,1,16100,5,30,72167
HH0863,Andhra Pradesh,Pulses,Zaid,1.08,1,0.017,0,None,2,23747,5,8,45951
HH0864,Karnataka,Vegetables,Rabi,0.35,3,0.679,0,None,3,3000,4,27,83031
HH0865,Rajasthan,Soybean,Rabi,0.72,3,0.675,1,Sprinkler,1,21104,5,22,53565
HH0866,Andhra Pradesh,Wheat,Kharif,2.35,3,0.678,1,Canal,2,50370,6,42,132299
HH0867,Maharashtra,Millets,Kharif,4.54,3,0.675,0,None,2,54931,5,32,162952
HH0868,Maharashtra,Maize,Kharif,0.95,2,0.498,0,None,2,21292,5,14,44574
HH0869,West Bengal,Pulses,Kharif,2.57,3,0.712,0,None,3,32047,5,26,124910
HH0870,Gujarat,Wheat,Kharif,0.27,2,0.461,0,None,3,9016,6,44,62417
HH0871,Rajasthan,Millets,Rabi,2.36,5,0.831,1,Sprinkler,1,54623,7,11,63546
HH0872,Madhya Pradesh,Vegetables,Kharif,0.68,3,0.692,0,None,2,11980,3,7,71813
HH0873,Punjab,Millets,Rabi,1.75,2,0.521,0,None,2,15853,3,30,83035
HH0874,Rajasthan,Wheat,Zaid,1.09,2,0.534,1,Canal,3,23941,5,2,108857
HH0875,Uttar Pradesh,Cotton,Kharif,4.15,4,0.747,0,None,3,68998,4,35,256280
HH0876,Maharashtra,Rice,Kharif,0.64,1,0.0,1,Canal,1,9711,4,26,49937
HH0877,Haryana,Rice,Kharif,2.3,2,0.498,1,Canal,2,28404,4,25,127953
HH0878,Punjab,Wheat,Rabi,1.06,3,0.637,1,Tank,3,34655,5,1,105830
HH0879,Uttar Pradesh,Millets,Rabi,1.18,2,0.478,1,Tubewell,2,13381,4,29,83391
HH0880,Maharashtra,Soybean,Kharif,1.15,4,0.713,0,None,2,24493,5,24,62941
HH0881,Maharashtra,Wheat,Kharif,0.66,1,0.0,0,None,2,5740,7,38,43595
HH0882,Punjab,Millets,Rabi,1.33,4,0.732,1,Canal,1,20687,6,1,58026
HH0883,Uttar Pradesh,Groundnut,Rabi,1.28,1,0.0,1,Canal,3,15174,6,25,112277
HH0884,Uttar Pradesh,Pulses,Rabi,1.66,1,0.021,0,None,3,18935,3,34,81848
HH0885,Bihar,Pulses,Zaid,1.45,4,0.817,0,None,2,19148,4,42,85922
HH0886,Maharashtra,Groundnut,Rabi,2.66,3,0.685,1,Tubewell,2,43903,3,44,141904
HH0887,Punjab,Wheat,Kharif,2.96,2,0.494,0,None,2,50295,8,5,116447
HH0888,Maharashtra,Millets,Rabi,0.55,2,0.498,0,None,1,6466,5,41,32612
HH0889,Uttar Pradesh,Wheat,Kharif,2.82,3,0.654,0,None,1,52795,2,12,96736
HH0890,Madhya Pradesh,Soybean,Rabi,0.49,3,0.67,1,Canal,1,3566,5,8,52485
HH0891,Haryana,Vegetables,Rabi,2.22,6,0.832,1,Tubewell,3,78987,4,42,210444
HH0892,West Bengal,Rice,Kharif,2.29,6,0.808,1,Canal,2,46227,5,14,111166
HH0893,West Bengal,Maize,Kharif,0.27,3,0.717,0,None,1,3000,4,20,40503
HH0894,Rajasthan,Cotton,Kharif,1.46,2,0.455,0,None,2,11623,3,40,116787
HH0895,Punjab,Wheat,Kharif,0.91,2,0.522,0,None,1,6791,4,9,55449
HH0896,Maharashtra,Rice,Rabi,0.71,3,0.664,1,Tubewell,1,15372,4,5,55447
HH0897,Madhya Pradesh,Pulses,Rabi,4.26,1,0.057,1,Canal,2,90475,6,1,144453
HH0898,West Bengal,Rice,Kharif,0.77,2,0.51,1,Tubewell,2,19552,5,11,49356
HH0899,Uttar Pradesh,Pulses,Kharif,0.68,1,0.0,0,None,2,9213,4,4,29016
HH0900,Uttar Pradesh,Maize,Rabi,1.44,1,0.0,1,Tubewell,2,35388,5,38,73893
HH0901,Maharashtra,Soybean,Kharif,2.42,1,0.001,1,Canal,2,44984,3,17,117413
HH0902,Uttar Pradesh,Vegetables,Rabi,1.2,2,0.466,0,None,2,19422,5,4,73987
HH0903,Maharashtra,Sugarcane,Rabi,3.64,4,0.727,0,None,2,55317,3,32,211270
HH0904,Tamil Nadu,Cotton,Rabi,2.12,2,0.446,1,Tubewell,2,25566,4,5,134711
HH0905,Karnataka,Rice,Rabi,0.21,2,0.472,1,Tubewell,2,3570,4,22,53118
HH0906,West Bengal,Maize,Rabi,0.86,1,0.003,0,None,2,14229,5,14,37072
HH0907,Bihar,Maize,Kharif,0.84,3,0.676,1,Canal,2,14848,7,21,83989
HH0908,Rajasthan,Wheat,Rabi,2.03,2,0.441,1,Tubewell,1,32085,4,18,100293
HH0909,Madhya Pradesh,Maize,Rabi,0.14,3,0.663,0,None,1,3000,4,3,29253
HH0910,Rajasthan,Cotton,Rabi,11.78,6,0.85,0,None,2,200000,3,11,522161
HH0911,Tamil Nadu,Vegetables,Kharif,2.12,1,0.0,0,None,2,30947,4,39,137611
HH0912,Madhya Pradesh,Maize,Kharif,1.53,2,0.481,0,None,2,30264,4,36,72806
HH0913,Tamil Nadu,Pulses,Rabi,3.69,2,0.488,0,None,3,78613,3,27,158206
HH0914,Rajasthan,Sugarcane,Kharif,9.9,5,0.784,0,None,2,200000,6,38,493712
HH0915,Andhra Pradesh,Pulses,Rabi,2.83,4,0.731,1,Tubewell,3,60238,3,25,149423
HH0916,Karnataka,Maize,Rabi,3.02,4,0.755,1,Tubewell,2,83795,6,42,133363
HH0917,Madhya Pradesh,Maize,Rabi,1.51,2,0.569,1,Canal,1,22536,4,39,82844
HH0918,Gujarat,Cotton,Kharif,1.2,6,0.811,0,None,3,28584,2,35,146252
HH0919,Bihar,Cotton,Kharif,0.9,1,0.0,1,Tubewell,3,20650,6,15,101986
HH0920,Maharashtra,Pulses,Kharif,0.67,1,0.0,0,None,2,13152,6,21,36040
HH0921,West Bengal,Wheat,Kharif,0.75,4,0.729,1,Canal,1,14878,4,3,60124
HH0922,Karnataka,Rice,Zaid,0.43,5,0.833,0,None,1,6625,3,24,26936
HH0923,West Bengal,Vegetables,Kharif,1.27,1,0.0,0,None,3,14638,4,44,120701
HH0924,Bihar,Maize,Rabi,0.32,1,0.0,1,Tubewell,1,7201,4,5,19965
HH0925,Karnataka,Wheat,Kharif,1.59,1,0.025,1,Tubewell,2,24650,7,37,105341
HH0926,Uttar Pradesh,Cotton,Rabi,1.31,1,0.0,1,Tubewell,2,32037,5,33,96841
HH0927,Madhya Pradesh,Maize,Kharif,1.53,2,0.475,0,None,1,32108,8,24,62506
HH0928,Andhra Pradesh,Maize,Kharif,0.87,6,0.846,0,None,3,24100,4,6,76647
HH0929,Punjab,Vegetables,Rabi,15.0,3,0.694,1,Sprinkler,3,200000,5,7,600000
HH0930,Madhya Pradesh,Cotton,Rabi,4.29,4,0.756,1,Canal,2,70988,4,19,233151
HH0931,Uttar Pradesh,Soybean,Kharif,0.47,4,0.726,0,None,2,3638,6,21,45835
HH0932,West Bengal,Vegetables,Kharif,1.65,3,0.681,0,None,3,17763,2,6,160647
HH0933,Gujarat,Vegetables,Kharif,0.81,4,0.738,1,Tank,2,19180,5,40,103162
HH0934,Andhra Pradesh,Wheat,Rabi,0.57,3,0.689,1,Canal,2,4060,4,3,70719
HH0935,Maharashtra,Cotton,Zaid,0.43,2,0.544,1,Drip,2,6601,5,14,78969
HH0936,Madhya Pradesh,Maize,Kharif,1.95,3,0.589,1,Tubewell,1,52789,5,20,54271
HH0937,Uttar Pradesh,Pulses,Rabi,0.76,3,0.67,1,Sprinkler,3,18752,6,14,96393
HH0938,Gujarat,Vegetables,Kharif,3.07,4,0.698,0,None,2,69649,4,2,163806
HH0939,Uttar Pradesh,Maize,Kharif,3.14,6,0.906,0,None,2,53872,5,25,136849
HH0940,Tamil Nadu,Millets,Kharif,4.34,2,0.486,1,Canal,3,81257,5,4,183221
HH0941,Madhya Pradesh,Cotton,Rabi,0.65,4,0.772,1,Tubewell,2,13688,4,41,114191
HH0942,Andhra Pradesh,Vegetables,Kharif,2.02,1,0.0,1,Tubewell,1,36037,5,33,114783
HH0943,Punjab,Vegetables,Rabi,2.31,4,0.726,1,Tank,3,58928,7,2,206005
HH0944,Bihar,Pulses,Kharif,0.9,2,0.472,1,Tank,1,14491,7,23,56141
HH0945,Maharashtra,Millets,Rabi,0.7,1,0.048,1,Canal,2,13190,4,44,65378
HH0946,Uttar Pradesh,Sugarcane,Rabi,5.3,2,0.529,0,None,2,103995,7,21,295038
HH0947,Uttar Pradesh,Wheat,Kharif,1.64,3,0.725,0,None,2,28732,6,15,82352
HH0948,West Bengal,Sugarcane,Rabi,2.32,1,0.002,1,Tubewell,3,34148,4,24,205957
HH0949,West Bengal,Vegetables,Kharif,0.67,5,0.809,1,Tubewell,2,22646,5,20,109195
HH0950,Tamil Nadu,Vegetables,Kharif,0.48,1,0.0,0,None,3,3000,6,38,65450
HH0951,Tamil Nadu,Wheat,Kharif,0.83,5,0.791,1,Canal,2,23208,5,25,101369
HH0952,Punjab,Rice,Kharif,1.21,3,0.636,1,Canal,3,33503,4,22,117865
HH0953,Maharashtra,Sugarcane,Kharif,0.55,2,0.503,1,Tank,2,3000,5,4,90360
HH0954,Gujarat,Sugarcane,Kharif,1.34,2,0.476,0,None,2,12345,4,16,101224
HH0955,Karnataka,Rice,Kharif,0.32,3,0.68,0,None,3,3000,3,43,81668
HH0956,Rajasthan,Vegetables,Kharif,0.52,3,0.672,0,None,1,5144,6,7,38142
HH0957,Andhra Pradesh,Wheat,Zaid,2.39,3,0.676,0,None,1,35223,2,24,103616
HH0958,Uttar Pradesh,Soybean,Rabi,2.26,2,0.55,1,Tubewell,3,34897,6,34,161763
HH0959,Maharashtra,Rice,Kharif,0.97,2,0.499,0,None,3,19766,4,39,88161
HH0960,Haryana,Vegetables,Rabi,0.57,6,0.856,1,Canal,3,20213,5,29,147841
HH0961,Uttar Pradesh,Groundnut,Rabi,0.56,2,0.562,0,None,2,7688,5,44,47313
HH0962,Tamil Nadu,Cotton,Kharif,0.98,2,0.539,0,None,2,11242,6,26,76071
HH0963,Madhya Pradesh,Soybean,Kharif,2.33,2,0.535,1,Canal,2,48888,7,14,109470
HH0964,Rajasthan,Wheat,Zaid,2.97,4,0.741,1,Canal,2,46233,6,20,156668
HH0965,Madhya Pradesh,Millets,Rabi,0.89,4,0.757,1,Tubewell,2,27501,5,7,63796
HH0966,Rajasthan,Vegetables,Rabi,0.51,2,0.46,1,Tubewell,1,16481,4,18,63463
HH0967,Haryana,Vegetables,Rabi,1.69,1,0.015,1,Tubewell,2,34597,5,43,142779
HH0968,Madhya Pradesh,Rice,Rabi,0.67,1,0.008,1,Canal,2,9492,2,10,43011
HH0969,Tamil Nadu,Rice,Rabi,0.87,2,0.501,1,Tubewell,2,18615,4,30,64394
HH0970,Karnataka,Maize,Rabi,4.16,2,0.531,0,None,2,58728,4,3,135435
HH0971,Punjab,Rice,Rabi,2.73,6,0.797,1,Canal,3,59809,4,44,174987
HH0972,Gujarat,Vegetables,Kharif,1.54,2,0.549,0,None,2,29555,3,1,97784
HH0973,Haryana,Cotton,Rabi,0.46,2,0.527,1,Tank,2,8898,3,30,85458
HH0974,Maharashtra,Wheat,Rabi,1.62,4,0.748,0,None,2,27476,5,2,86516
HH0975,Uttar Pradesh,Rice,Kharif,3.33,2,0.496,1,Canal,1,90249,3,15,102924
HH0976,Madhya Pradesh,Millets,Kharif,0.98,3,0.681,1,Drip,2,13112,4,11,70790
HH0977,Tamil Nadu,Millets,Rabi,4.26,1,0.046,0,None,2,45493,5,32,121947
HH0978,Uttar Pradesh,Rice,Zaid,4.05,2,0.503,1,Tubewell,2,95886,4,6,154057
HH0979,Andhra Pradesh,Wheat,Rabi,5.55,5,0.804,0,None,3,79656,3,6,270151
HH0980,Tamil Nadu,Cotton,Kharif,1.75,3,0.668,0,None,2,25048,5,28,128884
HH0981,Rajasthan,Wheat,Kharif,2.22,2,0.553,0,None,1,22098,5,25,90271
HH0982,Bihar,Pulses,Kharif,4.49,3,0.656,1,Tubewell,2,84511,7,23,181535
HH0983,Uttar Pradesh,Groundnut,Rabi,1.97,5,0.799,1,Tubewell,3,43617,3,12,134572
HH0984,Uttar Pradesh,Millets,Rabi,0.88,2,0.544,1,Drip,2,24059,5,10,55465
HH0985,Haryana,Pulses,Rabi,0.92,3,0.671,1,Sprinkler,3,24017,4,17,99169
HH0986,Andhra Pradesh,Groundnut,Rabi,1.65,5,0.834,1,Tubewell,3,54215,3,2,116230
HH0987,Punjab,Soybean,Kharif,0.45,1,0.0,1,Canal,1,10954,4,17,36242
HH0988,Karnataka,Vegetables,Kharif,1.2,3,0.661,0,None,1,25489,5,9,62263
HH0989,Madhya Pradesh,Soybean,Zaid,3.43,3,0.712,0,None,2,60710,4,7,135955
HH0990,Bihar,Wheat,Rabi,0.21,3,0.647,0,None,1,4944,6,13,17472
HH0991,Bihar,Soybean,Kharif,4.97,2,0.495,1,Drip,2,84423,6,10,200153
HH0992,Haryana,Sugarcane,Kharif,3.5,2,0.508,0,None,3,49065,3,22,263462
HH0993,Madhya Pradesh,Millets,Rabi,0.91,3,0.637,0,None,2,19390,3,28,57197
HH0994,Tamil Nadu,Sugarcane,Rabi,2.14,2,0.488,1,Canal,2,35795,5,42,180361
HH0995,Rajasthan,Rice,Kharif,1.35,2,0.503,0,None,2,26289,4,14,63402
HH0996,Uttar Pradesh,Wheat,Kharif,3.84,1,0.001,1,Tubewell,1,73300,6,19,125487
HH0997,Gujarat,Pulses,Rabi,3.11,1,0.038,0,None,3,40466,8,1,122690
HH0998,Uttar Pradesh,Millets,Kharif,0.41,6,0.879,0,None,2,10145,4,27,29680
HH0999,Gujarat,Groundnut,Zaid,2.22,2,0.474,0,None,2,30156,6,4,95188
HH1000,Karnataka,Rice,Kharif,1.13,5,0.803,0,None,2,25280,5,24,67427
HH1001,Maharashtra,Rice,Rabi,1.45,1,0.02,1,Canal,3,36765,5,14,99972
HH1002,Andhra Pradesh,Sugarcane,Rabi,0.73,3,0.712,0,None,2,7884,4,37,95840
HH1003,West Bengal,Millets,Kharif,5.97,2,0.522,0,None,1,63904,3,23,133850
HH1004,Haryana,Vegetables,Kharif,3.27,4,0.759,1,Tubewell,3,63466,5,5,270665
HH1005,Bihar,Pulses,Rabi,0.72,4,0.77,1,Tubewell,3,19538,5,20,84570
HH1006,Punjab,Soybean,Kharif,0.43,1,0.02,1,Canal,2,7157,8,22,58327
HH1007,Haryana,Vegetables,Kharif,0.97,5,0.772,1,Tubewell,2,19750,5,40,122842
HH1008,West Bengal,Wheat,Kharif,1.95,1,0.006,1,Tubewell,3,29625,5,44,145629
HH1009,Madhya Pradesh,Rice,Kharif,1.66,3,0.711,0,None,3,16949,8,35,127897
HH1010,Karnataka,Pulses,Zaid,3.92,6,0.827,1,Canal,2,101924,4,36,133499
HH1011,Maharashtra,Wheat,Rabi,2.64,4,0.754,1,Tubewell,2,81816,3,5,117968
HH1012,Gujarat,Groundnut,Kharif,3.08,5,0.793,0,None,2,35341,5,33,146591
HH1013,Gujarat,Soybean,Zaid,1.78,2,0.431,0,None,1,19166,4,24,64944
HH1014,Uttar Pradesh,Rice,Kharif,0.41,1,0.001,0,None,2,9505,7,34,36604
HH1015,Haryana,Wheat,Kharif,1.14,1,0.009,0,None,2,26019,5,37,68555
HH1016,Gujarat,Wheat,Kharif,3.32,3,0.652,0,None,3,66373,3,25,175123
HH1017,Maharashtra,Groundnut,Rabi,1.29,4,0.715,0,None,1,26414,3,37,61526
HH1018,Tamil Nadu,Rice,Rabi,2.07,1,0.0,1,Tubewell,3,26203,5,25,124344
HH1019,Gujarat,Cotton,Kharif,1.03,3,0.69,1,Canal,2,19197,4,22,105623
HH1020,Uttar Pradesh,Soybean,Kharif,0.56,2,0.559,1,Tank,2,21391,4,5,65056
HH1021,Haryana,Rice,Rabi,1.22,2,0.541,1,Drip,2,32454,5,8,79116
HH1022,Madhya Pradesh,Rice,Rabi,1.76,3,0.627,0,None,2,30924,4,41,92906
HH1023,Gujarat,Cotton,Rabi,0.77,2,0.526,1,Canal,2,22978,3,27,87047
HH1024,Gujarat,Wheat,Kharif,1.1,4,0.73,1,Sprinkler,2,36791,5,35,83039
HH1025,Gujarat,Soybean,Rabi,0.61,1,0.0,0,None,3,11345,2,1,47357
HH1026,Karnataka,Millets,Rabi,3.5,4,0.736,0,None,2,43188,7,20,139653
HH1027,West Bengal,Rice,Rabi,1.05,1,0.021,0,None,3,15376,4,7,59962
HH1028,West Bengal,Pulses,Kharif,4.64,1,0.029,0,None,3,86716,5,3,155329
HH1029,Madhya Pradesh,Cotton,Kharif,4.95,3,0.664,0,None,3,98749,4,42,318684
HH1030,Bihar,Soybean,Rabi,1.26,4,0.748,0,None,1,31958,4,9,38651
HH1031,Uttar Pradesh,Vegetables,Rabi,0.57,2,0.514,0,None,3,6564,6,14,90194
HH1032,Tamil Nadu,Maize,Kharif,0.23,2,0.517,0,None,2,3000,5,19,41619
HH1033,Maharashtra,Rice,Kharif,0.39,3,0.702,1,Tubewell,3,5424,4,27,101366
HH1034,Uttar Pradesh,Rice,Kharif,0.42,2,0.461,0,None,2,4343,4,6,37005
HH1035,Uttar Pradesh,Vegetables,Kharif,4.36,4,0.751,0,None,2,76915,4,7,230810
HH1036,Haryana,Wheat,Kharif,1.49,4,0.718,1,Tubewell,3,24340,5,37,143302
HH1037,Rajasthan,Maize,Kharif,1.88,1,0.0,1,Canal,1,44565,6,26,47588
HH1038,Haryana,Cotton,Kharif,0.2,2,0.493,0,None,2,3394,4,13,40209
HH1039,Uttar Pradesh,Wheat,Kharif,0.49,4,0.749,1,Drip,1,10668,4,37,65182
HH1040,Madhya Pradesh,Vegetables,Rabi,2.87,2,0.476,0,None,1,46009,6,33,123481
HH1041,Andhra Pradesh,Groundnut,Kharif,1.72,3,0.622,0,None,3,18472,6,33,124326
HH1042,Bihar,Soybean,Rabi,1.19,1,0.0,0,None,1,14865,4,41,47919
HH1043,Madhya Pradesh,Cotton,Kharif,2.18,3,0.663,1,Drip,3,68591,4,9,185271
HH1044,Tamil Nadu,Wheat,Kharif,5.42,1,0.0,0,None,2,52307,6,15,197937
HH1045,West Bengal,Sugarcane,Rabi,1.12,4,0.73,1,Tubewell,2,30558,6,5,116538
HH1046,Tamil Nadu,Vegetables,Rabi,1.43,2,0.54,0,None,2,17120,3,29,103627
HH1047,Maharashtra,Maize,Rabi,1.59,2,0.474,1,Canal,1,29746,4,7,47132
HH1048,Uttar Pradesh,Millets,Kharif,10.31,4,0.793,0,None,3,163825,8,31,361585
HH1049,West Bengal,Rice,Rabi,0.23,1,0.049,0,None,3,3000,5,34,42147
HH1050,Uttar Pradesh,Millets,Kharif,2.41,2,0.441,1,Canal,2,52902,6,11,94028
HH1051,West Bengal,Soybean,Rabi,1.22,2,0.503,1,Tubewell,1,20541,3,42,79033
HH1052,Andhra Pradesh,Vegetables,Kharif,2.19,2,0.488,0,None,2,46296,6,19,131371
HH1053,Gujarat,Wheat,Rabi,0.77,5,0.713,1,Canal,1,8710,5,5,54260
HH1054,Bihar,Sugarcane,Rabi,1.29,4,0.707,1,Tubewell,3,22789,4,23,167049
HH1055,Gujarat,Vegetables,Rabi,2.47,1,0.023,0,None,3,21391,4,2,173513
HH1056,Rajasthan,Groundnut,Zaid,15.0,3,0.728,1,Drip,2,200000,3,43,543315
HH1057,Bihar,Wheat,Zaid,2.68,3,0.694,1,Sprinkler,3,65608,6,4,159080
HH1058,Rajasthan,Wheat,Rabi,0.66,5,0.81,0,None,1,12830,6,17,33684
HH1059,Karnataka,Soybean,Rabi,0.94,2,0.499,0,None,2,16432,5,31,54123
HH1060,Tamil Nadu,Pulses,Kharif,0.92,3,0.717,1,Tubewell,3,17548,5,30,109334
HH1061,West Bengal,Cotton,Kharif,0.29,3,0.731,0,None,1,16115,5,2,22485
HH1062,Gujarat,Cotton,Rabi,1.02,2,0.482,0,None,2,10163,2,24,87170
HH1063,Bihar,Pulses,Zaid,2.52,2,0.44,0,None,2,50609,4,10,100839
HH1064,Karnataka,Soybean,Rabi,0.46,2,0.437,1,Canal,2,9986,3,28,55864
HH1065,Karnataka,Cotton,Kharif,3.29,4,0.79,0,None,2,43972,4,43,190125
HH1066,Haryana,Rice,Rabi,2.04,2,0.499,1,Sprinkler,2,39770,8,32,114749
HH1067,Maharashtra,Groundnut,Kharif,0.72,5,0.805,0,None,2,12058,4,33,54285
HH1068,Uttar Pradesh,Cotton,Kharif,1.2,2,0.446,0,None,1,11245,5,18,59484
HH1069,Rajasthan,Rice,Kharif,5.25,3,0.644,1,Tank,1,112313,7,24,156638
HH1070,Madhya Pradesh,Maize,Kharif,2.52,5,0.791,1,Tubewell,2,52061,4,37,122171
HH1071,Madhya Pradesh,Wheat,Kharif,1.36,3,0.673,0,None,1,15435,5,30,84370
HH1072,Maharashtra,Wheat,Rabi,1.1,4,0.738,0,None,3,15941,3,5,87297
HH1073,Uttar Pradesh,Sugarcane,Rabi,1.44,4,0.719,0,None,3,24671,4,23,149791
HH1074,Uttar Pradesh,Groundnut,Kharif,0.87,2,0.476,1,Canal,2,13464,5,30,76488
HH1075,Gujarat,Wheat,Kharif,0.23,3,0.703,0,None,3,4972,4,4,51803
HH1076,Karnataka,Rice,Rabi,7.66,1,0.007,1,Drip,2,150046,2,41,262511
HH1077,Rajasthan,Cotton,Zaid,1.54,3,0.685,1,Sprinkler,1,36998,4,24,79061
HH1078,Punjab,Rice,Rabi,1.89,2,0.473,0,None,2,29609,6,3,78907
HH1079,Maharashtra,Soybean,Kharif,1.29,3,0.578,0,None,2,21196,3,15,81576
HH1080,Gujarat,Millets,Kharif,0.72,3,0.651,0,None,1,7250,2,1,43954
HH1081,Bihar,Soybean,Kharif,1.15,2,0.474,0,None,2,11895,3,10,52903
HH1082,Uttar Pradesh,Wheat,Kharif,0.35,2,0.51,1,Canal,1,5620,5,26,37659
HH1083,Karnataka,Wheat,Rabi,9.35,6,0.932,1,Tubewell,2,200000,6,12,325262
HH1084,West Bengal,Wheat,Kharif,0.47,1,0.021,1,Tubewell,2,6075,2,1,39698
HH1085,Gujarat,Wheat,Zaid,0.56,1,0.082,0,None,2,4771,7,2,29340
HH1086,Karnataka,Wheat,Rabi,0.93,2,0.517,1,Tubewell,1,24153,5,11,59290
HH1087,Tamil Nadu,Rice,Kharif,4.03,6,0.814,0,None,1,95066,5,12,106055
HH1088,Maharashtra,Pulses,Rabi,1.37,6,0.843,0,None,2,21773,4,28,84031
HH1089,Gujarat,Pulses,Rabi,0.47,3,0.72,1,Drip,3,12252,4,33,91787
HH1090,Maharashtra,Maize,Rabi,3.92,4,0.805,1,Tubewell,2,124052,7,42,155274
HH1091,Gujarat,Rice,Rabi,2.51,2,0.483,0,None,2,31178,7,3,103238
HH1092,Punjab,Vegetables,Kharif,2.13,6,0.841,1,Drip,2,60616,5,41,179619
HH1093,Tamil Nadu,Rice,Rabi,2.48,1,0.0,1,Tubewell,3,56389,5,19,143043
HH1094,Andhra Pradesh,Rice,Kharif,10.33,1,0.025,1,Canal,2,173367,4,18,336217
HH1095,Maharashtra,Wheat,Kharif,8.65,1,0.047,0,None,1,80015,7,37,264221
HH1096,Maharashtra,Cotton,Rabi,0.75,3,0.668,1,Tubewell,1,9666,6,28,73777
HH1097,Maharashtra,Cotton,Kharif,5.37,4,0.73,1,Drip,1,163016,4,31,199691
HH1098,Maharashtra,Rice,Kharif,1.87,2,0.511,1,Tank,2,39702,6,7,103851
HH1099,Bihar,Rice,Kharif,2.06,6,0.846,1,Tubewell,1,72059,4,38,98107
HH1100,Rajasthan,Vegetables,Kharif,0.32,2,0.502,1,Canal,2,6186,4,5,56792
HH1101,Uttar Pradesh,Cotton,Rabi,1.17,1,0.005,0,None,2,27387,6,19,67779
HH1102,Gujarat,Wheat,Zaid,0.68,2,0.495,0,None,2,14582,5,13,45477
HH1103,West Bengal,Sugarcane,Kharif,2.73,3,0.697,0,None,3,43199,5,39,249582
HH1104,Gujarat,Rice,Kharif,3.35,4,0.772,0,None,2,49187,5,28,121684
HH1105,Gujarat,Maize,Kharif,0.23,2,0.471,0,None,3,6923,3,2,43478
HH1106,Maharashtra,Wheat,Kharif,1.32,3,0.637,1,Tank,3,33287,4,6,119874
HH1107,Rajasthan,Maize,Kharif,3.5,2,0.492,0,None,3,56559,5,15,147234
HH1108,Bihar,Maize,Rabi,1.15,3,0.689,1,Tubewell,3,23555,4,28,116741
HH1109,Haryana,Vegetables,Rabi,2.51,6,0.837,1,Tank,1,52072,5,37,131300
HH1110,Maharashtra,Wheat,Rabi,1.82,1,0.0,0,None,3,21176,5,25,102821
HH1111,Bihar,Sugarcane,Kharif,1.8,4,0.758,1,Canal,2,44512,7,32,163454
HH1112,Maharashtra,Millets,Kharif,1.07,3,0.657,0,None,3,14371,4,37,74793
HH1113,Maharashtra,Groundnut,Kharif,0.48,2,0.526,1,Tubewell,2,12559,5,36,71556
HH1114,Andhra Pradesh,Millets,Kharif,0.52,5,0.81,1,Canal,2,24683,8,30,59108
HH1115,Tamil Nadu,Pulses,Rabi,2.47,2,0.491,0,None,3,42989,4,24,127673
HH1116,Tamil Nadu,Maize,Kharif,1.37,2,0.507,0,None,1,26627,6,18,40518
HH1117,Uttar Pradesh,Wheat,Kharif,1.2,1,0.039,0,None,3,17788,4,1,77343
HH1118,West Bengal,Groundnut,Kharif,0.94,2,0.483,1,Sprinkler,2,25247,6,3,44663
HH1119,Madhya Pradesh,Soybean,Zaid,1.04,4,0.762,1,Tank,2,23354,5,7,89060
HH1120,Uttar Pradesh,Maize,Rabi,3.29,3,0.665,0,None,2,42166,8,33,136053
HH1121,West Bengal,Soybean,Rabi,1.02,5,0.813,1,Tubewell,1,27130,4,21,59597
HH1122,Gujarat,Maize,Kharif,0.43,2,0.48,0,None,3,5981,5,14,57253
HH1123,West Bengal,Sugarcane,Rabi,2.54,1,0.003,0,None,3,45551,5,37,189975
HH1124,Bihar,Cotton,Kharif,1.13,1,0.033,1,Canal,3,16170,6,3,109847
HH1125,Punjab,Rice,Rabi,1.39,3,0.639,0,None,3,14250,3,37,123253
HH1126,Andhra Pradesh,Vegetables,Rabi,5.29,6,0.793,1,Canal,1,154908,4,25,199016
HH1127,Uttar Pradesh,Vegetables,Kharif,1.33,3,0.628,1,Tubewell,2,32218,4,33,124304
HH1128,Rajasthan,Maize,Kharif,1.73,2,0.465,1,Tubewell,2,25860,4,13,98499
HH1129,Rajasthan,Wheat,Kharif,0.5,4,0.768,0,None,2,7149,5,33,60096
HH1130,Madhya Pradesh,Rice,Rabi,1.12,4,0.708,0,None,1,23550,3,29,64190
HH1131,Haryana,Rice,Rabi,2.27,1,0.0,0,None,2,36818,6,19,105084
HH1132,Andhra Pradesh,Rice,Rabi,0.36,4,0.769,1,Drip,2,4448,5,26,71997
HH1133,Uttar Pradesh,Cotton,Rabi,1.6,2,0.512,1,Tubewell,1,28173,4,38,89027
HH1134,Maharashtra,Wheat,Rabi,1.47,1,0.0,0,None,1,19119,4,9,39473
HH1135,Punjab,Wheat,Rabi,1.4,2,0.506,1,Tubewell,1,23728,3,30,61346
HH1136,Uttar Pradesh,Soybean,Kharif,3.26,2,0.503,0,None,3,67134,5,22,158668
HH1137,West Bengal,Millets,Kharif,1.79,2,0.493,0,None,2,25261,5,43,72235
HH1138,Andhra Pradesh,Wheat,Kharif,4.74,2,0.494,0,None,1,49471,5,4,145672
HH1139,Karnataka,Sugarcane,Rabi,0.58,1,0.067,0,None,3,11906,8,7,62131
HH1140,Tamil Nadu,Millets,Rabi,1.52,4,0.774,0,None,1,35315,4,18,56067
HH1141,Bihar,Pulses,Rabi,1.45,6,0.907,0,None,2,22945,6,6,72803
HH1142,Rajasthan,Cotton,Kharif,0.54,4,0.735,1,Canal,3,13460,6,29,120175
HH1143,Punjab,Wheat,Kharif,3.04,2,0.497,1,Tubewell,2,78885,3,5,124792
HH1144,Tamil Nadu,Wheat,Kharif,9.74,2,0.46,0,None,2,133863,7,6,352566
HH1145,Madhya Pradesh,Rice,Kharif,1.33,2,0.476,1,Tubewell,1,27633,7,34,61976
HH1146,West Bengal,Sugarcane,Rabi,2.07,1,0.057,1,Tank,1,39219,4,34,105635
HH1147,Bihar,Cotton,Kharif,1.45,3,0.651,0,None,2,18308,4,1,88580
HH1148,Punjab,Groundnut,Kharif,0.74,3,0.725,1,Tubewell,1,16092,6,18,74145
HH1149,West Bengal,Wheat,Rabi,0.29,3,0.63,1,Tubewell,3,6435,5,27,88636
HH1150,West Bengal,Groundnut,Kharif,0.74,3,0.635,1,Canal,2,6217,6,10,74567
HH1151,Haryana,Wheat,Rabi,0.41,2,0.49,1,Tank,2,8466,2,39,76380
HH1152,West Bengal,Maize,Rabi,5.75,2,0.498,1,Canal,2,89064,4,2,208736
HH1153,Haryana,Soybean,Rabi,1.22,3,0.695,0,None,3,16661,3,19,90804
HH1154,Punjab,Soybean,Kharif,1.01,2,0.514,1,Tubewell,2,20590,5,27,71018
HH1155,Tamil Nadu,Rice,Kharif,2.87,2,0.488,0,None,2,49348,6,22,114768
HH1156,Bihar,Wheat,Rabi,0.52,2,0.496,1,Tank,2,9471,5,10,63418
HH1157,Maharashtra,Wheat,Kharif,0.7,2,0.49,0,None,2,10454,5,44,55280
HH1158,West Bengal,Maize,Rabi,1.43,1,0.0,0,None,2,13920,4,27,63555
HH1159,West Bengal,Rice,Kharif,3.24,4,0.723,1,Tubewell,2,83551,3,12,140631
HH1160,Uttar Pradesh,Sugarcane,Rabi,2.07,4,0.781,0,None,2,50297,6,15,132158
HH1161,Bihar,Rice,Kharif,1.67,2,0.445,1,Tubewell,2,44258,5,1,95078
HH1162,Uttar Pradesh,Wheat,Kharif,1.44,1,0.049,0,None,1,18843,7,38,59449
HH1163,Rajasthan,Soybean,Rabi,1.9,3,0.657,1,Canal,1,38257,5,41,78910
HH1164,Bihar,Cotton,Rabi,1.6,2,0.477,0,None,1,15622,4,24,78414
HH1165,Maharashtra,Wheat,Rabi,0.56,2,0.522,0,None,2,3006,8,6,58179
HH1166,Bihar,Maize,Kharif,1.4,1,0.045,0,None,3,20626,3,29,78889
HH1167,West Bengal,Groundnut,Zaid,0.54,2,0.534,1,Sprinkler,2,14115,4,6,53718
HH1168,Andhra Pradesh,Wheat,Rabi,1.45,4,0.765,1,Canal,3,40766,5,38,132786
HH1169,Uttar Pradesh,Wheat,Kharif,0.9,4,0.783,1,Canal,2,23806,5,15,84654
HH1170,Madhya Pradesh,Soybean,Kharif,11.69,2,0.449,1,Canal,2,154159,5,8,391669
HH1171,Tamil Nadu,Millets,Kharif,1.3,2,0.484,1,Canal,3,25694,4,29,103081
HH1172,Gujarat,Wheat,Kharif,0.41,1,0.0,1,Tank,2,11154,7,2,37187
HH1173,Punjab,Soybean,Zaid,1.2,1,0.037,0,None,2,11287,6,11,64954
HH1174,Madhya Pradesh,Pulses,Kharif,2.1,6,0.821,0,None,2,44909,4,9,88364
HH1175,Punjab,Sugarcane,Kharif,5.6,3,0.692,0,None,2,93030,4,16,292521
HH1176,Andhra Pradesh,Wheat,Kharif,0.82,3,0.683,0,None,3,7039,7,24,96694
HH1177,Bihar,Soybean,Kharif,0.35,4,0.724,1,Tubewell,2,12083,4,34,82345
HH1178,Uttar Pradesh,Rice,Kharif,2.7,4,0.732,1,Tubewell,3,90181,5,43,173196
HH1179,Bihar,Cotton,Kharif,0.42,4,0.789,1,Tank,3,4440,3,24,132457
HH1180,Andhra Pradesh,Wheat,Kharif,0.93,1,0.0,1,Canal,2,19662,4,38,67387
HH1181,Gujarat,Wheat,Rabi,1.08,1,0.004,1,Canal,1,17637,4,38,46160
HH1182,Rajasthan,Rice,Kharif,1.27,3,0.644,1,Tubewell,1,36266,5,25,70302
HH1183,Punjab,Groundnut,Zaid,2.42,2,0.491,0,None,1,49350,4,41,91267
HH1184,Gujarat,Millets,Kharif,0.75,6,0.832,0,None,1,10694,7,33,32192
HH1185,Uttar Pradesh,Cotton,Rabi,1.07,3,0.644,0,None,2,23857,4,44,105893
HH1186,Gujarat,Rice,Zaid,1.33,5,0.771,0,None,1,19707,6,43,64412
HH1187,Punjab,Groundnut,Rabi,1.53,2,0.509,1,Tubewell,2,23611,4,17,101560
HH1188,Uttar Pradesh,Maize,Rabi,1.47,4,0.725,1,Tubewell,1,34290,6,7,66606
HH1189,Madhya Pradesh,Groundnut,Kharif,1.96,2,0.476,0,None,2,31765,7,27,97377
HH1190,Haryana,Soybean,Rabi,2.77,6,0.805,1,Canal,1,73206,4,36,101922
HH1191,Uttar Pradesh,Pulses,Kharif,1.88,1,0.0,1,Tubewell,3,41336,5,41,114102
HH1192,Tamil Nadu,Rice,Rabi,1.98,3,0.695,0,None,3,22190,3,19,125358
HH1193,Rajasthan,Rice,Kharif,0.35,4,0.795,0,None,2,3000,6,15,52086
HH1194,Tamil Nadu,Cotton,Rabi,1.41,2,0.478,1,Tubewell,3,29319,6,6,136912
HH1195,Uttar Pradesh,Sugarcane,Rabi,2.03,2,0.565,1,Canal,1,30940,4,36,127819
HH1196,West Bengal,Pulses,Kharif,2.51,6,0.803,0,None,3,37301,4,5,130038
HH1197,Gujarat,Pulses,Kharif,0.75,2,0.533,0,None,2,5848,4,5,41877
HH1198,Gujarat,Pulses,Rabi,0.77,3,0.645,0,None,2,11549,4,2,45003
HH1199,Bihar,Wheat,Zaid,0.83,1,0.0,0,None,1,20226,4,43,33888
HH1200,Uttar Pradesh,Groundnut,Rabi,2.13,4,0.728,1,Canal,1,37458,3,18,103359
HH1201,Bihar,Cotton,Kharif,3.25,3,0.665,0,None,3,46933,4,32,228823
HH1202,Uttar Pradesh,Pulses,Zaid,0.95,2,0.517,0,None,2,14001,7,29,46111
HH1203,Uttar Pradesh,Wheat,Kharif,2.92,1,0.02,0,None,1,50672,4,20,94061
HH1204,Madhya Pradesh,Rice,Zaid,1.5,3,0.639,1,Tubewell,2,32900,4,19,81615
HH1205,Karnataka,Vegetables,Kharif,1.21,1,0.0,0,None,1,22012,4,16,70012
HH1206,Bihar,Groundnut,Zaid,1.13,1,0.0,0,None,1,17708,8,11,35378
HH1207,Punjab,Vegetables,Kharif,2.55,3,0.664,1,Tubewell,3,77669,6,28,216023
HH1208,Karnataka,Rice,Rabi,1.78,1,0.0,0,None,2,17326,4,22,75316
HH1209,Madhya Pradesh,Pulses,Rabi,9.34,1,0.0,0,None,2,182906,6,27,244413
HH1210,Gujarat,Soybean,Rabi,0.65,3,0.675,0,None,3,15268,6,17,66774
HH1211,Karnataka,Soybean,Rabi,2.1,1,0.068,1,Tubewell,2,52543,7,8,81816
HH1212,Karnataka,Maize,Kharif,0.86,2,0.485,1,Tank,2,19713,7,8,65039
HH1213,Maharashtra,Groundnut,Kharif,0.64,1,0.0,0,None,2,3390,3,23,49522
HH1214,Bihar,Cotton,Kharif,1.34,3,0.684,0,None,2,31326,5,32,102737
HH1215,Haryana,Rice,Rabi,1.52,3,0.65,0,None,2,25521,6,44,82444
HH1216,Maharashtra,Maize,Rabi,15.0,3,0.687,1,Tank,1,200000,8,15,380441
HH1217,Uttar Pradesh,Groundnut,Kharif,1.15,2,0.478,1,Tubewell,2,23005,3,27,88357
HH1218,Punjab,Rice,Kharif,0.52,1,0.055,1,Tank,3,11554,4,4,67561
HH1219,Punjab,Wheat,Kharif,1.7,1,0.01,1,Tank,2,42201,5,40,96667
HH1220,Madhya Pradesh,Soybean,Rabi,0.23,2,0.481,1,Tubewell,3,3000,4,32,82293
HH1221,Gujarat,Wheat,Rabi,1.25,5,0.782,1,Tubewell,2,31367,5,37,105306
HH1222,Maharashtra,Rice,Kharif,1.37,2,0.485,1,Tank,1,34987,4,10,62345
HH1223,Karnataka,Pulses,Zaid,2.65,2,0.541,1,Tubewell,2,66696,8,28,118240
HH1224,Gujarat,Rice,Zaid,3.09,1,0.0,0,None,1,58319,6,32,100492
HH1225,Karnataka,Cotton,Kharif,0.88,3,0.647,1,Canal,1,22596,6,32,81591
HH1226,Punjab,Cotton,Rabi,1.19,3,0.65,1,Drip,1,31994,4,15,104501
HH1227,Rajasthan,Sugarcane,Rabi,0.7,3,0.667,1,Canal,3,18234,7,6,127102
HH1228,Madhya Pradesh,Cotton,Rabi,0.52,4,0.742,0,None,1,12420,3,9,44401
HH1229,Gujarat,Pulses,Rabi,1.76,2,0.455,1,Tubewell,2,42670,3,38,108926
HH1230,Rajasthan,Soybean,Rabi,0.46,1,0.0,0,None,1,9512,7,30,22017
HH1231,West Bengal,Cotton,Kharif,0.95,2,0.497,1,Canal,3,15675,5,41,127559
HH1232,Maharashtra,Cotton,Kharif,0.58,3,0.648,0,None,2,5333,3,40,70361
HH1233,Maharashtra,Sugarcane,Kharif,2.15,3,0.688,0,None,1,43788,7,16,113202
HH1234,Uttar Pradesh,Rice,Rabi,6.24,3,0.695,0,None,3,127022,8,25,281672
HH1235,Punjab,Pulses,Kharif,0.45,3,0.665,1,Canal,3,10034,7,10,67643
HH1236,Rajasthan,Wheat,Rabi,0.28,3,0.674,1,Canal,2,3000,4,30,56451
HH1237,West Bengal,Soybean,Kharif,1.21,4,0.685,0,None,2,20026,4,9,62020
HH1238,Karnataka,Vegetables,Kharif,1.37,3,0.654,0,None,2,28826,4,40,124474
HH1239,Gujarat,Vegetables,Rabi,1.63,4,0.78,1,Tank,3,51301,5,7,167319
HH1240,Maharashtra,Rice,Kharif,0.92,2,0.487,0,None,1,23682,8,43,45001
HH1241,West Bengal,Maize,Kharif,1.14,3,0.645,1,Tubewell,2,22184,7,40,82356
HH1242,Bihar,Rice,Zaid,1.84,5,0.868,1,Canal,2,48214,7,12,102967
HH1243,Bihar,Vegetables,Rabi,3.27,2,0.555,0,None,2,48571,3,17,188007
HH1244,West Bengal,Sugarcane,Kharif,0.26,4,0.764,1,Canal,2,4693,6,25,92584
HH1245,Bihar,Rice,Kharif,0.99,3,0.701,0,None,1,26068,6,7,39858
HH1246,Tamil Nadu,Groundnut,Rabi,1.62,1,0.0,1,Tubewell,1,29323,4,19,72404
HH1247,Uttar Pradesh,Wheat,Rabi,0.62,3,0.643,0,None,3,5248,4,17,70306
HH1248,Uttar Pradesh,Rice,Kharif,5.88,1,0.0,1,Tank,3,104435,6,32,279000
HH1249,Gujarat,Sugarcane,Rabi,0.79,5,0.793,1,Canal,3,17683,3,23,147703
HH1250,Tamil Nadu,Wheat,Kharif,1.3,4,0.735,1,Canal,3,19157,7,32,150226
HH1251,Bihar,Millets,Zaid,2.17,1,0.0,0,None,2,30737,3,26,79417
HH1252,Karnataka,Cotton,Kharif,0.82,1,0.012,0,None,1,6622,5,8,47706
HH1253,Uttar Pradesh,Maize,Rabi,0.28,3,0.683,1,Tubewell,2,3000,8,22,67394
HH1254,Uttar Pradesh,Millets,Kharif,0.94,2,0.548,1,Tubewell,2,16123,8,8,58086
HH1255,Punjab,Cotton,Kharif,3.24,1,0.0,0,None,2,50448,6,5,154169
HH1256,Karnataka,Cotton,Kharif,1.01,3,0.641,0,None,2,25096,6,12,78866
HH1257,Maharashtra,Rice,Kharif,0.66,2,0.42,0,None,3,8942,8,27,73066
HH1258,Andhra Pradesh,Pulses,Kharif,2.96,1,0.0,1,Tubewell,1,57223,7,20,75629
HH1259,Uttar Pradesh,Vegetables,Kharif,1.02,4,0.777,0,None,1,21655,5,11,71333
HH1260,Tamil Nadu,Wheat,Zaid,0.87,5,0.782,0,None,2,18488,6,36,71030
HH1261,Madhya Pradesh,Wheat,Kharif,1.53,4,0.814,0,None,3,18704,5,2,106693
HH1262,Bihar,Pulses,Kharif,2.6,4,0.742,0,None,3,38088,5,10,133700
HH1263,Madhya Pradesh,Maize,Rabi,10.22,2,0.504,0,None,2,146574,7,42,333521
HH1264,Karnataka,Maize,Rabi,2.73,2,0.459,1,Tubewell,1,59683,6,7,78966
HH1265,Uttar Pradesh,Soybean,Rabi,3.62,2,0.509,0,None,2,32872,6,12,133581
HH1266,Uttar Pradesh,Groundnut,Rabi,0.88,4,0.691,1,Tubewell,3,23867,3,16,108902
HH1267,Rajasthan,Pulses,Zaid,0.56,5,0.821,0,None,2,11561,5,31,66229
HH1268,Karnataka,Vegetables,Rabi,1.42,3,0.689,0,None,3,33434,4,27,157703
HH1269,Tamil Nadu,Pulses,Rabi,1.48,4,0.791,0,None,2,39992,5,32,81137
HH1270,Madhya Pradesh,Vegetables,Rabi,0.54,3,0.636,1,Tubewell,1,20684,5,42,58857
HH1271,Haryana,Rice,Rabi,1.16,2,0.505,1,Tank,2,22076,6,40,95818
HH1272,West Bengal,Rice,Kharif,1.9,2,0.517,0,None,3,22505,2,27,121607
HH1273,Bihar,Pulses,Kharif,1.83,1,0.013,0,None,3,28561,3,25,109576
HH1274,Uttar Pradesh,Rice,Kharif,2.07,1,0.0,1,Canal,3,33050,7,40,142950
HH1275,Karnataka,Vegetables,Kharif,1.73,3,0.595,1,Canal,2,47395,8,5,121990
HH1276,Uttar Pradesh,Vegetables,Kharif,0.88,2,0.51,0,None,2,8629,3,4,67949
HH1277,Madhya Pradesh,Cotton,Rabi,0.87,3,0.662,1,Sprinkler,3,12265,4,44,133373
HH1278,Gujarat,Cotton,Kharif,0.49,3,0.65,0,None,1,10033,2,43,54697
HH1279,Maharashtra,Wheat,Rabi,6.15,2,0.523,0,None,3,62761,6,15,291440
HH1280,Andhra Pradesh,Rice,Zaid,1.37,2,0.499,0,None,2,17109,5,13,56408
HH1281,Tamil Nadu,Groundnut,Kharif,1.12,2,0.46,0,None,3,12815,5,33,86836
HH1282,Haryana,Rice,Kharif,0.61,2,0.442,1,Sprinkler,3,20739,5,5,68432
HH1283,Andhra Pradesh,Millets,Kharif,15.0,4,0.716,0,None,1,200000,5,6,317670
HH1284,Uttar Pradesh,Wheat,Rabi,0.54,2,0.572,1,Canal,1,14711,4,25,56930
HH1285,Madhya Pradesh,Vegetables,Zaid,0.94,3,0.689,1,Tank,2,30544,6,25,111191
HH1286,Andhra Pradesh,Rice,Rabi,1.92,4,0.756,0,None,2,19837,6,10,96276
HH1287,Uttar Pradesh,Maize,Kharif,2.25,4,0.745,0,None,2,38914,6,12,99740
HH1288,Rajasthan,Cotton,Kharif,3.05,4,0.743,1,Drip,2,87148,7,3,175248
HH1289,Uttar Pradesh,Rice,Zaid,6.27,2,0.535,0,None,2,105621,6,29,216926
HH1290,Uttar Pradesh,Soybean,Kharif,2.08,1,0.0,0,None,1,27736,3,29,64840
HH1291,Rajasthan,Millets,Kharif,0.55,2,0.517,0,None,3,5160,2,43,66118
HH1292,Uttar Pradesh,Rice,Kharif,1.09,2,0.49,0,None,2,7422,6,24,73799
HH1293,Tamil Nadu,Wheat,Zaid,1.75,5,0.858,1,Canal,3,30276,3,24,151749
HH1294,Punjab,Groundnut,Kharif,7.83,3,0.689,1,Tubewell,1,154023,4,25,210477
HH1295,Bihar,Pulses,Zaid,0.41,1,0.037,0,None,3,6327,3,37,47740
HH1296,Maharashtra,Wheat,Kharif,3.75,1,0.0,1,Tubewell,1,69088,8,5,107475
HH1297,Maharashtra,Rice,Rabi,1.57,1,0.032,1,Canal,2,25001,4,11,74644
HH1298,Uttar Pradesh,Rice,Kharif,2.75,3,0.658,0,None,2,57673,3,40,132051
HH1299,Punjab,Wheat,Kharif,1.24,3,0.67,0,None,3,27924,7,43,111944
HH1300,Haryana,Rice,Rabi,0.66,4,0.799,1,Tubewell,2,15050,5,22,62047
HH1301,Uttar Pradesh,Cotton,Kharif,2.56,5,0.769,1,Tubewell,1,63581,2,15,95122
HH1302,Gujarat,Sugarcane,Rabi,2.35,2,0.506,0,None,3,46359,6,9,177731
HH1303,Uttar Pradesh,Sugarcane,Zaid,3.08,2,0.513,0,None,2,47292,3,6,168909
HH1304,Andhra Pradesh,Rice,Kharif,1.33,2,0.516,0,None,1,27671,6,26,53565
HH1305,Haryana,Sugarcane,Kharif,0.81,2,0.486,0,None,2,7190,5,6,75768
HH1306,West Bengal,Rice,Rabi,0.36,5,0.863,1,Sprinkler,1,12910,4,32,54983
HH1307,Haryana,Wheat,Rabi,2.71,3,0.628,0,None,2,46306,6,43,126757
HH1308,Bihar,Cotton,Rabi,1.94,3,0.711,0,None,2,21677,5,20,133877
HH1309,Rajasthan,Rice,Kharif,0.59,2,0.536,1,Tubewell,2,17366,5,35,63588
HH1310,Bihar,Vegetables,Rabi,0.85,1,0.057,1,Tubewell,2,25041,6,43,106643
HH1311,Uttar Pradesh,Wheat,Kharif,0.91,1,0.0,0,None,2,11819,4,3,47289
HH1312,West Bengal,Groundnut,Kharif,0.38,3,0.641,0,None,3,11691,4,18,54987
HH1313,Andhra Pradesh,Sugarcane,Rabi,0.67,3,0.712,1,Tubewell,3,12205,8,35,152194
HH1314,Bihar,Sugarcane,Rabi,0.51,2,0.444,1,Tubewell,1,15165,5,10,57607
HH1315,Karnataka,Soybean,Kharif,0.95,3,0.619,0,None,3,17094,5,36,97844
HH1316,Punjab,Rice,Rabi,0.72,4,0.735,0,None,3,12280,4,30,78922
HH1317,Andhra Pradesh,Rice,Kharif,0.34,2,0.506,0,None,2,6755,4,26,50931
HH1318,Haryana,Wheat,Rabi,7.53,3,0.715,1,Drip,3,150119,5,30,360702
HH1319,Uttar Pradesh,Cotton,Rabi,3.91,2,0.494,0,None,2,36460,4,31,211199
HH1320,Uttar Pradesh,Cotton,Kharif,0.7,3,0.649,0,None,3,9538,4,4,88000
HH1321,Madhya Pradesh,Soybean,Kharif,1.7,4,0.759,0,None,2,27174,5,24,92287
HH1322,Maharashtra,Rice,Rabi,1.92,6,0.847,0,None,2,42677,4,1,90591
HH1323,West Bengal,Millets,Rabi,3.72,2,0.513,1,Tubewell,3,62554,5,26,169407
HH1324,Maharashtra,Rice,Rabi,0.67,2,0.495,0,None,2,12749,6,29,39673
HH1325,Gujarat,Wheat,Zaid,3.42,1,0.0,0,None,1,48730,4,38,95957
HH1326,Rajasthan,Pulses,Kharif,0.85,2,0.472,1,Tubewell,1,13740,6,36,39494
HH1327,Maharashtra,Rice,Rabi,0.43,3,0.71,1,Tubewell,3,8730,4,9,81805
HH1328,Bihar,Millets,Rabi,2.5,5,0.806,0,None,3,53092,8,42,135085
HH1329,Punjab,Rice,Kharif,4.04,2,0.49,1,Drip,2,54416,8,32,176479
HH1330,Andhra Pradesh,Rice,Rabi,12.18,1,0.034,0,None,2,174431,6,37,401606
HH1331,Andhra Pradesh,Wheat,Rabi,0.49,2,0.466,1,Canal,1,5355,4,40,54279
HH1332,Haryana,Cotton,Rabi,2.45,2,0.493,1,Canal,2,62340,7,18,150311
HH1333,Maharashtra,Sugarcane,Rabi,0.95,2,0.504,1,Tubewell,3,14703,8,24,149410
HH1334,Gujarat,Rice,Kharif,2.63,2,0.487,1,Tank,3,69098,5,40,162069
HH1335,Gujarat,Rice,Rabi,0.39,3,0.67,0,None,2,3000,5,18,41016
HH1336,Punjab,Rice,Rabi,0.46,1,0.0,1,Tubewell,3,7590,2,39,83498
HH1337,Maharashtra,Wheat,Rabi,0.7,3,0.625,0,None,3,9508,2,8,81946
HH1338,Punjab,Pulses,Kharif,1.44,4,0.755,0,None,1,15444,5,39,70256
HH1339,Uttar Pradesh,Cotton,Rabi,0.78,2,0.46,1,Tank,2,13707,5,11,77911
HH1340,Uttar Pradesh,Groundnut,Kharif,2.36,3,0.672,1,Canal,1,65221,4,43,75900
HH1341,Madhya Pradesh,Wheat,Rabi,3.23,3,0.708,1,Tubewell,2,50696,3,35,167837
HH1342,Karnataka,Rice,Rabi,2.25,3,0.659,0,None,3,39934,6,24,146018
HH1343,West Bengal,Maize,Rabi,5.34,2,0.465,1,Tubewell,1,94937,4,13,132015
HH1344,Haryana,Vegetables,Kharif,1.92,2,0.496,0,None,3,28653,5,31,165006
HH1345,Bihar,Pulses,Rabi,0.48,4,0.725,1,Tubewell,2,8166,5,30,80787
HH1346,Karnataka,Maize,Kharif,4.3,4,0.768,0,None,3,104784,5,29,201493
HH1347,Rajasthan,Wheat,Zaid,0.81,2,0.496,0,None,1,6472,4,42,55680
HH1348,Rajasthan,Rice,Rabi,2.93,1,0.051,0,None,1,49669,5,6,66349
HH1349,Gujarat,Soybean,Kharif,5.14,1,0.035,1,Sprinkler,2,76528,4,3,191301
HH1350,Uttar Pradesh,Wheat,Rabi,1.99,1,0.0,0,None,3,23930,6,28,115464
HH1351,West Bengal,Vegetables,Rabi,0.38,3,0.688,1,Sprinkler,3,12034,4,10,90596
HH1352,Tamil Nadu,Maize,Rabi,0.62,1,0.0,0,None,2,10230,4,34,52776
HH1353,Karnataka,Vegetables,Rabi,4.16,2,0.501,0,None,1,44936,5,1,161454
HH1354,Haryana,Maize,Zaid,1.17,4,0.739,0,None,1,18050,6,12,74995
HH1355,Karnataka,Vegetables,Kharif,1.44,2,0.523,1,Drip,3,19787,6,36,176890
HH1356,West Bengal,Wheat,Kharif,2.57,4,0.793,0,None,1,54667,4,32,96593
HH1357,West Bengal,Sugarcane,Rabi,2.44,3,0.691,0,None,2,31070,5,11,158074
HH1358,Karnataka,Rice,Rabi,1.71,2,0.528,1,Tubewell,2,43358,4,1,87053
HH1359,Madhya Pradesh,Maize,Kharif,1.13,3,0.695,0,None,2,16834,6,6,68937
HH1360,Tamil Nadu,Maize,Kharif,1.03,3,0.684,1,Tank,2,23656,4,27,84095
HH1361,Gujarat,Groundnut,Rabi,2.8,2,0.466,0,None,3,38085,6,15,149872
HH1362,Maharashtra,Groundnut,Rabi,2.16,2,0.551,0,None,3,26437,7,10,117739
HH1363,Tamil Nadu,Soybean,Kharif,1.08,3,0.721,0,None,3,32353,8,24,82376
HH1364,Punjab,Rice,Rabi,3.39,5,0.793,0,None,2,53316,6,8,128529
HH1365,Haryana,Pulses,Kharif,1.21,3,0.656,1,Tubewell,1,32698,4,17,59145
HH1366,Uttar Pradesh,Rice,Kharif,0.65,1,0.018,1,Sprinkler,3,13747,4,24,80127
HH1367,Haryana,Vegetables,Kharif,0.71,3,0.684,1,Tank,1,15070,3,13,75915
HH1368,West Bengal,Sugarcane,Rabi,0.59,2,0.494,1,Tubewell,2,13020,3,9,98404
HH1369,Maharashtra,Vegetables,Rabi,1.07,3,0.629,0,None,2,25722,2,6,87937
HH1370,Maharashtra,Sugarcane,Kharif,3.85,3,0.676,0,None,2,81353,5,29,235352
HH1371,Gujarat,Soybean,Kharif,0.68,3,0.684,1,Drip,2,22467,5,23,76990
HH1372,Maharashtra,Cotton,Rabi,1.58,4,0.772,1,Tubewell,3,36241,7,22,168339
HH1373,West Bengal,Groundnut,Rabi,0.77,3,0.677,0,None,3,9818,5,21,78460
HH1374,Andhra Pradesh,Wheat,Zaid,1.08,3,0.659,1,Canal,2,28310,5,17,75362
HH1375,Madhya Pradesh,Groundnut,Rabi,0.37,1,0.03,0,None,1,5480,4,34,36620
HH1376,West Bengal,Wheat,Kharif,1.12,4,0.752,1,Tubewell,2,23187,6,26,101328
HH1377,Karnataka,Groundnut,Rabi,1.14,5,0.786,1,Canal,2,24728,7,25,88914
HH1378,Andhra Pradesh,Wheat,Kharif,2.14,1,0.0,1,Tubewell,3,48332,5,38,145637
HH1379,Rajasthan,Wheat,Zaid,1.63,2,0.448,0,None,1,20277,3,3,60126
HH1380,Tamil Nadu,Vegetables,Kharif,0.49,2,0.495,1,Sprinkler,1,16924,3,3,54174
HH1381,Maharashtra,Vegetables,Kharif,3.39,4,0.771,1,Canal,2,80239,6,14,215443
HH1382,Rajasthan,Soybean,Kharif,1.61,3,0.677,0,None,3,15934,4,42,107329
HH1383,Gujarat,Pulses,Kharif,1.6,1,0.046,0,None,2,27803,6,10,63293
HH1384,Madhya Pradesh,Rice,Kharif,1.34,4,0.742,1,Canal,2,38720,6,2,94023
HH1385,Punjab,Wheat,Kharif,0.87,1,0.015,0,None,2,8792,5,7,35571
HH1386,Madhya Pradesh,Wheat,Kharif,1.62,4,0.774,0,None,2,28397,6,14,73798
HH1387,Bihar,Wheat,Kharif,2.02,2,0.57,0,None,1,28820,6,17,79461
HH1388,Uttar Pradesh,Wheat,Rabi,0.31,2,0.504,1,Tubewell,3,6684,5,10,84846
HH1389,Gujarat,Soybean,Rabi,0.85,1,0.0,1,Tubewell,1,11486,2,35,43095
HH1390,Karnataka,Wheat,Zaid,1.09,1,0.025,1,Tubewell,2,13575,5,27,68710
HH1391,Maharashtra,Wheat,Kharif,1.68,3,0.723,0,None,3,37668,5,3,92748
HH1392,Uttar Pradesh,Maize,Kharif,3.72,3,0.657,1,Tubewell,1,75818,8,25,125630
HH1393,Maharashtra,Wheat,Rabi,0.7,1,0.025,1,Canal,3,10109,5,7,75537
HH1394,Andhra Pradesh,Cotton,Kharif,0.88,1,0.037,1,Canal,3,22805,5,13,110388
HH1395,Rajasthan,Rice,Kharif,0.87,1,0.031,0,None,1,19253,5,39,15000
HH1396,Bihar,Millets,Zaid,0.68,3,0.671,1,Tank,3,24876,3,43,86574
HH1397,Karnataka,Wheat,Rabi,1.0,3,0.646,0,None,2,13313,5,25,81852
HH1398,Madhya Pradesh,Vegetables,Kharif,2.6,1,0.0,0,None,2,52236,3,43,137070
HH1399,Tamil Nadu,Maize,Rabi,0.55,3,0.681,1,Canal,3,14590,3,29,97127
HH1400,Haryana,Wheat,Kharif,1.94,1,0.027,1,Tubewell,3,24638,4,19,125815
HH1401,Maharashtra,Wheat,Rabi,0.32,5,0.81,0,None,2,4439,5,39,53393
HH1402,Maharashtra,Soybean,Kharif,0.84,5,0.789,1,Tank,1,10244,6,22,62827
HH1403,Uttar Pradesh,Millets,Kharif,1.02,3,0.684,0,None,2,17776,6,2,44012
HH1404,Haryana,Wheat,Kharif,5.6,5,0.826,1,Sprinkler,3,170813,4,22,283786
HH1405,Punjab,Rice,Zaid,1.07,4,0.761,0,None,3,25928,2,35,97397
HH1406,Karnataka,Cotton,Kharif,0.21,4,0.725,0,None,1,3000,4,34,57037
HH1407,West Bengal,Cotton,Rabi,0.25,3,0.662,1,Canal,1,3000,4,5,57808
HH1408,Bihar,Vegetables,Kharif,1.39,2,0.528,1,Tubewell,3,17889,4,27,163044
HH1409,Tamil Nadu,Sugarcane,Kharif,2.27,2,0.459,1,Drip,2,59522,5,18,160854
HH1410,West Bengal,Rice,Kharif,1.86,2,0.437,1,Drip,2,41889,2,3,87064
HH1411,Maharashtra,Pulses,Kharif,1.56,3,0.712,1,Drip,1,27123,4,21,79244
HH1412,Uttar Pradesh,Cotton,Rabi,3.63,1,0.015,1,Tubewell,2,49593,5,24,206354
HH1413,Madhya Pradesh,Soybean,Zaid,0.85,2,0.518,0,None,3,19969,5,26,59904
HH1414,Uttar Pradesh,Soybean,Kharif,2.89,2,0.468,0,None,3,39234,5,20,151855
HH1415,Andhra Pradesh,Rice,Kharif,0.34,2,0.522,0,None,2,5222,4,13,49756
HH1416,Gujarat,Rice,Rabi,0.63,3,0.675,0,None,3,11208,3,6,73632
HH1417,Uttar Pradesh,Rice,Zaid,0.29,5,0.752,1,Canal,2,10786,4,26,65578
HH1418,Uttar Pradesh,Millets,Kharif,1.07,3,0.71,0,None,3,12582,3,43,109220
HH1419,Karnataka,Vegetables,Kharif,1.3,3,0.672,0,None,1,25714,4,30,82639
HH1420,Gujarat,Rice,Kharif,1.49,3,0.655,0,None,3,36485,3,14,85838
HH1421,Madhya Pradesh,Maize,Kharif,1.42,2,0.489,1,Tubewell,2,29592,4,37,98432
HH1422,Andhra Pradesh,Maize,Kharif,0.61,1,0.0,0,None,1,6648,6,38,40150
HH1423,Uttar Pradesh,Rice,Zaid,1.15,4,0.768,0,None,3,30910,4,30,101293
HH1424,Maharashtra,Cotton,Kharif,0.38,2,0.508,1,Tubewell,1,3841,2,15,58740
HH1425,Gujarat,Groundnut,Kharif,4.3,1,0.0,1,Tubewell,3,98429,5,19,190293
HH1426,Gujarat,Wheat,Rabi,1.04,4,0.788,0,None,1,16896,5,11,39099
HH1427,Uttar Pradesh,Vegetables,Kharif,0.89,1,0.0,1,Canal,1,14360,4,20,57855
HH1428,Gujarat,Soybean,Kharif,5.21,2,0.482,0,None,3,57352,4,25,221087
HH1429,Punjab,Rice,Zaid,0.47,1,0.0,1,Canal,2,6881,5,38,72113
HH1430,West Bengal,Vegetables,Rabi,0.52,1,0.0,0,None,2,6285,3,43,61611
HH1431,Karnataka,Rice,Zaid,0.53,1,0.002,1,Tank,1,11797,5,30,38744
HH1432,Andhra Pradesh,Pulses,Kharif,1.27,1,0.013,1,Canal,2,18217,6,40,65545
HH1433,Karnataka,Wheat,Kharif,1.95,3,0.657,1,Tubewell,2,32178,6,23,110913
HH1434,Punjab,Soybean,Zaid,2.53,4,0.724,0,None,2,60722,4,44,110120
HH1435,Uttar Pradesh,Vegetables,Kharif,12.02,2,0.551,1,Drip,2,200000,6,17,574669
HH1436,Uttar Pradesh,Wheat,Rabi,0.2,4,0.822,0,None,2,3000,7,1,41598
HH1437,Madhya Pradesh,Cotton,Kharif,2.26,2,0.504,1,Tubewell,3,45968,4,42,191723
HH1438,Haryana,Sugarcane,Kharif,0.84,2,0.477,1,Canal,2,15384,4,14,105553
HH1439,Maharashtra,Maize,Rabi,0.82,1,0.044,1,Tubewell,2,15888,6,39,77289
HH1440,Punjab,Wheat,Rabi,0.8,3,0.624,1,Tubewell,2,25332,6,18,74259
HH1441,Gujarat,Millets,Zaid,0.62,2,0.49,1,Tubewell,2,10795,5,41,70902
HH1442,Uttar Pradesh,Groundnut,Kharif,5.65,3,0.646,1,Tank,2,165687,7,16,193048
HH1443,Punjab,Wheat,Rabi,2.76,4,0.715,0,None,2,44625,3,10,120393
HH1444,Karnataka,Soybean,Kharif,1.38,3,0.659,0,None,3,23011,5,44,111077
HH1445,West Bengal,Cotton,Rabi,4.26,3,0.641,1,Tubewell,3,75243,2,9,280859
HH1446,Maharashtra,Vegetables,Kharif,0.37,5,0.8,1,Drip,2,8108,3,14,84907
HH1447,Haryana,Wheat,Kharif,0.44,2,0.501,1,Canal,2,9584,3,2,67218
HH1448,West Bengal,Wheat,Kharif,0.21,2,0.481,1,Tubewell,2,8442,5,42,52668
HH1449,Gujarat,Rice,Kharif,0.74,3,0.656,1,Drip,2,20299,5,21,75236
HH1450,Punjab,Millets,Rabi,1.55,3,0.66,1,Canal,3,26187,2,42,108365
HH1451,Andhra Pradesh,Cotton,Kharif,1.47,1,0.024,0,None,3,25384,5,2,110144
HH1452,Tamil Nadu,Wheat,Rabi,1.53,2,0.496,1,Tubewell,1,42472,5,6,72664
HH1453,West Bengal,Sugarcane,Kharif,0.41,2,0.525,0,None,3,9808,4,11,87869
HH1454,Tamil Nadu,Wheat,Kharif,2.67,2,0.518,0,None,3,32511,2,41,170467
HH1455,Uttar Pradesh,Wheat,Kharif,1.65,1,0.017,0,None,1,20747,3,3,54820
HH1456,Gujarat,Maize,Rabi,2.52,5,0.842,1,Canal,1,77679,5,11,82666
HH1457,Punjab,Rice,Zaid,0.27,4,0.716,0,None,3,3000,5,4,49671
HH1458,Punjab,Sugarcane,Kharif,1.76,2,0.486,1,Canal,2,32352,5,15,157465
HH1459,Maharashtra,Cotton,Kharif,0.49,3,0.72,1,Tubewell,3,16764,3,26,121460
HH1460,Punjab,Maize,Kharif,0.96,4,0.742,1,Drip,1,22294,7,44,60544
HH1461,Rajasthan,Wheat,Rabi,2.13,1,0.0,1,Canal,1,47022,4,36,69644
HH1462,Punjab,Maize,Rabi,1.46,2,0.494,1,Tank,1,19583,6,15,59841
HH1463,Uttar Pradesh,Rice,Kharif,0.65,3,0.671,0,None,2,9201,3,22,58011
HH1464,Punjab,Cotton,Kharif,1.36,4,0.671,0,None,2,25989,5,37,100319
HH1465,Gujarat,Wheat,Rabi,0.37,1,0.04,1,Canal,3,3000,5,10,73522
HH1466,Uttar Pradesh,Cotton,Kharif,3.59,6,0.812,0,None,3,62667,6,20,240726
HH1467,Gujarat,Cotton,Rabi,1.13,2,0.51,1,Canal,3,25963,5,32,140656
HH1468,Rajasthan,Soybean,Kharif,3.49,2,0.493,1,Canal,1,75152,4,9,102032
HH1469,West Bengal,Soybean,Rabi,0.86,2,0.461,0,None,1,9453,4,31,43634
HH1470,Bihar,Cotton,Kharif,0.86,1,0.0,1,Canal,1,15723,8,44,67206
HH1471,Tamil Nadu,Wheat,Rabi,0.7,4,0.722,1,Canal,2,21765,4,40,89581
HH1472,Haryana,Maize,Rabi,2.84,5,0.833,0,None,2,76102,3,31,108073
HH1473,West Bengal,Millets,Kharif,0.74,2,0.496,1,Sprinkler,2,15174,4,28,52790
HH1474,Rajasthan,Wheat,Kharif,2.33,5,0.784,1,Tubewell,1,44716,4,11,104048
HH1475,Madhya Pradesh,Rice,Kharif,0.98,4,0.722,1,Tubewell,1,21703,3,36,62228
HH1476,Punjab,Wheat,Zaid,0.25,2,0.536,1,Tank,2,5865,6,41,80782
HH1477,Bihar,Cotton,Zaid,0.83,3,0.711,0,None,2,19234,5,4,66939
HH1478,Bihar,Wheat,Rabi,0.5,2,0.536,1,Tubewell,3,9858,4,14,84223
HH1479,Bihar,Vegetables,Kharif,1.39,3,0.682,0,None,3,25111,8,29,137543
HH1480,Karnataka,Sugarcane,Kharif,0.49,1,0.009,1,Canal,1,3089,5,28,57613
HH1481,Bihar,Wheat,Rabi,2.97,3,0.631,1,Canal,3,55063,6,25,195571
HH1482,Uttar Pradesh,Millets,Zaid,1.25,1,0.0,1,Canal,2,29123,5,23,53269
HH1483,Andhra Pradesh,Rice,Kharif,1.16,4,0.729,1,Tubewell,2,16359,5,33,104373
HH1484,Uttar Pradesh,Rice,Rabi,2.36,4,0.695,0,None,1,49216,2,30,72173
HH1485,Madhya Pradesh,Wheat,Rabi,3.06,2,0.532,1,Tubewell,3,79532,6,9,182746
HH1486,Rajasthan,Rice,Kharif,1.33,2,0.479,1,Tubewell,1,42699,7,38,67081
HH1487,Rajasthan,Groundnut,Kharif,0.7,2,0.536,1,Drip,2,7121,3,25,73244
HH1488,Haryana,Wheat,Rabi,0.3,3,0.693,0,None,1,9509,6,18,35369
HH1489,Rajasthan,Groundnut,Kharif,0.75,2,0.517,1,Drip,2,15186,5,43,95342
HH1490,Karnataka,Groundnut,Kharif,0.8,3,0.685,1,Drip,2,17430,4,7,81974
HH1491,Maharashtra,Wheat,Kharif,1.48,2,0.482,1,Canal,3,24605,7,24,133587
HH1492,Rajasthan,Sugarcane,Zaid,1.01,1,0.056,1,Canal,3,25402,2,40,146532
HH1493,Maharashtra,Sugarcane,Rabi,2.42,1,0.001,0,None,3,21807,4,21,176026
HH1494,Uttar Pradesh,Pulses,Rabi,0.8,1,0.009,1,Tubewell,3,15784,7,35,74403
HH1495,Tamil Nadu,Rice,Rabi,1.29,4,0.731,1,Canal,2,33853,5,43,106210
HH1496,Punjab,Wheat,Zaid,3.69,5,0.772,0,None,2,52894,5,11,159879
HH1497,Tamil Nadu,Pulses,Kharif,1.8,2,0.514,1,Canal,2,35815,6,2,82770
HH1498,Karnataka,Wheat,Kharif,1.28,3,0.674,1,Tubewell,2,26587,3,15,101033
HH1499,Rajasthan,Rice,Kharif,0.81,1,0.0,0,None,2,12777,4,15,41807
HH1500,West Bengal,Maize,Zaid,0.79,3,0.624,0,None,3,11724,8,5,77885
HH1501,Andhra Pradesh,Wheat,Kharif,0.66,1,0.0,0,None,1,5122,4,40,20810
HH1502,Karnataka,Sugarcane,Rabi,0.85,3,0.703,0,None,3,14125,5,16,109885
HH1503,Uttar Pradesh,Vegetables,Kharif,2.57,5,0.782,0,None,1,32506,4,44,146036
HH1504,Rajasthan,Maize,Kharif,1.12,1,0.0,0,None,1,20906,6,21,47988
HH1505,Rajasthan,Sugarcane,Kharif,0.43,4,0.794,0,None,2,9358,8,9,77200
HH1506,Rajasthan,Wheat,Kharif,6.07,1,0.0,1,Tubewell,2,138651,3,7,207050
HH1507,Tamil Nadu,Vegetables,Kharif,1.77,2,0.478,1,Drip,1,46971,5,27,114990
HH1508,Andhra Pradesh,Groundnut,Rabi,0.41,1,0.0,0,None,2,7001,6,17,15409
HH1509,Tamil Nadu,Wheat,Rabi,0.93,2,0.549,1,Tubewell,2,13839,6,2,69687
HH1510,Bihar,Wheat,Zaid,1.48,1,0.06,1,Tank,1,34993,5,40,67190
HH1511,Bihar,Vegetables,Kharif,5.75,2,0.523,0,None,3,110028,4,26,362358
HH1512,Haryana,Cotton,Rabi,0.53,2,0.524,0,None,1,7330,4,8,31698
HH1513,Gujarat,Cotton,Rabi,3.09,2,0.483,0,None,3,57605,6,40,211764
HH1514,Uttar Pradesh,Cotton,Kharif,4.44,3,0.725,0,None,2,52365,8,16,236857
HH1515,Maharashtra,Rice,Rabi,0.79,5,0.808,0,None,2,10792,5,20,55426
HH1516,Uttar Pradesh,Cotton,Rabi,1.07,2,0.526,1,Drip,3,20310,4,32,132233
HH1517,Punjab,Vegetables,Kharif,0.56,1,0.0,1,Canal,3,3844,2,32,102013
HH1518,West Bengal,Sugarcane,Kharif,1.14,2,0.492,1,Tubewell,3,34761,7,35,177805
HH1519,Madhya Pradesh,Sugarcane,Kharif,1.31,4,0.8,0,None,1,32137,5,15,81873
HH1520,Gujarat,Rice,Rabi,2.36,3,0.683,1,Tubewell,1,62834,6,42,88092
HH1521,Uttar Pradesh,Rice,Kharif,3.41,2,0.544,1,Drip,2,39857,5,32,173849
HH1522,Gujarat,Rice,Kharif,0.71,1,0.008,1,Tubewell,2,14152,7,30,47951
HH1523,Rajasthan,Rice,Rabi,0.25,2,0.475,0,None,3,3000,4,19,52216
HH1524,Uttar Pradesh,Sugarcane,Kharif,1.33,2,0.482,1,Tubewell,2,25515,5,24,130359
HH1525,Karnataka,Cotton,Kharif,1.73,5,0.803,1,Tubewell,2,30392,7,2,138992
HH1526,Madhya Pradesh,Wheat,Kharif,1.67,4,0.731,1,Canal,2,44567,5,21,95088
HH1527,Madhya Pradesh,Millets,Zaid,1.02,1,0.0,1,Tank,3,19866,3,42,92615
HH1528,Madhya Pradesh,Cotton,Kharif,1.5,3,0.703,0,None,2,30645,4,16,108367
HH1529,Bihar,Vegetables,Kharif,4.89,2,0.484,1,Tubewell,3,132939,4,40,347694
HH1530,Andhra Pradesh,Wheat,Kharif,1.87,2,0.504,0,None,2,32760,8,39,91307
HH1531,Madhya Pradesh,Wheat,Kharif,0.98,4,0.759,1,Canal,3,26295,4,36,136250
HH1532,Tamil Nadu,Maize,Rabi,0.88,3,0.649,0,None,2,14052,6,41,52752
HH1533,Haryana,Rice,Zaid,1.17,2,0.544,0,None,3,13497,3,2,73225
HH1534,Madhya Pradesh,Rice,Rabi,5.43,2,0.466,1,Canal,1,137301,4,16,145482
HH1535,Karnataka,Rice,Kharif,1.16,4,0.758,1,Sprinkler,3,32211,6,29,115322
HH1536,Uttar Pradesh,Wheat,Kharif,1.33,3,0.674,0,None,2,17649,7,7,66033
HH1537,Maharashtra,Maize,Kharif,0.9,2,0.498,1,Tubewell,2,20171,4,15,88790
HH1538,Punjab,Soybean,Kharif,3.44,2,0.461,1,Drip,1,96415,4,23,82440
HH1539,Maharashtra,Wheat,Rabi,7.14,2,0.526,0,None,3,92261,5,5,318872
HH1540,Andhra Pradesh,Wheat,Kharif,1.98,5,0.822,0,None,1,28563,3,1,77095
HH1541,Haryana,Vegetables,Kharif,1.45,3,0.647,1,Sprinkler,1,39920,7,5,89126
HH1542,Uttar Pradesh,Rice,Kharif,1.39,2,0.521,0,None,1,17414,4,13,43219
HH1543,Tamil Nadu,Soybean,Kharif,0.18,3,0.678,1,Sprinkler,1,3486,5,26,62496
HH1544,Madhya Pradesh,Pulses,Rabi,2.54,4,0.712,0,None,2,40068,3,13,100604
HH1545,Gujarat,Wheat,Kharif,1.51,2,0.474,0,None,2,31554,2,32,79075
HH1546,Karnataka,Rice,Rabi,1.94,1,0.034,1,Tubewell,1,43590,5,29,71542
HH1547,Bihar,Millets,Rabi,0.74,3,0.676,0,None,2,11136,3,18,35762
HH1548,Andhra Pradesh,Wheat,Kharif,0.97,3,0.65,0,None,2,13264,5,2,70499
HH1549,Uttar Pradesh,Wheat,Zaid,0.95,3,0.641,0,None,2,17446,6,27,72189
HH1550,Punjab,Sugarcane,Kharif,3.22,4,0.735,0,None,2,42559,2,42,209908
HH1551,Gujarat,Wheat,Kharif,0.98,2,0.487,0,None,2,9234,5,3,59737
HH1552,Tamil Nadu,Millets,Rabi,7.93,1,0.0,1,Canal,2,130146,6,30,220283
HH1553,Bihar,Rice,Kharif,1.95,5,0.748,1,Canal,3,32899,5,10,152103
HH1554,West Bengal,Sugarcane,Kharif,0.46,2,0.534,0,None,1,4494,7,9,38216
HH1555,Maharashtra,Maize,Rabi,1.21,3,0.696,0,None,3,19533,3,3,78878
HH1556,Maharashtra,Sugarcane,Rabi,0.78,3,0.629,0,None,1,9617,4,22,65308
HH1557,Tamil Nadu,Maize,Kharif,0.21,3,0.671,0,None,3,5955,4,38,46761
HH1558,Karnataka,Millets,Rabi,5.26,2,0.473,1,Tubewell,2,127620,8,11,154283
HH1559,West Bengal,Pulses,Rabi,2.45,4,0.742,0,None,2,30792,4,6,98322
HH1560,West Bengal,Wheat,Kharif,2.12,4,0.74,0,None,2,39673,4,5,103555
HH1561,Rajasthan,Maize,Rabi,1.55,3,0.654,1,Tubewell,3,37240,6,30,121892
HH1562,Maharashtra,Rice,Zaid,0.42,2,0.56,0,None,2,7307,7,14,36855
HH1563,Bihar,Cotton,Zaid,0.89,1,0.0,1,Tubewell,2,23884,7,2,69296
HH1564,Madhya Pradesh,Rice,Rabi,2.76,1,0.0,1,Tubewell,1,36555,5,33,107661
HH1565,Bihar,Groundnut,Kharif,0.55,2,0.477,0,None,3,5949,5,37,70014
HH1566,Karnataka,Wheat,Rabi,0.16,2,0.531,1,Tubewell,3,7759,4,8,76235
HH1567,Punjab,Groundnut,Kharif,1.11,5,0.75,1,Canal,2,24066,5,10,82065
HH1568,Uttar Pradesh,Wheat,Rabi,1.2,4,0.727,1,Canal,3,26796,4,21,119707
HH1569,Tamil Nadu,Pulses,Kharif,1.51,3,0.71,1,Drip,2,45986,6,19,89580
HH1570,Karnataka,Sugarcane,Rabi,2.51,3,0.674,1,Canal,3,66411,4,35,240165
HH1571,Tamil Nadu,Vegetables,Kharif,2.32,1,0.006,1,Tubewell,2,52944,6,18,131035
HH1572,Maharashtra,Soybean,Zaid,1.68,6,0.897,1,Tubewell,2,57415,3,7,87449
HH1573,Haryana,Millets,Kharif,3.73,2,0.507,1,Tank,1,84273,5,13,80697
HH1574,West Bengal,Groundnut,Kharif,0.37,1,0.0,0,None,3,3000,5,12,44284
HH1575,Maharashtra,Groundnut,Rabi,2.07,2,0.492,1,Sprinkler,3,37654,4,40,146183
HH1576,Uttar Pradesh,Wheat,Kharif,2.3,4,0.716,0,None,3,56740,2,24,140950
HH1577,Uttar Pradesh,Sugarcane,Kharif,0.47,4,0.788,0,None,2,4401,3,18,79749
HH1578,Punjab,Wheat,Zaid,0.38,1,0.017,1,Tubewell,2,6400,8,38,64291
HH1579,Tamil Nadu,Rice,Rabi,0.72,4,0.784,1,Tubewell,2,7215,7,12,74216
HH1580,Andhra Pradesh,Groundnut,Rabi,0.77,2,0.536,0,None,3,6155,3,3,69182
HH1581,Maharashtra,Wheat,Kharif,2.56,1,0.0,1,Canal,3,46766,4,25,150744
HH1582,Rajasthan,Cotton,Rabi,0.8,4,0.722,1,Tubewell,2,15953,5,35,104692
HH1583,Tamil Nadu,Wheat,Kharif,0.65,4,0.748,0,None,2,5748,5,16,53746
HH1584,Andhra Pradesh,Wheat,Kharif,0.8,3,0.641,0,None,3,14703,4,13,79342
HH1585,Gujarat,Rice,Rabi,3.49,3,0.672,0,None,1,63626,7,24,110580
HH1586,Uttar Pradesh,Wheat,Rabi,1.36,4,0.784,0,None,2,17228,7,12,76560
HH1587,Haryana,Rice,Zaid,1.16,4,0.745,1,Drip,1,27679,2,2,53706
HH1588,Rajasthan,Maize,Rabi,1.23,4,0.754,0,None,2,26221,5,26,84575
HH1589,Karnataka,Rice,Rabi,4.05,3,0.664,0,None,3,54048,3,10,195120
HH1590,Haryana,Millets,Rabi,0.71,5,0.824,1,Tubewell,3,17226,5,19,89730
HH1591,Haryana,Millets,Kharif,4.13,6,0.813,1,Tubewell,2,113186,6,22,140256
HH1592,Gujarat,Wheat,Kharif,1.61,1,0.0,0,None,2,25474,5,24,75633
HH1593,Uttar Pradesh,Wheat,Kharif,1.18,4,0.764,0,None,2,22651,5,26,82737
HH1594,Uttar Pradesh,Rice,Kharif,11.31,2,0.53,0,None,3,121434,7,5,488885
HH1595,Haryana,Pulses,Zaid,0.55,2,0.513,1,Canal,2,22841,6,16,43098
HH1596,Tamil Nadu,Maize,Kharif,1.0,3,0.648,1,Sprinkler,2,28252,4,37,91266
HH1597,Madhya Pradesh,Maize,Rabi,0.47,1,0.0,1,Canal,3,4725,4,34,70196
HH1598,Uttar Pradesh,Pulses,Rabi,3.03,3,0.682,0,None,3,43411,6,38,164058
HH1599,Uttar Pradesh,Pulses,Rabi,5.67,4,0.754,1,Sprinkler,3,162921,2,28,232760
HH1600,West Bengal,Vegetables,Rabi,5.58,2,0.496,0,None,3,93080,3,12,348797
HH1601,Maharashtra,Vegetables,Kharif,3.82,2,0.555,0,None,2,69596,6,21,206702
HH1602,Madhya Pradesh,Pulses,Rabi,1.14,5,0.772,0,None,3,27707,2,32,84362
HH1603,Maharashtra,Pulses,Zaid,0.99,2,0.553,1,Tubewell,2,27401,5,25,77521
HH1604,Rajasthan,Cotton,Rabi,0.33,2,0.501,1,Tubewell,1,4064,4,14,43838
HH1605,Uttar Pradesh,Millets,Rabi,7.62,2,0.445,1,Canal,2,189617,6,35,215441
HH1606,Andhra Pradesh,Groundnut,Kharif,2.01,3,0.662,1,Canal,2,33733,6,9,119750
HH1607,Uttar Pradesh,Cotton,Kharif,0.89,3,0.696,0,None,2,8595,7,30,86154
HH1608,Bihar,Sugarcane,Rabi,4.17,4,0.739,0,None,3,81862,3,42,310697
HH1609,Maharashtra,Soybean,Rabi,0.59,2,0.456,1,Tank,1,11080,5,29,48196
HH1610,Andhra Pradesh,Cotton,Kharif,1.91,4,0.745,1,Sprinkler,3,33493,5,39,189120
HH1611,West Bengal,Vegetables,Rabi,1.17,3,0.641,1,Tubewell,1,27719,7,31,94273
HH1612,Punjab,Rice,Kharif,2.32,2,0.515,0,None,2,28110,4,14,106097
HH1613,Andhra Pradesh,Pulses,Zaid,1.28,3,0.69,1,Tubewell,2,31029,3,17,90244
HH1614,Madhya Pradesh,Wheat,Rabi,0.39,3,0.635,0,None,3,8941,4,25,66802
HH1615,Rajasthan,Rice,Kharif,1.44,3,0.646,1,Tubewell,1,39279,5,42,75936
HH1616,Punjab,Vegetables,Zaid,3.29,1,0.023,0,None,3,44035,5,37,237314
HH1617,Gujarat,Wheat,Kharif,1.32,1,0.0,1,Tubewell,3,29986,5,27,110868
HH1618,Punjab,Vegetables,Kharif,2.61,2,0.468,0,None,3,42003,3,18,182445
HH1619,Andhra Pradesh,Wheat,Kharif,0.56,2,0.465,1,Tubewell,1,7784,6,29,56017
HH1620,Haryana,Pulses,Kharif,1.32,3,0.678,1,Tubewell,2,35086,5,18,86091
HH1621,Karnataka,Wheat,Kharif,0.79,1,0.009,0,None,3,14363,4,4,72621
HH1622,Uttar Pradesh,Rice,Kharif,2.55,4,0.729,0,None,2,60343,5,20,109094
HH1623,Tamil Nadu,Pulses,Zaid,1.39,2,0.5,1,Sprinkler,1,29822,6,1,37276
HH1624,Gujarat,Rice,Kharif,2.43,2,0.546,0,None,2,31019,4,24,97240
HH1625,Maharashtra,Millets,Kharif,3.4,3,0.638,0,None,3,65151,7,42,144531
HH1626,Haryana,Vegetables,Rabi,2.43,2,0.441,1,Drip,2,51336,3,24,159024
HH1627,Maharashtra,Rice,Rabi,1.7,4,0.764,1,Tubewell,2,42396,7,5,103694
HH1628,Andhra Pradesh,Sugarcane,Zaid,0.58,1,0.0,0,None,2,10038,6,26,69964
HH1629,Uttar Pradesh,Rice,Rabi,1.35,2,0.479,1,Sprinkler,3,33409,5,18,118117
HH1630,Karnataka,Wheat,Rabi,0.86,4,0.77,1,Tubewell,1,24606,3,36,75661
HH1631,Bihar,Cotton,Kharif,1.01,3,0.692,1,Canal,1,27900,7,1,75202
HH1632,Rajasthan,Maize,Kharif,0.98,2,0.434,1,Canal,1,27672,4,10,50997
HH1633,Punjab,Millets,Kharif,0.59,2,0.48,1,Drip,1,13594,6,17,33540
HH1634,Bihar,Rice,Kharif,0.26,3,0.737,0,None,2,3000,7,35,59209
HH1635,Gujarat,Wheat,Kharif,0.76,6,0.851,1,Sprinkler,1,16742,4,4,55754
HH1636,Maharashtra,Maize,Rabi,1.59,4,0.77,0,None,2,20294,7,44,101003
HH1637,Rajasthan,Rice,Kharif,0.43,2,0.535,0,None,2,8850,5,27,51609
HH1638,Maharashtra,Groundnut,Zaid,1.37,6,0.834,1,Sprinkler,2,48014,5,11,87055
HH1639,Gujarat,Cotton,Zaid,6.79,1,0.024,0,None,3,126644,7,3,340340
HH1640,Gujarat,Millets,Rabi,3.22,1,0.022,1,Tubewell,1,60975,5,28,81439
HH1641,Andhra Pradesh,Soybean,Rabi,5.46,4,0.766,1,Canal,2,136483,5,11,183400
HH1642,West Bengal,Cotton,Kharif,1.88,1,0.0,0,None,2,29842,5,3,74362
HH1643,Andhra Pradesh,Groundnut,Kharif,3.64,1,0.005,0,None,2,71706,5,36,121966
HH1644,Tamil Nadu,Vegetables,Zaid,0.73,2,0.482,1,Canal,3,22424,3,3,113998
HH1645,Uttar Pradesh,Vegetables,Kharif,0.78,2,0.5,1,Tubewell,3,10715,4,25,113987
HH1646,Bihar,Wheat,Kharif,0.13,3,0.632,1,Sprinkler,2,3482,2,12,76082
HH1647,Uttar Pradesh,Cotton,Kharif,3.7,3,0.643,1,Tank,3,53362,3,12,260690
HH1648,Bihar,Sugarcane,Rabi,5.0,2,0.492,0,None,3,83012,6,32,347934
HH1649,Bihar,Cotton,Kharif,0.84,3,0.639,0,None,1,14029,2,40,47850
HH1650,Haryana,Wheat,Rabi,1.09,5,0.785,1,Canal,1,19348,4,10,60890
HH1651,Uttar Pradesh,Groundnut,Kharif,0.71,4,0.745,0,None,2,20993,5,19,64220
HH1652,Madhya Pradesh,Rice,Zaid,1.87,2,0.512,1,Drip,3,35877,7,43,150834
HH1653,Madhya Pradesh,Wheat,Zaid,3.51,6,0.861,0,None,2,90714,4,7,133442
HH1654,Rajasthan,Rice,Rabi,0.31,3,0.653,1,Tubewell,1,5383,6,24,65214
HH1655,Uttar Pradesh,Rice,Rabi,1.91,1,0.04,1,Canal,3,25968,4,39,125038
HH1656,Gujarat,Wheat,Kharif,1.07,1,0.028,1,Tubewell,1,11259,3,32,70961
HH1657,Andhra Pradesh,Groundnut,Zaid,1.49,1,0.015,1,Sprinkler,2,15092,3,23,84739
HH1658,Madhya Pradesh,Millets,Rabi,1.99,3,0.672,1,Canal,1,50587,5,19,57446
HH1659,Rajasthan,Sugarcane,Kharif,1.15,1,0.01,1,Tank,1,11797,3,3,56477
HH1660,Karnataka,Wheat,Kharif,1.24,3,0.703,1,Canal,2,36099,5,25,79846
HH1661,Tamil Nadu,Vegetables,Kharif,1.13,1,0.037,1,Canal,2,13330,5,25,105651
HH1662,Andhra Pradesh,Rice,Rabi,3.08,5,0.84,1,Canal,1,61945,6,6,108597
HH1663,Gujarat,Rice,Kharif,1.93,2,0.501,1,Sprinkler,3,52783,4,33,131909
HH1664,Andhra Pradesh,Cotton,Rabi,1.63,5,0.817,0,None,1,44300,5,33,82635
HH1665,Gujarat,Sugarcane,Rabi,0.46,5,0.84,0,None,2,3157,4,15,74542
HH1666,West Bengal,Vegetables,Kharif,0.98,1,0.0,0,None,2,17230,6,20,62565
HH1667,Maharashtra,Pulses,Zaid,2.9,2,0.49,0,None,3,50621,4,43,138125
HH1668,Gujarat,Maize,Rabi,1.39,1,0.0,0,None,3,15788,5,42,94449
HH1669,Uttar Pradesh,Sugarcane,Kharif,2.36,5,0.827,0,None,1,62828,7,32,128791
HH1670,Bihar,Wheat,Zaid,6.06,3,0.694,1,Tubewell,1,112516,5,24,194363
HH1671,Rajasthan,Sugarcane,Rabi,3.26,1,0.0,1,Sprinkler,3,47425,4,3,242558
HH1672,West Bengal,Pulses,Rabi,1.46,1,0.0,0,None,2,20023,7,4,57604
HH1673,West Bengal,Cotton,Kharif,0.87,2,0.507,0,None,2,15211,4,44,83994
HH1674,Bihar,Wheat,Kharif,0.15,5,0.772,1,Tubewell,1,3000,6,6,38713
HH1675,Bihar,Wheat,Rabi,1.17,3,0.622,1,Tubewell,3,18282,4,19,104938
HH1676,Madhya Pradesh,Sugarcane,Rabi,1.02,4,0.712,1,Sprinkler,3,26022,4,26,153773
HH1677,Uttar Pradesh,Maize,Rabi,1.88,2,0.51,1,Tubewell,1,43496,5,25,69029
HH1678,Rajasthan,Cotton,Zaid,1.18,1,0.041,1,Sprinkler,2,18540,3,25,88590
HH1679,Maharashtra,Groundnut,Kharif,1.03,6,0.834,0,None,3,27008,6,10,86707
HH1680,Haryana,Maize,Kharif,0.3,1,0.006,0,None,2,3000,4,38,33105
HH1681,Rajasthan,Soybean,Rabi,0.61,5,0.835,1,Canal,2,21042,2,20,73222
HH1682,Gujarat,Vegetables,Kharif,2.02,2,0.454,0,None,2,39956,4,5,106689
HH1683,Punjab,Vegetables,Kharif,5.8,1,0.016,1,Tubewell,1,135651,6,42,212738
HH1684,Bihar,Wheat,Zaid,1.24,3,0.667,1,Drip,3,27190,6,44,140560
HH1685,Uttar Pradesh,Soybean,Rabi,1.78,6,0.85,1,Tank,2,59656,5,35,108293
HH1686,West Bengal,Groundnut,Rabi,3.03,5,0.785,0,None,2,57832,4,5,114696
HH1687,Gujarat,Rice,Rabi,0.68,1,0.0,1,Canal,2,16445,5,35,59656
HH1688,Karnataka,Vegetables,Kharif,1.84,1,0.004,1,Tubewell,3,23093,6,3,158770
HH1689,Tamil Nadu,Wheat,Rabi,0.72,3,0.716,1,Tubewell,3,13055,4,41,121517
HH1690,Bihar,Vegetables,Rabi,2.82,3,0.693,0,None,2,40576,4,32,164071
HH1691,Maharashtra,Rice,Kharif,1.54,3,0.652,1,Tubewell,3,18302,5,36,148731
HH1692,Andhra Pradesh,Groundnut,Rabi,1.74,1,0.0,1,Canal,1,34802,7,30,58019
HH1693,Rajasthan,Rice,Kharif,0.69,5,0.75,1,Canal,3,19199,5,39,96385
HH1694,Maharashtra,Cotton,Kharif,2.46,3,0.706,1,Sprinkler,2,31428,4,29,170474
HH1695,Rajasthan,Rice,Kharif,7.94,4,0.721,1,Drip,1,148977,3,26,220492
HH1696,Uttar Pradesh,Wheat,Kharif,0.57,3,0.657,0,None,1,11496,3,25,41967
HH1697,Uttar Pradesh,Millets,Zaid,1.01,2,0.54,0,None,2,20716,7,12,48980
HH1698,Uttar Pradesh,Rice,Kharif,1.64,6,0.785,1,Tubewell,3,35482,6,18,147078
HH1699,Gujarat,Cotton,Kharif,2.63,3,0.712,1,Sprinkler,3,37660,6,26,216708
HH1700,Andhra Pradesh,Soybean,Kharif,0.84,4,0.742,0,None,2,13437,5,15,67091
HH1701,Gujarat,Rice,Rabi,0.12,5,0.766,1,Canal,1,3000,5,5,28609
HH1702,Karnataka,Rice,Kharif,4.29,3,0.66,0,None,3,46006,3,33,217212
HH1703,Madhya Pradesh,Rice,Kharif,2.58,3,0.645,0,None,2,43879,5,41,114392
HH1704,Andhra Pradesh,Soybean,Rabi,0.31,1,0.013,1,Tubewell,2,3000,6,9,26133
HH1705,Karnataka,Pulses,Rabi,0.81,1,0.0,0,None,3,6632,3,32,64939
HH1706,Uttar Pradesh,Vegetables,Rabi,5.12,2,0.443,0,None,1,60910,4,13,215537
HH1707,Punjab,Millets,Rabi,4.62,1,0.0,0,None,2,71040,3,43,145070
HH1708,Maharashtra,Maize,Kharif,3.0,2,0.459,1,Sprinkler,1,87613,4,28,76172
HH1709,Tamil Nadu,Millets,Rabi,1.16,2,0.506,0,None,1,16062,6,23,60486
HH1710,Punjab,Wheat,Rabi,1.45,2,0.464,0,None,3,23576,4,24,106236
HH1711,Maharashtra,Cotton,Kharif,1.21,2,0.485,0,None,1,17697,5,41,86163
HH1712,Uttar Pradesh,Cotton,Kharif,3.52,1,0.005,0,None,2,67036,6,31,161512
HH1713,Bihar,Rice,Kharif,0.64,1,0.0,0,None,1,8458,6,5,20900
HH1714,Karnataka,Vegetables,Kharif,0.68,3,0.675,0,None,2,13354,6,2,63716
HH1715,Uttar Pradesh,Rice,Kharif,3.19,3,0.687,0,None,1,69761,5,30,114176
HH1716,Gujarat,Groundnut,Zaid,1.3,2,0.465,1,Sprinkler,3,38589,4,5,111744
HH1717,Uttar Pradesh,Cotton,Rabi,4.36,3,0.665,0,None,1,79613,3,10,157676
HH1718,Haryana,Rice,Kharif,0.76,4,0.65,0,None,3,12561,5,36,83441
HH1719,Gujarat,Wheat,Kharif,1.29,2,0.507,0,None,2,19675,3,36,88537
HH1720,Maharashtra,Cotton,Kharif,0.62,3,0.658,0,None,2,10531,7,7,47114
HH1721,Maharashtra,Millets,Kharif,1.36,5,0.77,1,Tubewell,3,36711,5,29,85617
HH1722,Uttar Pradesh,Soybean,Rabi,0.38,4,0.759,0,None,1,8672,6,32,29305
HH1723,Madhya Pradesh,Maize,Rabi,0.89,2,0.535,0,None,2,15136,6,27,62276
HH1724,Uttar Pradesh,Rice,Kharif,0.4,3,0.653,0,None,1,3000,6,1,38050
HH1725,Haryana,Cotton,Kharif,2.43,1,0.0,1,Drip,2,55654,7,20,125149
HH1726,Uttar Pradesh,Rice,Zaid,2.48,3,0.672,0,None,3,51928,3,34,158107
HH1727,Andhra Pradesh,Groundnut,Kharif,0.31,6,0.793,1,Tubewell,1,10615,6,36,50076
HH1728,Gujarat,Rice,Kharif,4.19,3,0.647,0,None,3,79677,4,26,208706
HH1729,Bihar,Maize,Kharif,11.28,5,0.837,0,None,2,200000,8,23,350607
HH1730,Tamil Nadu,Soybean,Kharif,1.4,2,0.502,1,Sprinkler,1,28842,6,33,67683
HH1731,Madhya Pradesh,Cotton,Rabi,0.78,6,0.777,1,Tubewell,3,15020,2,1,133437
HH1732,Tamil Nadu,Soybean,Rabi,14.89,3,0.613,1,Drip,3,200000,7,3,600000
HH1733,Andhra Pradesh,Groundnut,Kharif,0.44,1,0.005,0,None,3,12692,4,35,43494
HH1734,Karnataka,Wheat,Kharif,1.37,3,0.693,1,Canal,2,23431,4,35,113963
HH1735,Uttar Pradesh,Maize,Rabi,1.57,2,0.451,0,None,1,24810,5,13,60537
HH1736,West Bengal,Groundnut,Kharif,4.23,1,0.013,1,Tubewell,2,89539,7,33,151175
HH1737,Karnataka,Cotton,Kharif,1.83,4,0.79,1,Tubewell,2,39433,7,13,139266
HH1738,Maharashtra,Rice,Zaid,0.88,2,0.557,0,None,2,8972,5,22,67406
HH1739,Rajasthan,Wheat,Rabi,0.6,4,0.76,1,Tubewell,3,15348,4,5,106821
HH1740,Karnataka,Pulses,Rabi,1.01,2,0.515,1,Drip,3,14864,4,17,91184
HH1741,Bihar,Cotton,Rabi,0.57,1,0.0,0,None,1,6303,4,43,53185
HH1742,Haryana,Rice,Kharif,1.41,6,0.896,1,Tank,2,52556,4,10,89205
HH1743,Bihar,Rice,Zaid,0.84,2,0.483,1,Sprinkler,3,13811,5,27,99526
HH1744,Uttar Pradesh,Wheat,Kharif,0.38,3,0.639,0,None,1,6338,5,15,27852
HH1745,Karnataka,Rice,Kharif,3.92,3,0.659,1,Canal,2,58787,6,42,188855
HH1746,Karnataka,Sugarcane,Kharif,0.88,3,0.712,0,None,1,15425,3,9,52496
HH1747,Uttar Pradesh,Cotton,Kharif,0.46,5,0.866,1,Sprinkler,2,5554,4,7,78153
HH1748,Madhya Pradesh,Vegetables,Kharif,1.17,3,0.671,1,Canal,2,20684,4,10,122181
HH1749,Bihar,Pulses,Kharif,1.43,2,0.53,1,Tubewell,1,44752,5,41,76881
HH1750,Uttar Pradesh,Sugarcane,Kharif,0.31,4,0.751,0,None,1,5817,5,13,33675
HH1751,Andhra Pradesh,Pulses,Kharif,1.79,1,0.0,1,Tank,2,21960,5,16,77554
HH1752,Maharashtra,Sugarcane,Kharif,0.55,3,0.711,0,None,2,11226,4,34,85759
HH1753,Uttar Pradesh,Soybean,Kharif,5.78,5,0.781,0,None,1,114334,6,8,138466
HH1754,Madhya Pradesh,Rice,Kharif,2.11,3,0.713,0,None,3,33092,5,31,121756
HH1755,Gujarat,Rice,Kharif,0.96,4,0.789,1,Canal,2,33437,4,28,76937
HH1756,Bihar,Rice,Kharif,0.72,3,0.685,1,Sprinkler,1,13445,5,7,57194
HH1757,Gujarat,Wheat,Kharif,1.23,4,0.805,0,None,3,23048,5,34,109683
HH1758,Karnataka,Groundnut,Rabi,2.27,5,0.867,1,Sprinkler,2,52805,2,33,131255
HH1759,Uttar Pradesh,Rice,Kharif,1.32,2,0.495,0,None,1,20953,4,4,36821
HH1760,Andhra Pradesh,Rice,Kharif,1.12,1,0.0,1,Tubewell,3,26520,4,38,102204
HH1761,Karnataka,Pulses,Zaid,1.42,2,0.444,1,Tubewell,1,22363,4,26,47676
HH1762,West Bengal,Soybean,Rabi,0.81,3,0.734,0,None,3,8746,4,2,77752
HH1763,Uttar Pradesh,Sugarcane,Rabi,1.01,2,0.487,0,None,3,17861,4,32,134863
HH1764,Karnataka,Rice,Rabi,0.23,1,0.034,0,None,2,3000,4,39,23879
HH1765,Maharashtra,Vegetables,Kharif,3.09,2,0.478,0,None,1,34878,7,42,144374
HH1766,Madhya Pradesh,Rice,Rabi,1.74,5,0.846,1,Tubewell,1,38987,4,41,77114
HH1767,Haryana,Maize,Rabi,0.7,3,0.646,0,None,1,8528,4,2,35412
HH1768,Karnataka,Soybean,Kharif,6.78,2,0.464,1,Tank,3,123811,4,26,302458
HH1769,Rajasthan,Cotton,Rabi,1.45,1,0.0,1,Canal,2,19191,8,27,98034
HH1770,Rajasthan,Pulses,Rabi,0.56,2,0.484,1,Tubewell,1,3000,5,15,41453
HH1771,Karnataka,Rice,Kharif,2.8,1,0.018,0,None,2,40750,5,21,115005
HH1772,Bihar,Vegetables,Kharif,1.89,1,0.0,1,Canal,1,18059,6,27,111970
HH1773,West Bengal,Maize,Kharif,1.89,5,0.819,1,Canal,1,67237,4,34,75714
HH1774,Gujarat,Maize,Kharif,0.94,6,0.824,1,Drip,1,18855,8,11,67576
HH1775,Bihar,Millets,Kharif,1.98,1,0.0,1,Tubewell,3,46789,3,23,113472
HH1776,Madhya Pradesh,Maize,Kharif,1.08,1,0.0,0,None,1,19114,5,22,35771
HH1777,Punjab,Vegetables,Kharif,2.17,2,0.561,0,None,2,28277,3,23,143991
HH1778,Karnataka,Rice,Zaid,0.27,2,0.507,1,Tank,1,3000,6,1,35734
HH1779,Madhya Pradesh,Vegetables,Rabi,0.93,2,0.44,1,Tubewell,2,24118,3,12,98606
HH1780,West Bengal,Groundnut,Rabi,5.83,2,0.484,1,Tubewell,2,94465,5,25,223430
HH1781,Uttar Pradesh,Millets,Kharif,0.7,2,0.503,0,None,1,11160,3,6,15000
HH1782,West Bengal,Pulses,Kharif,0.81,4,0.805,1,Canal,2,12360,5,34,87017
HH1783,Karnataka,Wheat,Rabi,0.92,3,0.698,0,None,2,10970,4,28,79126
HH1784,Punjab,Sugarcane,Kharif,0.48,3,0.639,0,None,1,9209,7,25,53681
HH1785,Punjab,Pulses,Kharif,0.21,2,0.573,1,Tank,3,3334,3,18,70214
HH1786,West Bengal,Soybean,Rabi,1.11,5,0.799,0,None,2,23532,5,1,54241
HH1787,Punjab,Sugarcane,Kharif,1.52,5,0.837,1,Canal,3,49809,5,32,198368
HH1788,Tamil Nadu,Rice,Kharif,1.29,1,0.0,1,Tubewell,2,32193,7,29,66391
HH1789,Uttar Pradesh,Cotton,Zaid,1.19,2,0.428,1,Tubewell,3,25073,6,20,146866
HH1790,Andhra Pradesh,Soybean,Kharif,1.4,3,0.625,1,Tubewell,2,40318,8,13,86370
HH1791,Maharashtra,Vegetables,Rabi,3.22,1,0.0,1,Tubewell,1,52596,4,12,142592
HH1792,Haryana,Sugarcane,Zaid,1.15,2,0.563,0,None,3,11924,4,8,124233
HH1793,Andhra Pradesh,Rice,Kharif,0.83,3,0.673,1,Drip,3,22758,4,39,118043
HH1794,Punjab,Soybean,Rabi,1.06,3,0.639,1,Canal,3,28840,5,8,91099
HH1795,Uttar Pradesh,Pulses,Kharif,2.21,2,0.514,1,Tubewell,1,47010,4,18,81274
HH1796,Uttar Pradesh,Sugarcane,Rabi,4.48,3,0.673,1,Sprinkler,2,107344,6,21,258404
HH1797,Haryana,Pulses,Kharif,0.79,5,0.819,0,None,2,13015,2,28,64373
HH1798,Uttar Pradesh,Cotton,Zaid,1.47,2,0.536,0,None,2,24256,2,31,91131
HH1799,Uttar Pradesh,Pulses,Rabi,1.8,3,0.658,0,None,3,41238,6,15,92619
HH1800,Uttar Pradesh,Vegetables,Rabi,0.58,1,0.0,1,Tubewell,2,12759,7,39,98391
HH1801,Gujarat,Millets,Rabi,1.37,1,0.025,0,None,2,15004,6,33,67814
HH1802,Haryana,Vegetables,Kharif,0.39,3,0.691,1,Canal,2,10553,3,38,112744
HH1803,Rajasthan,Wheat,Kharif,0.3,1,0.003,0,None,2,3971,7,23,40289
HH1804,Madhya Pradesh,Pulses,Kharif,1.84,1,0.065,1,Tubewell,2,44122,5,16,72681
HH1805,Rajasthan,Soybean,Kharif,0.97,1,0.0,0,None,1,11110,6,24,31290
HH1806,Bihar,Rice,Rabi,1.6,3,0.64,0,None,2,23830,4,21,93302
HH1807,Punjab,Rice,Rabi,1.33,3,0.68,0,None,1,15835,5,8,64082
HH1808,Maharashtra,Cotton,Kharif,0.59,2,0.48,1,Canal,2,8826,4,42,108242
HH1809,Maharashtra,Vegetables,Kharif,1.3,3,0.682,0,None,2,29586,8,17,100801
HH1810,Uttar Pradesh,Maize,Rabi,0.47,1,0.0,1,Canal,3,3000,5,15,64821
HH1811,Punjab,Maize,Kharif,4.4,3,0.655,0,None,2,92700,6,14,158465
HH1812,Bihar,Rice,Rabi,0.43,2,0.557,1,Tubewell,2,10851,5,20,51662
HH1813,Madhya Pradesh,Cotton,Kharif,1.14,3,0.655,0,None,1,17042,3,32,70796
HH1814,Uttar Pradesh,Rice,Kharif,0.56,6,0.809,1,Tubewell,3,18504,5,11,87840
HH1815,Uttar Pradesh,Sugarcane,Rabi,2.19,5,0.835,0,None,1,48781,5,38,118495
HH1816,Gujarat,Millets,Kharif,1.02,1,0.0,1,Canal,3,23974,6,32,87075
HH1817,Madhya Pradesh,Pulses,Kharif,0.87,4,0.729,0,None,2,15905,4,4,55850
HH1818,Bihar,Wheat,Rabi,2.79,1,0.017,1,Tubewell,1,40467,6,29,104474
HH1819,Tamil Nadu,Maize,Kharif,1.38,5,0.828,1,Tank,2,39629,5,5,70937
HH1820,Rajasthan,Sugarcane,Rabi,2.09,2,0.537,0,None,1,28541,2,43,108843
HH1821,Maharashtra,Rice,Zaid,0.59,2,0.478,0,None,1,11014,6,12,38562
HH1822,Uttar Pradesh,Millets,Rabi,0.41,1,0.018,1,Tank,2,12047,7,43,50015
HH1823,Tamil Nadu,Cotton,Rabi,1.48,1,0.0,1,Sprinkler,2,25194,5,39,123768
HH1824,Bihar,Sugarcane,Kharif,1.03,3,0.649,0,None,1,24057,4,23,63722
HH1825,Punjab,Soybean,Rabi,2.3,5,0.836,1,Canal,2,56163,5,33,120478
HH1826,Andhra Pradesh,Wheat,Kharif,1.26,3,0.651,0,None,3,17661,4,16,99537
HH1827,Uttar Pradesh,Wheat,Rabi,1.61,3,0.675,0,None,2,33935,5,44,104414
HH1828,Gujarat,Wheat,Kharif,0.34,4,0.755,0,None,2,6211,5,11,63699
HH1829,Bihar,Cotton,Kharif,6.72,2,0.468,1,Canal,1,125191,2,8,236547
HH1830,Madhya Pradesh,Wheat,Rabi,1.17,1,0.029,1,Sprinkler,1,22502,4,33,44953
HH1831,Gujarat,Pulses,Rabi,2.44,1,0.017,1,Canal,3,55780,4,34,132550
HH1832,Tamil Nadu,Groundnut,Kharif,0.66,2,0.44,1,Canal,2,8578,4,21,73907
HH1833,Tamil Nadu,Pulses,Kharif,1.75,2,0.508,0,None,2,20050,4,38,71642
HH1834,Bihar,Vegetables,Kharif,0.45,1,0.0,1,Tubewell,1,12192,6,17,39519
HH1835,Bihar,Groundnut,Rabi,1.98,1,0.033,1,Canal,1,44302,5,34,70654
HH1836,Punjab,Wheat,Kharif,1.0,1,0.0,0,None,3,13046,6,41,91583
HH1837,Uttar Pradesh,Maize,Kharif,1.38,5,0.789,0,None,2,34912,4,3,57015
HH1838,Rajasthan,Wheat,Kharif,2.44,1,0.011,1,Sprinkler,3,33547,2,24,153760
HH1839,Gujarat,Rice,Kharif,0.47,3,0.669,1,Drip,3,3000,4,22,77517
HH1840,Maharashtra,Soybean,Rabi,0.75,3,0.69,0,None,3,10756,6,10,74595
HH1841,Rajasthan,Soybean,Kharif,1.99,3,0.621,0,None,2,41825,5,5,70506
HH1842,Karnataka,Rice,Kharif,8.03,1,0.05,0,None,1,91962,5,41,242087
HH1843,Karnataka,Cotton,Zaid,1.2,2,0.516,0,None,2,13241,4,31,88390
HH1844,Tamil Nadu,Rice,Rabi,2.23,1,0.041,0,None,3,21790,3,24,129510
HH1845,Gujarat,Groundnut,Rabi,1.23,2,0.526,1,Drip,2,17712,6,11,90234
HH1846,Madhya Pradesh,Millets,Rabi,7.04,1,0.0,1,Sprinkler,3,158218,2,14,230741
HH1847,Uttar Pradesh,Groundnut,Rabi,0.31,3,0.628,0,None,3,3000,3,4,62049
HH1848,Maharashtra,Vegetables,Kharif,1.46,3,0.65,1,Canal,3,23791,4,8,148269
HH1849,West Bengal,Sugarcane,Kharif,0.34,3,0.715,0,None,2,5389,5,7,59374
HH1850,Punjab,Rice,Rabi,0.16,2,0.542,0,None,1,3000,8,35,37294
HH1851,Madhya Pradesh,Groundnut,Rabi,1.74,2,0.481,1,Drip,1,27209,3,32,80798
HH1852,Bihar,Wheat,Kharif,1.52,4,0.665,0,None,2,32282,5,22,75422
HH1853,West Bengal,Cotton,Kharif,1.06,2,0.494,0,None,3,26917,5,22,116140
HH1854,West Bengal,Groundnut,Zaid,1.23,3,0.658,1,Tubewell,3,19420,6,43,129433
HH1855,Gujarat,Pulses,Kharif,15.0,4,0.743,0,None,1,200000,5,26,351000
HH1856,Madhya Pradesh,Sugarcane,Kharif,1.08,2,0.516,1,Drip,2,24482,6,36,116360
HH1857,Bihar,Millets,Kharif,2.08,2,0.526,0,None,2,24474,5,29,85619
HH1858,Karnataka,Sugarcane,Kharif,0.78,2,0.53,0,None,2,9044,5,4,70294
HH1859,West Bengal,Rice,Rabi,1.73,1,0.013,1,Canal,1,37342,5,31,65637
HH1860,Haryana,Sugarcane,Kharif,1.1,1,0.0,1,Drip,2,17254,7,22,115492
HH1861,Bihar,Vegetables,Rabi,0.95,1,0.0,0,None,3,12631,5,8,94447
HH1862,Punjab,Maize,Kharif,6.33,1,0.069,1,Tank,3,93157,5,21,282348
HH1863,Maharashtra,Groundnut,Rabi,3.67,3,0.678,1,Canal,2,95274,4,15,155760
HH1864,Andhra Pradesh,Maize,Kharif,1.52,4,0.761,1,Canal,2,22910,5,4,80747
HH1865,Gujarat,Maize,Kharif,0.19,2,0.511,0,None,1,3000,5,42,33334
HH1866,Gujarat,Wheat,Zaid,0.99,5,0.812,1,Canal,3,21466,6,5,112292
HH1867,Uttar Pradesh,Wheat,Kharif,13.43,5,0.729,1,Tubewell,1,200000,5,36,392422
HH1868,Maharashtra,Wheat,Rabi,1.11,5,0.793,1,Tubewell,1,17877,4,2,63748
HH1869,Uttar Pradesh,Sugarcane,Zaid,3.45,4,0.749,1,Sprinkler,1,58516,5,8,167266
HH1870,Haryana,Vegetables,Kharif,4.6,2,0.538,0,None,2,48235,4,4,241458
HH1871,Bihar,Vegetables,Kharif,1.63,1,0.001,1,Tubewell,3,20388,3,13,161066
HH1872,Maharashtra,Rice,Kharif,0.66,3,0.618,1,Tubewell,3,10350,6,14,103557
HH1873,Andhra Pradesh,Maize,Kharif,0.17,3,0.68,1,Drip,2,3308,3,9,53226
HH1874,West Bengal,Cotton,Rabi,2.41,4,0.726,1,Tubewell,3,67963,5,28,210195
HH1875,Haryana,Maize,Kharif,0.68,6,0.796,1,Tubewell,2,18016,8,38,72230
HH1876,Andhra Pradesh,Soybean,Zaid,1.57,3,0.642,0,None,2,31399,3,12,77749
HH1877,Tamil Nadu,Wheat,Rabi,0.47,2,0.516,0,None,3,4708,4,28,70542
HH1878,Andhra Pradesh,Pulses,Rabi,1.08,1,0.038,1,Drip,2,31025,6,13,50486
HH1879,Madhya Pradesh,Pulses,Kharif,1.39,1,0.014,1,Sprinkler,1,14203,3,21,74198
HH1880,Tamil Nadu,Rice,Kharif,1.7,3,0.686,1,Canal,3,39684,6,38,137653
HH1881,Punjab,Groundnut,Kharif,0.52,3,0.681,1,Canal,1,17112,2,26,49320
HH1882,West Bengal,Rice,Rabi,3.73,4,0.753,0,None,1,77534,7,25,106835
HH1883,Punjab,Rice,Kharif,0.81,3,0.688,1,Canal,2,10717,3,22,84947
HH1884,Bihar,Millets,Rabi,0.33,5,0.727,1,Tubewell,1,3000,7,8,49943
HH1885,Maharashtra,Soybean,Rabi,1.23,3,0.67,1,Tubewell,2,19457,6,37,85608
HH1886,Karnataka,Wheat,Rabi,1.39,4,0.719,1,Drip,2,37695,5,40,110423
HH1887,Uttar Pradesh,Soybean,Rabi,1.55,1,0.035,0,None,2,24821,6,22,66779
HH1888,Madhya Pradesh,Vegetables,Rabi,4.3,4,0.746,0,None,3,90347,3,13,269085
HH1889,Haryana,Pulses,Kharif,1.1,3,0.668,0,None,3,8258,3,37,104402
HH1890,Gujarat,Rice,Kharif,1.22,1,0.0,0,None,1,21552,4,14,39423
HH1891,Uttar Pradesh,Vegetables,Kharif,0.53,1,0.031,0,None,3,5025,5,18,73535
HH1892,Rajasthan,Vegetables,Rabi,2.71,5,0.819,1,Sprinkler,2,47466,6,33,183560
HH1893,Bihar,Maize,Kharif,1.58,1,0.017,0,None,3,23730,5,7,90452
HH1894,Maharashtra,Sugarcane,Rabi,0.94,2,0.476,1,Canal,3,15542,5,10,152593
HH1895,Andhra Pradesh,Rice,Rabi,0.27,2,0.477,0,None,1,6231,5,30,29345
HH1896,Haryana,Wheat,Kharif,4.61,3,0.674,0,None,2,59324,6,34,192463
HH1897,Tamil Nadu,Sugarcane,Rabi,0.48,4,0.729,1,Tubewell,3,10201,6,3,96779
HH1898,Maharashtra,Vegetables,Kharif,0.82,2,0.513,0,None,2,16756,8,40,77454
HH1899,Rajasthan,Vegetables,Kharif,1.83,2,0.435,1,Tubewell,1,25900,2,12,114262
HH1900,Bihar,Sugarcane,Rabi,0.49,6,0.818,0,None,1,5684,4,36,65238
HH1901,Andhra Pradesh,Vegetables,Zaid,0.38,4,0.804,0,None,1,3000,7,31,44981
HH1902,Uttar Pradesh,Groundnut,Rabi,0.22,4,0.763,1,Tubewell,1,5765,6,23,60674
HH1903,Bihar,Maize,Zaid,2.49,2,0.505,0,None,2,40766,4,8,91315
HH1904,Uttar Pradesh,Wheat,Rabi,0.85,2,0.56,0,None,2,10955,8,1,43348
HH1905,Bihar,Cotton,Rabi,15.0,2,0.43,0,None,1,200000,6,35,511722
HH1906,Maharashtra,Rice,Kharif,0.58,3,0.643,1,Tubewell,2,13927,3,15,72404
HH1907,Gujarat,Rice,Kharif,0.62,1,0.0,0,None,3,10150,6,28,45577
HH1908,Rajasthan,Rice,Kharif,0.83,2,0.526,0,None,3,15028,6,12,69707
HH1909,Madhya Pradesh,Groundnut,Kharif,1.66,1,0.026,1,Tank,2,26275,4,1,93305
HH1910,Maharashtra,Rice,Rabi,0.91,2,0.474,1,Canal,3,14858,5,11,85404
HH1911,Madhya Pradesh,Cotton,Rabi,2.27,4,0.78,0,None,3,46032,8,37,185243
HH1912,West Bengal,Millets,Rabi,0.59,1,0.0,0,None,3,10289,5,2,31839
HH1913,Gujarat,Vegetables,Kharif,0.42,3,0.703,0,None,3,3000,6,35,106033
HH1914,Rajasthan,Groundnut,Kharif,0.29,5,0.769,1,Canal,3,8584,3,8,70809
HH1915,Karnataka,Wheat,Kharif,0.2,2,0.496,0,None,2,3000,6,31,46650
HH1916,Haryana,Soybean,Kharif,0.87,3,0.652,1,Tubewell,1,13570,4,21,51027
HH1917,West Bengal,Sugarcane,Zaid,1.05,6,0.865,1,Tubewell,2,38179,3,3,95703
HH1918,Tamil Nadu,Soybean,Rabi,0.79,5,0.784,0,None,1,16701,5,25,33080
HH1919,Rajasthan,Cotton,Kharif,3.88,2,0.499,1,Canal,3,55850,6,41,284289
HH1920,Karnataka,Maize,Rabi,3.83,1,0.015,0,None,2,45648,5,28,139236
HH1921,Haryana,Millets,Rabi,1.02,1,0.016,0,None,3,13831,7,28,69942
HH1922,Uttar Pradesh,Wheat,Rabi,0.29,3,0.694,0,None,3,9105,5,2,56379
HH1923,Tamil Nadu,Wheat,Zaid,0.83,3,0.673,0,None,2,13810,3,8,71927
HH1924,Rajasthan,Sugarcane,Rabi,0.81,3,0.654,1,Canal,1,23227,7,1,70071
HH1925,Bihar,Maize,Rabi,0.77,2,0.49,1,Tubewell,1,13201,3,21,57026
HH1926,Uttar Pradesh,Rice,Zaid,0.75,1,0.001,0,None,2,8260,6,15,33232
HH1927,Tamil Nadu,Vegetables,Kharif,0.77,3,0.674,1,Tubewell,3,22870,3,8,127767
HH1928,Karnataka,Cotton,Kharif,0.97,2,0.496,0,None,3,16610,8,40,111035
HH1929,Punjab,Cotton,Kharif,0.79,3,0.668,0,None,1,11847,4,22,53387
HH1930,Uttar Pradesh,Soybean,Rabi,1.61,2,0.454,0,None,1,19610,5,39,65129
HH1931,Tamil Nadu,Vegetables,Rabi,1.83,2,0.52,1,Tank,1,40072,5,20,96668
HH1932,Tamil Nadu,Millets,Rabi,0.62,2,0.505,1,Tubewell,2,15391,3,13,55914
HH1933,Tamil Nadu,Rice,Kharif,3.98,2,0.53,1,Canal,3,55469,5,26,230346
HH1934,Tamil Nadu,Cotton,Rabi,0.59,2,0.5,1,Tubewell,1,10534,3,39,66640
HH1935,Punjab,Rice,Rabi,0.34,1,0.0,0,None,2,8074,6,7,24168
HH1936,Bihar,Pulses,Kharif,1.87,2,0.489,0,None,2,23222,7,11,88183
HH1937,Madhya Pradesh,Maize,Kharif,0.67,1,0.0,1,Canal,2,14940,6,31,63910
HH1938,Bihar,Vegetables,Rabi,1.77,1,0.022,1,Tubewell,2,39954,5,34,128691
HH1939,Andhra Pradesh,Millets,Rabi,0.17,3,0.605,0,None,2,7581,2,11,31354
HH1940,Uttar Pradesh,Maize,Rabi,4.41,2,0.501,1,Tubewell,2,95615,2,24,178170
HH1941,Uttar Pradesh,Rice,Kharif,2.39,3,0.682,0,None,2,50128,5,25,108712
HH1942,Rajasthan,Cotton,Kharif,0.38,3,0.647,0,None,2,8695,5,33,72575
HH1943,Bihar,Rice,Rabi,0.38,3,0.669,1,Tubewell,2,8794,6,29,75954
HH1944,Haryana,Vegetables,Zaid,5.59,5,0.781,1,Sprinkler,3,163008,5,21,366602
HH1945,Bihar,Rice,Zaid,0.72,1,0.0,0,None,3,8690,8,33,74129
HH1946,Andhra Pradesh,Maize,Rabi,0.66,3,0.655,0,None,2,15495,5,6,37583
HH1947,Karnataka,Rice,Rabi,0.2,5,0.779,1,Canal,3,4376,5,37,95258
HH1948,Maharashtra,Rice,Kharif,1.0,4,0.771,1,Tank,3,30310,4,2,94427
HH1949,Madhya Pradesh,Wheat,Rabi,1.11,1,0.0,1,Sprinkler,2,15068,4,42,93125
HH1950,Karnataka,Maize,Kharif,2.48,2,0.473,1,Tubewell,3,48645,5,30,152750
HH1951,Uttar Pradesh,Rice,Rabi,0.41,1,0.053,0,None,2,3000,5,28,45157
HH1952,Maharashtra,Maize,Kharif,0.37,3,0.696,1,Canal,3,13771,4,32,91995
HH1953,Tamil Nadu,Soybean,Rabi,1.98,3,0.611,1,Canal,2,42569,3,27,102984
HH1954,Haryana,Millets,Rabi,3.18,2,0.477,0,None,3,43188,4,39,149462
HH1955,Gujarat,Pulses,Kharif,0.36,3,0.674,0,None,2,10613,2,22,45252
HH1956,Gujarat,Maize,Kharif,3.38,3,0.677,0,None,2,51699,5,15,128910
HH1957,Punjab,Vegetables,Kharif,1.39,2,0.455,0,None,2,25403,4,43,118887
HH1958,Karnataka,Cotton,Kharif,3.41,4,0.785,1,Tubewell,2,60000,4,38,211949
HH1959,Punjab,Maize,Kharif,1.27,4,0.775,1,Tubewell,1,26819,5,37,66370
HH1960,Bihar,Cotton,Rabi,0.16,1,0.014,1,Canal,1,3000,5,36,47302
HH1961,Uttar Pradesh,Wheat,Rabi,1.19,3,0.708,0,None,2,25697,5,38,86368
HH1962,Rajasthan,Groundnut,Zaid,3.32,2,0.514,1,Tank,2,45244,5,7,125925
HH1963,West Bengal,Wheat,Kharif,0.63,3,0.68,0,None,2,8627,5,31,83325
HH1964,Rajasthan,Cotton,Kharif,0.97,5,0.847,0,None,1,18443,6,44,98122
HH1965,Tamil Nadu,Cotton,Kharif,1.16,4,0.783,1,Canal,2,30519,5,30,111341
HH1966,Tamil Nadu,Pulses,Kharif,0.11,2,0.475,0,None,1,3000,5,14,24232
HH1967,Maharashtra,Rice,Rabi,5.59,2,0.519,1,Canal,1,119387,8,34,154837
HH1968,Rajasthan,Cotton,Rabi,0.63,2,0.48,1,Canal,1,14850,4,27,53092
HH1969,Rajasthan,Pulses,Rabi,2.07,3,0.682,1,Canal,2,56457,6,23,94111
HH1970,Uttar Pradesh,Rice,Kharif,1.25,1,0.014,0,None,1,23350,5,3,22878
HH1971,Uttar Pradesh,Millets,Rabi,3.93,3,0.625,1,Sprinkler,2,110043,6,5,121449
HH1972,West Bengal,Pulses,Zaid,1.91,1,0.0,1,Tubewell,2,45828,4,42,94770
HH1973,Madhya Pradesh,Cotton,Kharif,1.11,2,0.508,1,Canal,1,24402,4,30,96586
HH1974,Andhra Pradesh,Soybean,Zaid,0.63,2,0.487,1,Sprinkler,2,16713,4,7,58718
HH1975,Madhya Pradesh,Millets,Kharif,2.66,6,0.842,1,Sprinkler,2,95021,6,41,108421
HH1976,Gujarat,Maize,Kharif,0.27,3,0.691,0,None,3,7552,6,18,58808
HH1977,Madhya Pradesh,Rice,Zaid,2.34,2,0.499,1,Drip,3,34725,3,38,168058
HH1978,Karnataka,Vegetables,Rabi,0.53,1,0.007,1,Sprinkler,3,7510,6,10,82625
HH1979,West Bengal,Rice,Kharif,3.91,3,0.709,1,Tubewell,2,97387,2,44,169312
HH1980,West Bengal,Wheat,Kharif,1.55,2,0.514,1,Tubewell,2,27846,4,34,105493
HH1981,Maharashtra,Pulses,Rabi,2.33,3,0.673,0,None,3,25092,5,33,138983
HH1982,Bihar,Wheat,Rabi,1.45,4,0.721,0,None,2,18789,5,32,76359
HH1983,Karnataka,Groundnut,Rabi,0.3,3,0.687,1,Tubewell,2,6322,6,31,77365
HH1984,Karnataka,Sugarcane,Kharif,0.65,3,0.677,0,None,2,17342,5,28,79202
HH1985,Uttar Pradesh,Groundnut,Rabi,2.39,3,0.706,0,None,2,42165,8,4,96348
HH1986,Uttar Pradesh,Wheat,Kharif,1.56,5,0.801,0,None,1,42662,6,15,62928
HH1987,Haryana,Cotton,Rabi,3.68,5,0.746,0,None,3,90103,4,2,218442
HH1988,Andhra Pradesh,Wheat,Rabi,1.9,3,0.616,1,Canal,3,29133,6,23,153428
HH1989,Karnataka,Wheat,Kharif,0.59,2,0.522,1,Tubewell,1,8381,6,23,66557
HH1990,Haryana,Wheat,Kharif,0.69,2,0.483,0,None,3,10214,8,35,67687
HH1991,Bihar,Wheat,Kharif,1.47,1,0.013,0,None,1,24443,2,27,40050
HH1992,Maharashtra,Millets,Kharif,0.19,3,0.67,0,None,1,3000,6,26,22368
HH1993,Tamil Nadu,Maize,Kharif,5.6,3,0.662,1,Tank,2,109589,3,34,221498
HH1994,Uttar Pradesh,Sugarcane,Kharif,1.96,1,0.0,0,None,1,37090,5,13,85182
HH1995,Bihar,Sugarcane,Kharif,3.83,1,0.0,1,Tubewell,2,96529,4,40,218572
HH1996,Punjab,Millets,Rabi,0.35,2,0.5,0,None,1,6027,7,10,26785
HH1997,Gujarat,Soybean,Kharif,3.89,4,0.732,1,Tank,2,62089,4,39,179933
HH1998,Uttar Pradesh,Groundnut,Kharif,9.0,3,0.656,1,Tubewell,2,163458,5,26,327051
HH1999,Uttar Pradesh,Wheat,Zaid,0.44,3,0.657,1,Drip,3,6910,5,4,93590
HH2000,Madhya Pradesh,Sugarcane,Kharif,2.6,2,0.493,0,None,3,36590,2,18,205181
HH2001,Madhya Pradesh,Wheat,Kharif,1.35,3,0.695,1,Tubewell,1,23977,5,35,85996
HH2002,Madhya Pradesh,Soybean,Rabi,0.36,2,0.496,0,None,2,7946,5,17,42588
HH2003,West Bengal,Cotton,Kharif,2.05,3,0.698,1,Drip,3,33425,5,27,190828
HH2004,Madhya Pradesh,Groundnut,Rabi,2.74,1,0.046,0,None,3,48893,3,8,124585
HH2005,Madhya Pradesh,Wheat,Kharif,0.81,2,0.526,1,Tubewell,2,16877,3,13,79487
HH2006,Bihar,Cotton,Kharif,3.64,2,0.516,0,None,2,62426,4,22,174052
HH2007,Karnataka,Sugarcane,Rabi,0.33,2,0.51,1,Canal,2,11949,6,36,86138
HH2008,Bihar,Rice,Kharif,0.38,5,0.826,1,Canal,2,5334,4,43,78881
HH2009,Uttar Pradesh,Rice,Kharif,1.52,1,0.003,1,Tank,3,39465,5,30,108474
HH2010,Karnataka,Wheat,Kharif,1.38,2,0.53,1,Canal,1,22012,4,35,79930
HH2011,Uttar Pradesh,Maize,Kharif,0.73,3,0.685,0,None,3,13247,6,4,65692
HH2012,Uttar Pradesh,Soybean,Kharif,2.69,4,0.739,0,None,1,44062,4,13,84168
HH2013,West Bengal,Cotton,Kharif,2.12,2,0.527,0,None,2,40627,3,6,111583
HH2014,Uttar Pradesh,Sugarcane,Rabi,2.8,3,0.67,1,Tubewell,1,45915,4,18,148518
HH2015,Andhra Pradesh,Maize,Rabi,1.22,4,0.747,1,Tubewell,2,37588,6,8,77828
HH2016,Karnataka,Sugarcane,Rabi,2.25,2,0.486,1,Tubewell,2,28913,7,41,189730
HH2017,Rajasthan,Rice,Rabi,0.92,2,0.505,0,None,1,14001,3,20,51071
HH2018,West Bengal,Cotton,Rabi,7.73,2,0.53,1,Sprinkler,3,152396,6,21,430429
HH2019,Uttar Pradesh,Wheat,Zaid,0.68,4,0.777,1,Drip,2,21515,3,32,75889
HH2020,Punjab,Maize,Kharif,8.08,1,0.011,1,Tank,2,142901,4,32,274264
HH2021,Gujarat,Groundnut,Zaid,1.39,2,0.518,1,Tubewell,2,40644,2,2,76425
HH2022,Tamil Nadu,Maize,Kharif,0.42,3,0.705,0,None,1,6159,7,42,27238
HH2023,Gujarat,Wheat,Rabi,4.32,3,0.663,0,None,2,101840,6,2,165470
HH2024,Uttar Pradesh,Wheat,Rabi,1.5,2,0.467,0,None,2,15602,4,41,101439
HH2025,Karnataka,Rice,Rabi,2.78,3,0.706,1,Tubewell,2,67994,4,32,126877
HH2026,Madhya Pradesh,Cotton,Kharif,3.82,1,0.0,1,Tank,3,65174,5,22,238331
HH2027,Haryana,Cotton,Rabi,1.8,2,0.479,0,None,1,37056,3,26,105374
HH2028,Gujarat,Wheat,Kharif,0.82,3,0.613,0,None,2,18947,3,41,62552
HH2029,Madhya Pradesh,Groundnut,Rabi,3.09,5,0.817,0,None,1,76157,6,10,97723
HH2030,Punjab,Cotton,Zaid,1.35,2,0.451,1,Tank,2,20126,4,39,137067
HH2031,Maharashtra,Soybean,Kharif,2.42,4,0.727,0,None,2,57800,6,5,80138
HH2032,Tamil Nadu,Soybean,Kharif,0.22,3,0.685,0,None,1,7118,4,12,18254
HH2033,Karnataka,Maize,Kharif,1.97,1,0.022,0,None,2,12263,3,41,99246
HH2034,Gujarat,Pulses,Kharif,0.78,3,0.647,0,None,2,3294,7,41,54162
HH2035,Tamil Nadu,Rice,Zaid,5.5,1,0.0,1,Tank,3,105770,7,32,249379
HH2036,Rajasthan,Rice,Rabi,2.29,6,0.807,1,Drip,2,69431,5,40,122201
HH2037,Uttar Pradesh,Groundnut,Kharif,1.66,4,0.734,0,None,1,20414,5,18,67160
HH2038,Maharashtra,Cotton,Rabi,2.04,2,0.508,1,Canal,1,28193,5,10,115880
HH2039,Maharashtra,Millets,Rabi,0.58,2,0.485,0,None,1,5102,4,23,36107
HH2040,Madhya Pradesh,Wheat,Kharif,5.36,2,0.493,1,Canal,1,148018,6,1,143884
HH2041,West Bengal,Wheat,Kharif,7.34,2,0.456,0,None,2,120544,6,42,275214
HH2042,Tamil Nadu,Maize,Rabi,1.89,2,0.534,0,None,3,33117,6,37,109508
HH2043,Andhra Pradesh,Wheat,Kharif,5.22,2,0.515,1,Sprinkler,1,111682,5,18,168706
HH2044,Uttar Pradesh,Cotton,Kharif,0.83,3,0.691,0,None,2,16043,6,30,83518
HH2045,West Bengal,Pulses,Kharif,0.69,1,0.039,0,None,2,12296,3,19,40915
HH2046,Haryana,Rice,Rabi,1.4,4,0.725,1,Sprinkler,2,35022,2,38,103602
HH2047,Uttar Pradesh,Maize,Kharif,1.95,4,0.739,1,Drip,1,46317,5,17,77923
HH2048,Haryana,Wheat,Rabi,0.97,2,0.443,0,None,3,24135,3,28,85194
HH2049,Andhra Pradesh,Cotton,Rabi,2.13,4,0.844,1,Canal,3,67950,5,22,187274
HH2050,Uttar Pradesh,Wheat,Kharif,1.75,2,0.496,1,Tubewell,3,30841,6,38,147374
HH2051,Karnataka,Rice,Rabi,0.58,1,0.031,1,Tubewell,2,14061,4,32,54552
HH2052,Karnataka,Rice,Kharif,2.1,3,0.63,1,Tubewell,2,52820,2,25,116737
HH2053,Maharashtra,Millets,Rabi,2.81,2,0.53,1,Tubewell,3,54665,7,9,143628
HH2054,Gujarat,Soybean,Zaid,1.56,3,0.723,0,None,3,22791,2,36,115298
HH2055,West Bengal,Vegetables,Kharif,3.6,4,0.748,0,None,1,77677,7,37,170613
HH2056,Punjab,Rice,Rabi,0.48,5,0.77,0,None,3,6201,3,1,58665
HH2057,Karnataka,Rice,Kharif,2.01,3,0.663,0,None,3,24350,6,29,150476
HH2058,Karnataka,Maize,Kharif,0.5,4,0.683,1,Tank,1,15623,7,15,49426
HH2059,Punjab,Groundnut,Kharif,0.52,1,0.0,0,None,2,3000,7,44,24713
HH2060,Andhra Pradesh,Cotton,Rabi,0.79,1,0.025,0,None,2,11373,7,29,75585
HH2061,Uttar Pradesh,Cotton,Kharif,0.61,3,0.666,0,None,3,10989,7,21,83776
HH2062,Andhra Pradesh,Cotton,Kharif,0.85,2,0.491,0,None,2,15262,5,12,69440
HH2063,Bihar,Rice,Rabi,1.13,2,0.516,1,Canal,1,31995,5,26,65207
HH2064,Karnataka,Groundnut,Rabi,2.75,2,0.518,1,Tubewell,1,48722,5,31,105565
HH2065,Uttar Pradesh,Wheat,Rabi,1.03,3,0.617,1,Tubewell,2,21478,7,35,93327
HH2066,Bihar,Wheat,Kharif,0.35,1,0.003,0,None,1,4239,6,14,15000
HH2067,Maharashtra,Soybean,Rabi,3.56,3,0.74,1,Drip,1,85808,6,7,100071
HH2068,Madhya Pradesh,Rice,Zaid,0.66,1,0.0,1,Tubewell,2,8355,5,3,61081
HH2069,Maharashtra,Groundnut,Kharif,1.28,1,0.0,1,Tank,3,18910,5,41,102993
HH2070,Rajasthan,Pulses,Rabi,1.97,2,0.558,1,Canal,2,28227,7,4,96013
HH2071,Bihar,Rice,Kharif,1.6,2,0.533,1,Canal,2,31534,4,2,96096
HH2072,Andhra Pradesh,Maize,Rabi,3.42,4,0.735,1,Drip,1,109122,4,35,91476
HH2073,Maharashtra,Cotton,Rabi,2.03,1,0.006,1,Tubewell,2,41639,8,33,133201
HH2074,West Bengal,Rice,Zaid,0.65,1,0.0,1,Canal,3,11470,5,37,92689
HH2075,West Bengal,Soybean,Rabi,8.6,3,0.645,1,Tubewell,2,156460,5,41,301764
HH2076,West Bengal,Maize,Rabi,1.59,2,0.498,1,Tubewell,2,22798,6,13,101185
HH2077,Maharashtra,Soybean,Kharif,1.19,1,0.0,1,Canal,1,22197,6,7,46099
HH2078,Karnataka,Vegetables,Kharif,3.06,1,0.003,0,None,2,53392,4,39,157749
HH2079,Gujarat,Wheat,Kharif,1.67,6,0.811,0,None,3,48847,4,27,117210
HH2080,Bihar,Soybean,Rabi,1.9,3,0.629,1,Tubewell,2,35511,6,3,86303
HH2081,Uttar Pradesh,Groundnut,Kharif,11.23,2,0.499,0,None,1,142700,6,17,321243
HH2082,Uttar Pradesh,Rice,Zaid,1.07,2,0.551,1,Sprinkler,3,15775,4,25,112349
HH2083,Karnataka,Millets,Kharif,1.03,2,0.502,0,None,1,17507,6,30,25279
HH2084,West Bengal,Wheat,Kharif,1.49,2,0.49,0,None,2,29389,5,14,71030
HH2085,Andhra Pradesh,Groundnut,Zaid,3.36,3,0.69,1,Tubewell,2,85292,5,29,147450
HH2086,Andhra Pradesh,Groundnut,Kharif,0.38,4,0.745,1,Canal,3,3801,8,5,72577
HH2087,Uttar Pradesh,Sugarcane,Rabi,0.25,1,0.056,1,Tubewell,3,5240,5,7,67533
HH2088,Punjab,Rice,Kharif,0.82,4,0.75,0,None,2,7411,3,19,62585
HH2089,Bihar,Wheat,Kharif,0.34,1,0.021,1,Tubewell,2,4921,4,33,61344
HH2090,Rajasthan,Wheat,Kharif,0.94,2,0.477,0,None,2,11267,4,21,72639
HH2091,Bihar,Sugarcane,Kharif,2.07,1,0.015,0,None,1,41216,7,21,94960
HH2092,Gujarat,Wheat,Rabi,0.63,1,0.008,0,None,3,8600,4,17,49992
HH2093,Maharashtra,Maize,Rabi,0.4,5,0.798,1,Canal,2,10655,5,23,45489
HH2094,Andhra Pradesh,Wheat,Rabi,1.43,2,0.485,0,None,2,14718,6,27,99612
HH2095,Madhya Pradesh,Rice,Kharif,2.81,1,0.0,1,Sprinkler,1,59851,4,31,89477
HH2096,Bihar,Cotton,Kharif,0.32,5,0.808,0,None,1,6995,6,15,38904
HH2097,Tamil Nadu,Maize,Rabi,2.71,4,0.769,0,None,2,34148,4,40,136335
HH2098,Punjab,Vegetables,Kharif,2.7,4,0.746,0,None,2,47256,4,40,173411
HH2099,Bihar,Rice,Rabi,3.04,5,0.809,1,Drip,1,77511,8,1,102092
HH2100,Rajasthan,Wheat,Kharif,3.8,2,0.499,1,Tubewell,1,95588,4,20,122913
HH2101,Gujarat,Millets,Zaid,8.77,4,0.753,0,None,2,179204,6,41,228334
HH2102,Andhra Pradesh,Wheat,Kharif,1.0,3,0.661,1,Tank,1,15922,6,34,64422
HH2103,Maharashtra,Vegetables,Kharif,1.48,4,0.751,1,Tubewell,2,25072,4,1,126760
HH2104,Haryana,Sugarcane,Kharif,0.95,4,0.831,1,Canal,2,19095,4,32,129725
HH2105,Bihar,Rice,Kharif,1.35,2,0.509,1,Drip,2,22443,6,22,87663
HH2106,Madhya Pradesh,Soybean,Rabi,4.97,4,0.769,0,None,3,72153,5,29,229823
HH2107,West Bengal,Millets,Zaid,0.43,2,0.513,1,Tubewell,1,5657,4,11,37048
HH2108,West Bengal,Pulses,Kharif,0.65,2,0.492,1,Tubewell,3,10708,6,33,82711
HH2109,Madhya Pradesh,Soybean,Kharif,4.35,1,0.039,1,Tubewell,3,99424,6,38,209080
HH2110,Gujarat,Sugarcane,Kharif,3.21,5,0.791,1,Tubewell,2,79561,4,1,203353
HH2111,Maharashtra,Wheat,Rabi,0.99,2,0.532,0,None,3,14302,2,38,93217
HH2112,Maharashtra,Cotton,Kharif,2.79,3,0.657,0,None,3,37543,4,9,196665
HH2113,Maharashtra,Cotton,Rabi,1.8,2,0.471,1,Tubewell,3,44456,5,13,169099
HH2114,West Bengal,Pulses,Rabi,4.83,5,0.811,1,Drip,2,120513,7,24,168794
HH2115,Punjab,Wheat,Rabi,1.44,2,0.467,0,None,2,13883,6,36,78006
HH2116,Maharashtra,Cotton,Rabi,3.23,4,0.766,0,None,2,75905,4,20,177479
HH2117,Karnataka,Cotton,Rabi,12.75,4,0.714,1,Tubewell,1,199299,7,43,471219
HH2118,Tamil Nadu,Cotton,Kharif,2.24,2,0.49,0,None,3,51816,6,1,154630
HH2119,Uttar Pradesh,Rice,Kharif,1.41,2,0.457,0,None,2,14970,6,35,88067
HH2120,West Bengal,Wheat,Kharif,2.49,3,0.752,0,None,2,53567,5,43,129097
HH2121,Bihar,Sugarcane,Kharif,0.99,5,0.75,1,Tubewell,3,26219,6,20,154908
HH2122,Andhra Pradesh,Groundnut,Kharif,10.28,4,0.75,1,Tubewell,3,200000,6,40,459486
HH2123,Gujarat,Maize,Kharif,1.57,2,0.534,1,Tubewell,1,22628,6,1,56846
HH2124,Karnataka,Cotton,Kharif,1.07,4,0.781,1,Tubewell,3,20992,3,6,126577
HH2125,Gujarat,Soybean,Rabi,0.66,2,0.526,0,None,2,15816,6,41,49286
HH2126,Punjab,Soybean,Rabi,3.43,3,0.657,0,None,2,75883,6,26,110452
HH2127,Punjab,Wheat,Kharif,2.82,4,0.791,1,Canal,3,75071,4,29,175250
HH2128,Maharashtra,Rice,Rabi,0.88,1,0.027,0,None,3,14046,4,41,73558
HH2129,West Bengal,Vegetables,Rabi,2.2,4,0.756,1,Canal,2,31014,6,15,151579
HH2130,Karnataka,Maize,Kharif,0.37,3,0.674,1,Tubewell,2,8738,4,37,61487
HH2131,Maharashtra,Rice,Zaid,1.58,4,0.741,0,None,2,25046,4,19,84125
HH2132,Uttar Pradesh,Wheat,Kharif,1.98,1,0.0,1,Tubewell,2,24342,4,9,95125
HH2133,Andhra Pradesh,Groundnut,Rabi,5.76,2,0.537,1,Drip,1,133776,4,41,162870
HH2134,Andhra Pradesh,Soybean,Zaid,0.7,4,0.789,1,Tubewell,2,18771,7,17,73800
HH2135,Haryana,Millets,Rabi,0.46,1,0.0,0,None,1,3000,6,32,30950
HH2136,West Bengal,Sugarcane,Rabi,0.63,1,0.0,0,None,2,10156,4,28,52751
HH2137,Uttar Pradesh,Rice,Zaid,0.43,6,0.829,1,Tank,3,11918,3,15,87009
HH2138,Haryana,Groundnut,Kharif,4.2,2,0.499,1,Sprinkler,1,54800,4,42,131963
HH2139,Maharashtra,Wheat,Kharif,5.03,6,0.835,0,None,3,132279,4,28,246356
HH2140,West Bengal,Wheat,Rabi,1.77,1,0.028,1,Tank,1,30555,2,9,61384
HH2141,Bihar,Wheat,Rabi,3.81,2,0.478,1,Sprinkler,2,52018,7,27,184446
HH2142,Andhra Pradesh,Wheat,Rabi,1.51,4,0.725,1,Tubewell,2,40875,6,19,98361
HH2143,Haryana,Vegetables,Zaid,1.25,3,0.704,0,None,3,20250,6,7,142726
HH2144,Madhya Pradesh,Maize,Kharif,1.02,3,0.653,0,None,3,9290,6,25,103358
HH2145,Karnataka,Rice,Rabi,1.04,3,0.629,0,None,2,13780,6,30,77348
HH2146,Bihar,Maize,Zaid,0.36,4,0.735,0,None,1,3000,5,13,35978
HH2147,Karnataka,Soybean,Kharif,1.69,2,0.49,1,Tubewell,2,37755,8,2,87136
HH2148,Rajasthan,Pulses,Zaid,1.3,2,0.547,0,None,2,20179,6,18,60803
HH2149,Andhra Pradesh,Vegetables,Kharif,2.54,1,0.028,1,Canal,2,56655,5,40,158198
HH2150,Bihar,Rice,Zaid,1.46,3,0.701,0,None,1,30877,6,8,46268
HH2151,Rajasthan,Vegetables,Zaid,1.18,2,0.525,1,Drip,1,29817,4,20,81073
HH2152,Maharashtra,Rice,Kharif,0.64,2,0.528,0,None,2,10648,8,9,50760
HH2153,Haryana,Rice,Rabi,1.44,2,0.479,0,None,2,24788,2,13,69630
HH2154,Bihar,Rice,Rabi,2.53,1,0.0,0,None,2,33819,5,21,82408
HH2155,Uttar Pradesh,Wheat,Kharif,0.51,1,0.0,1,Tubewell,2,3000,3,28,82077
HH2156,Maharashtra,Vegetables,Kharif,1.45,3,0.661,0,None,2,13682,6,44,126045
HH2157,Maharashtra,Soybean,Kharif,1.65,2,0.521,0,None,3,30771,8,7,111179
HH2158,Rajasthan,Soybean,Rabi,0.73,4,0.754,0,None,2,15436,4,31,57407
HH2159,Karnataka,Pulses,Kharif,0.82,3,0.706,1,Tubewell,2,16037,6,23,70987
HH2160,Bihar,Cotton,Zaid,1.64,1,0.0,1,Drip,1,40384,4,13,82516
HH2161,Punjab,Rice,Kharif,0.52,3,0.682,1,Tubewell,2,6894,3,36,76382
HH2162,Tamil Nadu,Soybean,Rabi,1.82,1,0.0,1,Tubewell,2,34835,4,2,81780
HH2163,Rajasthan,Vegetables,Kharif,0.63,4,0.753,0,None,2,7746,4,34,84534
HH2164,West Bengal,Millets,Rabi,3.33,6,0.855,1,Tubewell,3,83792,5,5,145268
HH2165,Karnataka,Cotton,Zaid,9.85,3,0.661,0,None,3,187678,6,2,525456
HH2166,Gujarat,Vegetables,Kharif,0.65,3,0.684,0,None,3,7090,4,34,102508
HH2167,Punjab,Vegetables,Kharif,2.13,2,0.471,1,Drip,1,45590,3,2,104105
HH2168,Uttar Pradesh,Rice,Rabi,0.73,2,0.45,1,Sprinkler,2,17755,4,20,83945
HH2169,Punjab,Soybean,Kharif,3.27,4,0.767,0,None,2,66590,4,8,117553
HH2170,Madhya Pradesh,Rice,Kharif,0.46,1,0.052,0,None,2,8101,4,23,23420
HH2171,Punjab,Sugarcane,Kharif,2.03,2,0.47,1,Sprinkler,2,41108,4,37,170595
HH2172,Uttar Pradesh,Pulses,Kharif,0.64,2,0.537,1,Sprinkler,3,9209,5,16,81788
HH2173,Maharashtra,Vegetables,Rabi,1.13,3,0.668,0,None,2,31794,6,22,95948
HH2174,West Bengal,Maize,Zaid,0.56,2,0.46,0,None,1,12794,3,8,27633
HH2175,Maharashtra,Vegetables,Rabi,2.72,5,0.766,1,Canal,2,79263,6,43,182822
HH2176,West Bengal,Rice,Kharif,0.66,1,0.0,1,Tank,1,5877,5,43,54061
HH2177,Madhya Pradesh,Wheat,Kharif,2.16,2,0.488,1,Canal,1,28860,5,26,107914
HH2178,Punjab,Wheat,Zaid,1.01,3,0.628,0,None,1,12701,6,40,55899
HH2179,Haryana,Vegetables,Zaid,1.22,2,0.449,1,Tank,1,28315,4,23,80459
HH2180,Andhra Pradesh,Pulses,Kharif,1.53,3,0.642,0,None,3,19076,7,16,94722
HH2181,Madhya Pradesh,Maize,Zaid,0.71,1,0.006,1,Canal,2,16391,3,21,53170
HH2182,Maharashtra,Millets,Zaid,1.61,1,0.0,0,None,1,28104,5,40,42003
HH2183,Uttar Pradesh,Groundnut,Kharif,4.96,1,0.0,0,None,2,48816,4,29,195315
HH2184,Madhya Pradesh,Maize,Rabi,0.7,5,0.806,0,None,3,17499,4,20,76119
HH2185,Punjab,Maize,Rabi,3.65,3,0.698,1,Tubewell,2,61506,5,12,166656
HH2186,Gujarat,Vegetables,Kharif,4.82,4,0.762,1,Drip,3,137986,7,37,342346
HH2187,West Bengal,Rice,Kharif,0.67,2,0.496,1,Tubewell,2,10182,5,26,76775
HH2188,Bihar,Rice,Kharif,0.39,3,0.695,1,Tubewell,3,6662,5,3,96956
HH2189,Bihar,Wheat,Zaid,1.74,2,0.471,1,Drip,1,19479,7,18,87746
HH2190,Punjab,Pulses,Rabi,0.85,5,0.793,0,None,2,23539,5,1,45517
HH2191,Madhya Pradesh,Millets,Kharif,6.61,3,0.661,1,Tubewell,2,163469,4,19,176537
HH2192,West Bengal,Cotton,Rabi,1.39,3,0.63,0,None,3,26648,8,13,114481
HH2193,Punjab,Pulses,Kharif,0.68,1,0.0,0,None,3,7438,6,43,57528
HH2194,Tamil Nadu,Maize,Kharif,0.51,3,0.605,1,Canal,2,15259,7,33,66072
HH2195,Uttar Pradesh,Sugarcane,Rabi,3.41,2,0.557,0,None,1,42120,4,30,145322
HH2196,Karnataka,Vegetables,Rabi,0.83,5,0.772,1,Tubewell,2,33336,5,22,105746
HH2197,Karnataka,Maize,Kharif,1.4,2,0.548,0,None,1,24723,4,27,32657
HH2198,West Bengal,Sugarcane,Kharif,3.04,2,0.501,1,Canal,2,75548,6,13,200575
HH2199,Andhra Pradesh,Rice,Rabi,0.89,2,0.517,1,Drip,2,26076,7,8,53502
HH2200,Rajasthan,Rice,Rabi,1.3,2,0.485,0,None,2,11860,4,2,68579
HH2201,Gujarat,Soybean,Rabi,1.33,1,0.006,1,Canal,3,19913,3,19,97959
HH2202,Uttar Pradesh,Rice,Rabi,2.41,4,0.77,1,Tubewell,1,42795,4,24,110888
HH2203,Karnataka,Groundnut,Rabi,2.23,3,0.687,0,None,2,22005,5,5,104878
HH2204,Uttar Pradesh,Soybean,Rabi,1.12,4,0.773,0,None,2,23015,4,8,61725
HH2205,Haryana,Sugarcane,Zaid,1.42,4,0.739,0,None,2,19399,5,20,119715
HH2206,Gujarat,Groundnut,Kharif,0.98,2,0.486,1,Tubewell,2,28943,4,35,77077
HH2207,Madhya Pradesh,Millets,Zaid,0.38,3,0.619,1,Tubewell,1,3585,7,2,32405
HH2208,West Bengal,Wheat,Kharif,1.68,1,0.016,1,Tubewell,3,33764,5,6,113078
HH2209,Madhya Pradesh,Maize,Rabi,6.74,5,0.832,0,None,2,82745,5,16,237654
HH2210,Gujarat,Vegetables,Kharif,0.64,2,0.548,0,None,1,7060,4,36,66020
HH2211,Bihar,Rice,Kharif,0.7,2,0.509,0,None,2,4016,3,2,41769
HH2212,Bihar,Wheat,Zaid,0.64,2,0.477,0,None,1,13899,5,14,42579
HH2213,Uttar Pradesh,Maize,Kharif,2.5,2,0.449,1,Tubewell,1,49659,6,38,96176
HH2214,Gujarat,Maize,Rabi,1.98,2,0.531,1,Tank,2,46205,7,26,102697
HH2215,Haryana,Rice,Rabi,1.18,2,0.446,0,None,1,25922,3,20,33661
HH2216,Madhya Pradesh,Cotton,Kharif,0.62,4,0.74,1,Sprinkler,3,17290,6,29,132073
HH2217,Bihar,Sugarcane,Zaid,1.46,4,0.743,0,None,3,17685,4,4,158744
HH2218,Madhya Pradesh,Cotton,Rabi,0.36,2,0.498,1,Drip,2,8362,6,20,72308
HH2219,West Bengal,Groundnut,Zaid,1.52,2,0.501,0,None,2,18825,4,24,88934
HH2220,Uttar Pradesh,Vegetables,Rabi,2.83,4,0.754,1,Tubewell,2,58666,3,1,180436
HH2221,Haryana,Sugarcane,Rabi,0.47,1,0.0,0,None,1,9086,5,25,24983
HH2222,Andhra Pradesh,Cotton,Kharif,0.37,4,0.75,1,Tubewell,2,14885,7,14,72798
HH2223,Uttar Pradesh,Groundnut,Rabi,5.17,2,0.433,0,None,2,109734,4,35,181813
HH2224,Madhya Pradesh,Maize,Kharif,0.8,3,0.689,0,None,1,4568,2,21,49872
HH2225,Uttar Pradesh,Pulses,Rabi,3.55,3,0.65,1,Canal,2,82235,7,36,129178
HH2226,Karnataka,Sugarcane,Kharif,1.18,3,0.602,0,None,3,16549,5,23,127896
HH2227,Madhya Pradesh,Maize,Kharif,1.18,4,0.726,1,Tubewell,3,36711,6,20,106119
HH2228,Tamil Nadu,Rice,Kharif,1.96,1,0.0,1,Sprinkler,1,29504,3,26,65938
HH2229,Madhya Pradesh,Vegetables,Zaid,0.64,2,0.536,1,Tubewell,1,9587,7,27,79204
HH2230,Madhya Pradesh,Cotton,Rabi,1.51,3,0.673,1,Tubewell,1,44947,4,41,112085
HH2231,Bihar,Groundnut,Rabi,0.98,4,0.76,0,None,3,23141,7,14,83045
HH2232,Uttar Pradesh,Cotton,Rabi,0.44,2,0.535,1,Canal,3,11717,3,36,120026
HH2233,West Bengal,Rice,Rabi,1.8,4,0.747,0,None,3,23411,7,4,104255
HH2234,West Bengal,Cotton,Kharif,1.08,2,0.523,1,Canal,2,20368,5,26,102865
HH2235,Punjab,Rice,Rabi,1.18,1,0.021,0,None,2,21554,5,44,72231
HH2236,Tamil Nadu,Cotton,Zaid,0.48,4,0.711,1,Canal,2,20109,3,40,83190
HH2237,West Bengal,Wheat,Kharif,5.22,1,0.044,0,None,3,51493,5,16,244588
HH2238,Maharashtra,Wheat,Rabi,2.84,3,0.624,0,None,3,35132,5,43,189394
HH2239,Uttar Pradesh,Rice,Rabi,3.06,1,0.028,0,None,2,54011,6,39,113585
HH2240,Maharashtra,Groundnut,Kharif,1.04,2,0.454,0,None,2,14872,6,20,47089
HH2241,Bihar,Groundnut,Zaid,0.31,3,0.685,0,None,3,8516,5,24,58328
HH2242,Uttar Pradesh,Wheat,Kharif,7.1,3,0.723,0,None,1,110421,4,10,218350
HH2243,Tamil Nadu,Sugarcane,Kharif,1.28,2,0.494,1,Tubewell,3,26589,7,2,159135
HH2244,Gujarat,Sugarcane,Zaid,0.71,2,0.492,0,None,2,18220,7,9,65667
HH2245,West Bengal,Cotton,Rabi,1.92,2,0.518,1,Tubewell,2,36217,4,18,133601
HH2246,Andhra Pradesh,Wheat,Kharif,3.64,2,0.49,0,None,2,63932,5,42,176394
HH2247,Uttar Pradesh,Wheat,Kharif,1.32,5,0.855,0,None,2,14654,4,30,85183
HH2248,West Bengal,Pulses,Zaid,4.0,4,0.756,1,Tubewell,2,69592,6,3,145724
HH2249,Tamil Nadu,Vegetables,Kharif,3.39,1,0.0,1,Tubewell,3,77279,3,29,251823
HH2250,Uttar Pradesh,Cotton,Rabi,0.54,1,0.0,1,Sprinkler,3,12762,8,7,73296
HH2251,Uttar Pradesh,Groundnut,Kharif,0.76,5,0.772,1,Drip,2,20362,5,25,82883
HH2252,West Bengal,Sugarcane,Zaid,3.05,3,0.648,0,None,2,40226,2,24,180716
HH2253,Punjab,Rice,Rabi,0.13,3,0.656,1,Drip,2,3332,7,43,80046
HH2254,Bihar,Vegetables,Rabi,1.19,4,0.735,1,Tubewell,2,36350,5,6,108596
HH2255,West Bengal,Wheat,Rabi,0.4,2,0.48,0,None,3,3000,5,15,55643
HH2256,Tamil Nadu,Groundnut,Zaid,0.9,2,0.563,1,Tubewell,1,25933,4,15,47091
HH2257,Andhra Pradesh,Maize,Zaid,1.05,5,0.769,1,Tank,1,24049,4,40,59061
HH2258,Karnataka,Soybean,Rabi,1.0,3,0.671,0,None,3,23379,7,27,80943
HH2259,Madhya Pradesh,Sugarcane,Rabi,0.84,1,0.018,1,Canal,1,12624,5,21,48909
HH2260,Karnataka,Groundnut,Kharif,0.53,1,0.019,1,Canal,3,6277,2,32,70447
HH2261,Bihar,Rice,Kharif,9.47,2,0.498,1,Tubewell,1,200000,4,32,247056
HH2262,Tamil Nadu,Rice,Rabi,6.6,4,0.743,0,None,3,87723,5,12,305028
HH2263,West Bengal,Pulses,Rabi,0.5,2,0.514,1,Tubewell,3,10182,3,44,87645
HH2264,Karnataka,Groundnut,Zaid,5.18,1,0.008,0,None,3,73931,3,9,216481
HH2265,Tamil Nadu,Vegetables,Kharif,0.96,5,0.792,0,None,3,21129,3,20,132009
HH2266,Punjab,Sugarcane,Rabi,1.51,1,0.0,0,None,1,21813,5,15,74146
HH2267,Tamil Nadu,Sugarcane,Rabi,1.28,1,0.0,1,Canal,2,22108,4,13,103423
HH2268,Haryana,Maize,Rabi,0.77,2,0.466,1,Drip,2,10299,4,8,64758
HH2269,Maharashtra,Wheat,Kharif,3.12,2,0.48,1,Tubewell,3,40249,3,21,194738
HH2270,Andhra Pradesh,Groundnut,Rabi,1.5,2,0.501,1,Tubewell,1,30221,6,25,67166
HH2271,Uttar Pradesh,Vegetables,Kharif,0.9,5,0.811,0,None,3,19967,6,35,126461
HH2272,Rajasthan,Pulses,Rabi,0.45,4,0.803,0,None,1,7818,6,40,48701
HH2273,Karnataka,Sugarcane,Rabi,0.63,2,0.484,1,Tubewell,3,18144,5,30,126888
HH2274,Punjab,Cotton,Kharif,0.33,2,0.523,1,Tubewell,2,5945,6,31,92398
HH2275,Gujarat,Vegetables,Rabi,1.36,3,0.676,1,Canal,2,35344,5,6,113514
HH2276,Tamil Nadu,Groundnut,Zaid,0.49,2,0.539,0,None,2,10841,5,11,54870
HH2277,Bihar,Vegetables,Kharif,1.08,1,0.017,0,None,1,16712,4,42,59845
HH2278,Andhra Pradesh,Soybean,Rabi,4.33,5,0.77,0,None,2,99248,3,8,149743
HH2279,Punjab,Pulses,Kharif,3.74,1,0.0,0,None,2,53165,4,8,133835
HH2280,Uttar Pradesh,Rice,Rabi,1.31,1,0.009,0,None,2,24501,5,39,84804
HH2281,Madhya Pradesh,Soybean,Kharif,1.25,2,0.484,1,Canal,3,21382,7,12,93089
HH2282,Rajasthan,Rice,Kharif,6.67,2,0.471,1,Tubewell,2,94869,4,3,258468
HH2283,Karnataka,Groundnut,Rabi,2.1,1,0.0,1,Drip,2,33382,5,43,103728
HH2284,Uttar Pradesh,Soybean,Kharif,1.02,1,0.005,0,None,3,10921,5,16,67303
HH2285,Maharashtra,Rice,Kharif,0.4,2,0.545,0,None,3,6868,5,41,75534
HH2286,Madhya Pradesh,Maize,Zaid,1.89,3,0.655,1,Tubewell,1,45247,2,27,84177
HH2287,Gujarat,Rice,Rabi,2.73,2,0.518,1,Tubewell,3,54503,3,16,154314
HH2288,Rajasthan,Rice,Rabi,0.79,2,0.497,1,Tubewell,3,20243,4,5,77068
HH2289,Karnataka,Rice,Rabi,1.73,3,0.628,1,Tubewell,3,22889,7,40,142040
HH2290,Maharashtra,Sugarcane,Rabi,0.99,4,0.772,1,Tubewell,3,31235,2,12,151816
HH2291,Tamil Nadu,Rice,Kharif,1.15,2,0.467,0,None,2,24087,5,3,58611
HH2292,Madhya Pradesh,Rice,Kharif,0.16,1,0.001,0,None,2,3000,7,35,33198
HH2293,Maharashtra,Wheat,Kharif,1.12,2,0.49,1,Canal,2,17359,5,3,72359
HH2294,Andhra Pradesh,Rice,Rabi,3.08,3,0.694,0,None,2,34042,5,31,142650
HH2295,Uttar Pradesh,Wheat,Kharif,0.79,1,0.0,0,None,2,16875,4,24,39953
HH2296,Uttar Pradesh,Maize,Rabi,1.41,2,0.512,0,None,2,17314,5,41,76700
HH2297,Maharashtra,Maize,Kharif,0.71,1,0.0,0,None,2,9590,5,29,41590
HH2298,Uttar Pradesh,Millets,Rabi,1.83,1,0.0,1,Tank,2,33643,6,33,67035
HH2299,Uttar Pradesh,Rice,Rabi,1.12,2,0.391,0,None,2,14243,5,38,76430
HH2300,Rajasthan,Vegetables,Kharif,0.61,2,0.563,0,None,2,10355,5,16,56947
HH2301,Bihar,Cotton,Kharif,4.19,4,0.767,1,Tubewell,3,108911,7,33,283904
HH2302,Tamil Nadu,Cotton,Rabi,2.97,3,0.644,1,Drip,2,86323,6,10,169070
HH2303,Andhra Pradesh,Cotton,Rabi,0.81,2,0.466,1,Tubewell,3,14898,5,30,114548
HH2304,Madhya Pradesh,Rice,Rabi,2.06,2,0.485,1,Drip,2,45472,5,34,102704
HH2305,Gujarat,Sugarcane,Kharif,2.13,2,0.522,1,Tubewell,1,26800,6,35,145714
HH2306,Rajasthan,Vegetables,Zaid,2.33,1,0.0,1,Canal,1,48026,6,7,95428
HH2307,Uttar Pradesh,Pulses,Rabi,0.32,4,0.746,0,None,2,5997,4,6,45481
HH2308,Tamil Nadu,Millets,Kharif,3.18,6,0.886,0,None,2,46851,5,15,116289
HH2309,Uttar Pradesh,Vegetables,Kharif,0.83,1,0.0,1,Tank,3,9547,3,32,111210
HH2310,Rajasthan,Soybean,Rabi,1.0,1,0.002,1,Tubewell,3,24582,5,2,74156
HH2311,Andhra Pradesh,Sugarcane,Kharif,12.71,1,0.066,1,Canal,3,168549,7,32,600000
HH2312,West Bengal,Pulses,Zaid,1.74,3,0.686,1,Canal,2,41881,4,28,83479
HH2313,Andhra Pradesh,Groundnut,Rabi,0.97,3,0.671,1,Drip,2,25593,3,21,81730
HH2314,Haryana,Rice,Kharif,0.21,4,0.765,0,None,2,3833,3,17,50591
HH2315,Gujarat,Soybean,Zaid,4.4,4,0.738,0,None,2,94426,4,19,151625
HH2316,Uttar Pradesh,Cotton,Kharif,0.43,2,0.539,0,None,2,6206,4,14,56078
HH2317,Madhya Pradesh,Maize,Kharif,0.58,3,0.655,0,None,2,3000,5,34,57954
HH2318,Rajasthan,Pulses,Rabi,1.02,3,0.608,0,None,3,14074,6,20,86804
HH2319,Karnataka,Soybean,Rabi,4.5,3,0.655,0,None,2,88918,7,21,155930
HH2320,Karnataka,Pulses,Kharif,2.6,2,0.471,1,Drip,3,63352,3,3,125228
HH2321,West Bengal,Vegetables,Kharif,1.18,3,0.659,1,Drip,2,16787,6,14,119413
HH2322,Haryana,Rice,Rabi,1.75,3,0.659,1,Tank,2,33988,3,21,93725
HH2323,Tamil Nadu,Rice,Rabi,0.81,3,0.703,1,Tubewell,3,21092,4,27,80502
HH2324,Madhya Pradesh,Cotton,Rabi,1.52,3,0.688,0,None,1,30551,8,7,64517
HH2325,Bihar,Vegetables,Rabi,1.44,3,0.675,1,Tubewell,2,28329,3,42,157766
HH2326,Gujarat,Wheat,Rabi,3.08,3,0.667,0,None,2,64109,2,29,143189
HH2327,Bihar,Soybean,Kharif,3.07,3,0.635,1,Tubewell,1,92628,4,9,72742
HH2328,Uttar Pradesh,Sugarcane,Rabi,2.05,3,0.602,0,None,2,43356,7,40,137824
HH2329,Punjab,Groundnut,Kharif,0.99,2,0.503,1,Tank,2,21196,2,15,71816
HH2330,Uttar Pradesh,Rice,Kharif,2.54,2,0.524,0,None,1,37578,4,44,90721
HH2331,Madhya Pradesh,Wheat,Rabi,1.25,1,0.0,0,None,3,11389,5,28,79534
HH2332,Uttar Pradesh,Wheat,Kharif,0.54,3,0.651,0,None,2,5733,4,38,59219
HH2333,Tamil Nadu,Maize,Kharif,0.96,3,0.681,1,Tubewell,2,19783,3,15,84910
HH2334,Punjab,Wheat,Kharif,1.45,6,0.831,0,None,2,26083,3,15,77846
HH2335,Uttar Pradesh,Vegetables,Kharif,2.93,2,0.551,1,Tank,3,68368,5,30,248174
HH2336,Rajasthan,Cotton,Kharif,1.15,2,0.537,0,None,1,15737,5,32,75992
HH2337,Karnataka,Soybean,Kharif,0.48,2,0.529,0,None,2,6974,6,40,72424
HH2338,Rajasthan,Millets,Kharif,1.42,1,0.023,1,Canal,2,24802,3,12,57686
HH2339,Uttar Pradesh,Maize,Kharif,1.49,4,0.711,1,Drip,3,25094,5,20,114127
HH2340,Karnataka,Wheat,Kharif,1.58,2,0.52,1,Tubewell,2,36263,5,27,89545
HH2341,Bihar,Vegetables,Kharif,2.95,3,0.678,0,None,1,69548,4,2,122112
HH2342,Uttar Pradesh,Rice,Rabi,3.21,3,0.685,0,None,2,68467,5,41,139710
HH2343,Uttar Pradesh,Wheat,Kharif,0.81,2,0.515,1,Sprinkler,2,12176,6,22,80128
HH2344,Rajasthan,Cotton,Rabi,0.8,4,0.764,0,None,1,7264,8,26,66304
HH2345,Gujarat,Wheat,Kharif,0.56,2,0.581,1,Canal,3,12671,5,40,105320
HH2346,Punjab,Maize,Kharif,2.44,2,0.498,0,None,1,25104,6,8,73650
HH2347,Punjab,Maize,Kharif,4.63,4,0.778,1,Canal,1,87987,6,36,141617
HH2348,Rajasthan,Cotton,Kharif,1.03,4,0.736,0,None,1,15217,7,26,67598
HH2349,Tamil Nadu,Wheat,Kharif,1.1,1,0.024,0,None,2,18557,6,37,82477
HH2350,Uttar Pradesh,Cotton,Kharif,4.7,1,0.028,1,Canal,2,82193,4,17,234406
HH2351,Punjab,Wheat,Kharif,2.07,1,0.011,1,Tubewell,1,29523,4,7,67739
HH2352,Gujarat,Wheat,Rabi,1.96,2,0.55,1,Tubewell,3,42763,6,1,138861
HH2353,Tamil Nadu,Cotton,Kharif,0.49,6,0.806,1,Tank,1,9935,5,27,71762
HH2354,West Bengal,Maize,Kharif,2.4,3,0.652,1,Tubewell,2,58076,4,42,136316
HH2355,Haryana,Soybean,Rabi,0.61,2,0.506,1,Canal,1,13175,5,26,60068
HH2356,Uttar Pradesh,Wheat,Kharif,0.51,4,0.776,1,Canal,3,15854,7,32,102478
HH2357,West Bengal,Millets,Kharif,1.01,2,0.505,1,Canal,3,16080,4,14,84764
HH2358,Uttar Pradesh,Wheat,Kharif,0.82,2,0.539,1,Drip,3,14452,5,19,94389
HH2359,Andhra Pradesh,Groundnut,Kharif,1.12,5,0.78,1,Sprinkler,1,26549,5,9,68063
HH2360,Maharashtra,Rice,Kharif,0.4,4,0.716,1,Tank,2,8775,3,43,86617
HH2361,Uttar Pradesh,Soybean,Zaid,3.05,4,0.759,1,Tubewell,2,83972,3,44,138710
HH2362,Karnataka,Sugarcane,Rabi,3.52,3,0.665,1,Canal,2,82666,7,1,212975
HH2363,Madhya Pradesh,Maize,Kharif,0.26,4,0.766,0,None,2,3000,7,21,42837
HH2364,Karnataka,Wheat,Kharif,3.1,1,0.0,0,None,3,32865,7,20,167488
HH2365,Tamil Nadu,Cotton,Rabi,0.68,3,0.657,0,None,1,10654,4,33,47290
HH2366,Uttar Pradesh,Groundnut,Kharif,2.8,6,0.831,0,None,2,65992,4,33,113728
HH2367,Uttar Pradesh,Groundnut,Rabi,1.27,2,0.501,1,Canal,2,26615,7,18,93570
HH2368,Andhra Pradesh,Wheat,Kharif,1.38,4,0.741,1,Tubewell,2,41968,7,41,94275
HH2369,Rajasthan,Cotton,Kharif,1.15,2,0.494,1,Tank,1,25078,6,17,72739
HH2370,Haryana,Rice,Kharif,3.78,1,0.0,1,Canal,1,88338,4,13,100627
HH2371,Punjab,Rice,Zaid,0.47,4,0.776,0,None,2,6177,5,43,67501
HH2372,West Bengal,Rice,Kharif,2.26,1,0.006,1,Canal,3,40288,6,9,131087
HH2373,Haryana,Wheat,Rabi,3.44,3,0.735,1,Drip,3,95677,5,1,164378
HH2374,Karnataka,Groundnut,Rabi,2.48,1,0.005,0,None,1,25111,5,23,81672
HH2375,Punjab,Sugarcane,Kharif,9.74,5,0.783,1,Drip,1,200000,6,40,393208
HH2376,Madhya Pradesh,Vegetables,Kharif,0.86,2,0.58,1,Canal,2,18960,6,34,121628
HH2377,Madhya Pradesh,Groundnut,Kharif,3.05,2,0.512,0,None,2,65976,4,36,116998
HH2378,Bihar,Maize,Rabi,1.23,1,0.03,1,Sprinkler,3,23769,4,14,101978
HH2379,Karnataka,Sugarcane,Rabi,3.85,5,0.818,1,Canal,2,76049,6,21,237995
HH2380,Bihar,Pulses,Rabi,1.34,3,0.686,0,None,2,30516,4,43,70780
HH2381,Bihar,Maize,Kharif,0.97,3,0.683,1,Tank,2,13815,7,43,100780
HH2382,West Bengal,Sugarcane,Kharif,4.1,2,0.467,1,Canal,1,113773,6,21,194368
HH2383,Gujarat,Vegetables,Rabi,0.89,2,0.511,0,None,2,11140,7,28,77329
HH2384,Karnataka,Rice,Zaid,0.41,1,0.0,1,Canal,2,7841,4,32,74718
HH2385,Madhya Pradesh,Soybean,Zaid,0.87,3,0.662,0,None,3,15130,3,30,63710
HH2386,Tamil Nadu,Rice,Rabi,2.28,2,0.478,1,Tubewell,1,56736,3,40,95928
HH2387,Rajasthan,Vegetables,Kharif,4.41,6,0.844,0,None,2,118431,5,12,233068
HH2388,Tamil Nadu,Vegetables,Kharif,1.48,4,0.76,0,None,3,31416,4,29,142809
HH2389,Haryana,Sugarcane,Kharif,4.14,2,0.514,1,Canal,2,100508,4,1,239545
HH2390,Punjab,Soybean,Rabi,0.43,1,0.009,0,None,3,6556,4,26,42097
HH2391,Rajasthan,Vegetables,Kharif,0.93,4,0.732,0,None,2,19427,5,16,80380
HH2392,Maharashtra,Sugarcane,Rabi,1.06,1,0.0,1,Tubewell,3,27165,5,18,112787
HH2393,Karnataka,Pulses,Rabi,1.22,1,0.028,1,Drip,2,28258,5,33,68436
HH2394,Maharashtra,Cotton,Kharif,1.45,2,0.532,1,Tubewell,1,37506,3,42,96846
HH2395,West Bengal,Pulses,Zaid,2.43,3,0.633,1,Drip,3,35716,7,43,148388
HH2396,Rajasthan,Maize,Kharif,0.92,4,0.704,1,Tubewell,3,25796,5,23,111476
HH2397,Maharashtra,Cotton,Kharif,1.52,2,0.478,1,Canal,2,24092,3,5,109195
HH2398,Uttar Pradesh,Rice,Rabi,1.3,1,0.031,0,None,2,25300,2,21,57480
HH2399,Punjab,Wheat,Zaid,0.61,2,0.536,0,None,3,4266,3,1,66345
HH2400,Punjab,Vegetables,Rabi,1.23,3,0.639,0,None,1,13110,4,31,106458
HH2401,Rajasthan,Cotton,Rabi,1.19,2,0.509,1,Tank,2,34759,5,18,112805
HH2402,Uttar Pradesh,Cotton,Rabi,1.17,2,0.555,1,Sprinkler,1,31494,8,21,85842
HH2403,Rajasthan,Sugarcane,Rabi,1.39,5,0.812,1,Canal,1,46784,4,7,90412
HH2404,Madhya Pradesh,Wheat,Rabi,1.44,5,0.843,1,Tubewell,2,43533,6,1,95440
HH2405,Punjab,Sugarcane,Kharif,0.93,6,0.863,0,None,3,26853,7,23,129361
HH2406,Tamil Nadu,Cotton,Kharif,3.98,4,0.723,0,None,3,88902,4,27,249945
HH2407,Rajasthan,Pulses,Rabi,0.5,1,0.0,0,None,3,5295,4,2,43508
HH2408,Maharashtra,Maize,Rabi,0.73,2,0.501,1,Tubewell,1,20726,5,34,77991
HH2409,Gujarat,Vegetables,Kharif,14.34,2,0.503,0,None,2,200000,7,16,600000
HH2410,Karnataka,Soybean,Kharif,0.56,2,0.527,1,Canal,1,17374,2,40,55216
HH2411,Punjab,Wheat,Zaid,0.43,5,0.812,0,None,1,13629,5,10,37681
HH2412,Maharashtra,Vegetables,Rabi,2.52,4,0.662,1,Tubewell,2,58859,6,20,171609
HH2413,Karnataka,Rice,Zaid,0.23,3,0.628,1,Tubewell,1,3011,5,37,46434
HH2414,Uttar Pradesh,Sugarcane,Rabi,1.11,1,0.0,1,Canal,2,25035,5,25,95649
HH2415,Andhra Pradesh,Wheat,Rabi,8.36,5,0.805,0,None,1,166607,5,4,239319
HH2416,Gujarat,Maize,Kharif,0.36,4,0.757,0,None,2,9170,5,32,51925
HH2417,Rajasthan,Wheat,Kharif,0.25,1,0.008,0,None,3,3000,5,28,53304
HH2418,Uttar Pradesh,Groundnut,Kharif,0.38,4,0.721,1,Canal,3,7907,4,40,95807
HH2419,Uttar Pradesh,Pulses,Rabi,2.9,2,0.52,0,None,3,55315,5,13,134895
HH2420,Rajasthan,Groundnut,Kharif,3.51,1,0.021,0,None,3,57721,4,5,157916
HH2421,Maharashtra,Cotton,Rabi,0.87,3,0.629,1,Drip,2,21722,8,17,94665
HH2422,Uttar Pradesh,Maize,Rabi,2.41,3,0.623,1,Tubewell,3,43530,4,7,147569
HH2423,Bihar,Pulses,Kharif,4.4,1,0.0,1,Canal,3,91764,3,10,191304
HH2424,Karnataka,Wheat,Rabi,6.17,2,0.554,1,Drip,1,164772,4,27,162956
HH2425,Madhya Pradesh,Rice,Kharif,1.09,6,0.884,1,Drip,3,15486,7,35,130746
HH2426,West Bengal,Rice,Kharif,0.19,3,0.684,1,Canal,2,3000,5,23,67375
HH2427,Uttar Pradesh,Sugarcane,Kharif,0.67,3,0.645,1,Sprinkler,1,11650,5,16,83738
HH2428,Gujarat,Groundnut,Kharif,0.94,2,0.527,0,None,2,20027,7,27,69887
HH2429,Madhya Pradesh,Soybean,Rabi,1.08,1,0.0,1,Drip,2,24251,7,15,67893
HH2430,West Bengal,Sugarcane,Rabi,1.15,2,0.477,1,Tubewell,2,33800,4,6,115769
HH2431,Tamil Nadu,Groundnut,Rabi,3.49,2,0.436,0,None,1,62410,5,42,105117
HH2432,Bihar,Soybean,Rabi,3.99,2,0.503,1,Tubewell,2,76208,7,39,177010
HH2433,Gujarat,Soybean,Rabi,1.17,1,0.0,0,None,2,22384,4,24,52585
HH2434,Madhya Pradesh,Wheat,Rabi,3.43,3,0.67,0,None,3,45096,4,23,201469
HH2435,Gujarat,Wheat,Rabi,1.83,2,0.431,1,Drip,3,32788,6,5,121381
HH2436,Rajasthan,Cotton,Kharif,1.43,4,0.755,1,Canal,3,33322,5,7,155346
HH2437,Rajasthan,Vegetables,Rabi,2.92,1,0.0,1,Tubewell,1,45008,2,22,137062
HH2438,Rajasthan,Vegetables,Rabi,1.44,2,0.533,0,None,2,26566,3,29,106423
HH2439,Andhra Pradesh,Wheat,Kharif,7.76,1,0.016,1,Tubewell,2,97756,6,31,314892
HH2440,Maharashtra,Rice,Kharif,0.4,2,0.492,0,None,2,6145,2,35,52152
HH2441,Andhra Pradesh,Groundnut,Rabi,0.87,1,0.017,0,None,1,10075,7,34,40181
HH2442,Andhra Pradesh,Cotton,Rabi,1.21,6,0.804,0,None,2,29458,4,19,80852
HH2443,Bihar,Wheat,Kharif,1.96,4,0.752,0,None,2,23054,5,34,107389
HH2444,West Bengal,Rice,Kharif,3.97,2,0.524,0,None,2,57926,5,30,161054
HH2445,Karnataka,Rice,Kharif,1.32,1,0.0,1,Tubewell,1,18632,4,19,53277
HH2446,Madhya Pradesh,Cotton,Kharif,0.4,3,0.654,1,Tubewell,2,8271,2,18,93522
HH2447,Madhya Pradesh,Wheat,Kharif,2.76,4,0.749,1,Tubewell,3,68189,4,1,166694
HH2448,Maharashtra,Soybean,Kharif,2.56,1,0.0,1,Canal,2,61511,5,41,101682
HH2449,Uttar Pradesh,Millets,Kharif,0.26,3,0.711,0,None,3,3980,5,16,40456
HH2450,Rajasthan,Wheat,Kharif,1.35,4,0.716,1,Tubewell,2,26002,4,40,108597
HH2451,Madhya Pradesh,Wheat,Rabi,0.35,4,0.731,1,Tubewell,3,3000,3,28,104247
HH2452,Gujarat,Wheat,Kharif,0.77,4,0.693,0,None,1,10958,4,11,36516
HH2453,Andhra Pradesh,Sugarcane,Rabi,0.63,4,0.795,1,Sprinkler,2,20994,5,32,103190
HH2454,Rajasthan,Soybean,Rabi,2.69,5,0.793,1,Tubewell,2,80562,3,26,115541
HH2455,Tamil Nadu,Cotton,Rabi,1.49,2,0.487,0,None,3,14613,3,10,123602
HH2456,Uttar Pradesh,Rice,Kharif,0.45,3,0.665,1,Tubewell,2,6124,5,23,62147
HH2457,Karnataka,Groundnut,Kharif,2.85,4,0.769,1,Tank,2,62024,5,39,146864
HH2458,Tamil Nadu,Vegetables,Rabi,0.4,3,0.677,1,Canal,1,10116,4,33,85464
HH2459,Karnataka,Wheat,Rabi,1.79,6,0.912,0,None,2,48607,4,14,91602
HH2460,Rajasthan,Rice,Rabi,0.68,1,0.014,1,Canal,2,13439,6,9,49897
HH2461,Gujarat,Maize,Kharif,0.99,2,0.486,1,Tubewell,3,17829,6,14,104294
HH2462,West Bengal,Wheat,Kharif,2.07,2,0.483,1,Canal,2,37136,4,36,115548
HH2463,Tamil Nadu,Cotton,Kharif,2.1,2,0.488,0,None,2,24971,4,41,139986
HH2464,Tamil Nadu,Vegetables,Kharif,4.21,2,0.455,0,None,1,73088,6,2,159853
HH2465,Tamil Nadu,Wheat,Kharif,1.26,3,0.668,1,Tubewell,1,33173,8,11,79827
HH2466,Maharashtra,Vegetables,Kharif,1.75,1,0.024,0,None,2,18061,4,14,111238
HH2467,Rajasthan,Soybean,Kharif,0.93,3,0.649,0,None,2,16989,6,36,50733
HH2468,Uttar Pradesh,Wheat,Rabi,1.58,3,0.643,0,None,2,31162,5,35,94122
HH2469,Karnataka,Maize,Rabi,1.96,2,0.545,1,Canal,3,27440,4,42,135779
HH2470,Andhra Pradesh,Maize,Kharif,1.24,2,0.457,1,Canal,1,28937,5,25,69566
HH2471,Maharashtra,Wheat,Zaid,0.29,3,0.605,1,Tubewell,2,7925,5,33,62329
HH2472,Gujarat,Rice,Rabi,1.79,4,0.715,1,Drip,3,52237,4,9,132978
HH2473,West Bengal,Maize,Kharif,1.84,4,0.704,1,Sprinkler,2,27351,3,13,113471
HH2474,Haryana,Soybean,Kharif,0.76,4,0.762,0,None,2,18295,6,43,50957
HH2475,Andhra Pradesh,Sugarcane,Kharif,0.45,5,0.789,1,Sprinkler,2,6165,6,10,107161
HH2476,West Bengal,Rice,Rabi,4.73,3,0.66,0,None,2,52402,3,33,203534
HH2477,Uttar Pradesh,Pulses,Kharif,2.05,5,0.835,1,Canal,1,59968,5,9,60462
HH2478,Bihar,Soybean,Kharif,1.11,4,0.729,0,None,1,22455,3,40,64330
HH2479,Uttar Pradesh,Soybean,Kharif,0.51,4,0.773,1,Tubewell,1,11873,5,13,39267
HH2480,Bihar,Soybean,Rabi,0.67,1,0.045,1,Canal,3,11969,7,24,83090
HH2481,Madhya Pradesh,Cotton,Kharif,4.08,5,0.786,0,None,2,85752,4,40,209954
HH2482,West Bengal,Millets,Kharif,1.52,2,0.522,0,None,3,24210,4,17,71939
HH2483,Gujarat,Rice,Kharif,0.85,4,0.743,0,None,3,9380,6,33,104478
HH2484,Maharashtra,Groundnut,Kharif,2.08,1,0.028,1,Tubewell,2,21147,6,23,119565
HH2485,Karnataka,Cotton,Kharif,0.68,2,0.453,0,None,3,16391,4,27,90026
HH2486,Gujarat,Pulses,Kharif,4.83,2,0.451,0,None,1,61558,6,44,133635
HH2487,Karnataka,Groundnut,Kharif,4.26,2,0.488,1,Sprinkler,2,74661,7,44,184172
HH2488,West Bengal,Maize,Kharif,0.91,1,0.0,1,Tubewell,3,22893,5,43,93728
HH2489,Tamil Nadu,Pulses,Kharif,0.79,4,0.734,0,None,1,18432,2,26,43728
HH2490,Rajasthan,Pulses,Kharif,0.15,1,0.0,1,Canal,2,3000,5,24,51718
HH2491,Madhya Pradesh,Rice,Kharif,0.38,2,0.522,1,Tubewell,1,9111,6,11,44315
HH2492,Maharashtra,Wheat,Kharif,0.43,1,0.0,1,Canal,2,7113,4,29,68468
HH2493,Bihar,Soybean,Kharif,1.51,3,0.642,0,None,1,17987,3,5,40159
HH2494,Rajasthan,Pulses,Kharif,1.02,2,0.489,1,Tubewell,2,20450,4,24,79552
HH2495,Andhra Pradesh,Cotton,Kharif,0.43,2,0.477,1,Tubewell,3,12336,2,9,95666
HH2496,Andhra Pradesh,Rice,Rabi,1.06,2,0.472,1,Tubewell,1,17939,6,10,61046
HH2497,Tamil Nadu,Soybean,Rabi,2.07,3,0.619,1,Tank,3,53497,3,11,143538
HH2498,West Bengal,Wheat,Kharif,2.11,1,0.002,1,Tubewell,1,30454,6,31,95263
HH2499,Gujarat,Maize,Kharif,0.27,1,0.0,1,Sprinkler,1,3000,4,3,23590
HH2500,Rajasthan,Cotton,Zaid,1.21,2,0.529,1,Drip,2,14972,8,25,108840
HH2501,Bihar,Maize,Rabi,0.42,6,0.79,1,Drip,3,7999,5,43,83049
HH2502,Bihar,Pulses,Rabi,2.91,2,0.484,0,None,3,60974,2,40,144456
HH2503,Tamil Nadu,Sugarcane,Rabi,2.63,3,0.721,0,None,1,30851,6,27,147164
HH2504,Gujarat,Rice,Zaid,0.63,2,0.472,0,None,1,13065,4,1,38712
HH2505,Maharashtra,Maize,Kharif,0.7,2,0.493,1,Tubewell,3,7022,5,16,85432
HH2506,Uttar Pradesh,Wheat,Kharif,0.91,1,0.0,1,Canal,2,20003,7,35,83240
HH2507,West Bengal,Vegetables,Kharif,0.2,1,0.0,1,Tubewell,1,3000,5,15,50292
HH2508,Karnataka,Sugarcane,Rabi,1.8,2,0.546,1,Tubewell,2,39152,6,34,163529
HH2509,West Bengal,Groundnut,Rabi,1.07,2,0.505,0,None,3,11478,4,11,83367
HH2510,West Bengal,Pulses,Kharif,3.08,1,0.004,0,None,1,53262,6,9,69086
HH2511,Uttar Pradesh,Cotton,Kharif,0.53,3,0.616,1,Canal,1,12752,3,24,70121
HH2512,West Bengal,Millets,Rabi,0.8,6,0.844,1,Tubewell,2,17466,7,37,79343
HH2513,Karnataka,Rice,Kharif,0.38,2,0.535,0,None,2,6518,4,35,46805
HH2514,Andhra Pradesh,Soybean,Rabi,0.57,3,0.701,0,None,1,4942,4,22,37174
HH2515,Tamil Nadu,Rice,Rabi,0.49,5,0.82,0,None,3,4539,7,40,86835
HH2516,Gujarat,Wheat,Kharif,3.15,4,0.716,0,None,3,43366,3,38,186727
HH2517,Uttar Pradesh,Soybean,Kharif,0.75,2,0.509,0,None,2,10528,4,7,43496
HH2518,Karnataka,Rice,Rabi,1.5,3,0.687,1,Drip,1,25528,5,44,70656
HH2519,Punjab,Rice,Kharif,0.98,1,0.0,0,None,3,21934,8,30,60391
HH2520,Haryana,Wheat,Rabi,0.46,3,0.633,0,None,2,12878,5,29,59681
HH2521,Haryana,Maize,Rabi,1.17,2,0.527,1,Tank,2,26758,3,39,95078
HH2522,Uttar Pradesh,Rice,Rabi,2.25,1,0.026,1,Tubewell,3,32103,6,41,149132
HH2523,Madhya Pradesh,Sugarcane,Rabi,0.48,2,0.454,0,None,3,7744,5,9,84573
HH2524,Rajasthan,Soybean,Kharif,2.69,1,0.024,1,Tubewell,2,48970,8,1,85712
HH2525,Bihar,Cotton,Rabi,0.66,3,0.67,0,None,2,3671,5,3,68321
HH2526,Madhya Pradesh,Rice,Kharif,0.9,2,0.523,1,Sprinkler,1,15286,5,5,42115
HH2527,Maharashtra,Maize,Rabi,2.12,3,0.648,1,Tubewell,3,55703,5,11,124359
HH2528,Gujarat,Maize,Kharif,0.77,1,0.019,1,Canal,3,17469,5,4,72636
HH2529,Uttar Pradesh,Sugarcane,Zaid,1.39,1,0.025,0,None,2,13570,6,44,112593
HH2530,Gujarat,Soybean,Zaid,1.03,3,0.656,1,Tubewell,3,26294,3,33,92619
HH2531,Punjab,Wheat,Rabi,1.51,6,0.834,1,Tank,3,37257,3,33,130025
HH2532,Bihar,Soybean,Kharif,0.18,1,0.0,0,None,1,3000,4,20,15000
HH2533,Madhya Pradesh,Rice,Kharif,0.29,2,0.55,0,None,2,4969,5,37,34812
HH2534,Uttar Pradesh,Cotton,Kharif,2.28,4,0.746,1,Canal,2,47598,4,20,152434
HH2535,Haryana,Rice,Rabi,3.26,1,0.0,1,Tubewell,3,51992,4,34,188618
HH2536,West Bengal,Vegetables,Rabi,0.62,4,0.729,0,None,1,12050,7,21,43980
HH2537,Bihar,Maize,Rabi,1.1,3,0.671,1,Tubewell,2,27732,2,7,91083
HH2538,Maharashtra,Millets,Rabi,1.73,2,0.523,0,None,2,18545,7,16,69718
HH2539,Bihar,Millets,Kharif,2.43,2,0.46,0,None,1,41243,7,32,68995
HH2540,Bihar,Millets,Rabi,0.24,2,0.555,1,Sprinkler,1,3324,5,36,33505
HH2541,Punjab,Rice,Kharif,0.64,2,0.509,0,None,2,20639,2,11,52076
HH2542,Bihar,Maize,Kharif,1.02,4,0.764,0,None,1,18728,4,29,52927
HH2543,West Bengal,Cotton,Rabi,2.45,3,0.664,0,None,2,51178,8,42,149459
HH2544,Tamil Nadu,Maize,Rabi,11.29,3,0.668,1,Tank,2,200000,7,34,376544
HH2545,Uttar Pradesh,Wheat,Kharif,1.11,4,0.746,1,Tubewell,2,28947,8,10,76523
HH2546,Karnataka,Rice,Kharif,0.41,2,0.531,1,Tank,2,11045,8,3,58532
HH2547,Uttar Pradesh,Groundnut,Rabi,1.9,3,0.667,0,None,2,32242,3,22,99811
HH2548,Rajasthan,Millets,Rabi,4.15,2,0.523,1,Canal,1,54959,5,32,105850
HH2549,Rajasthan,Maize,Zaid,1.48,4,0.737,0,None,2,21423,6,44,87100
HH2550,Uttar Pradesh,Wheat,Kharif,0.62,2,0.506,1,Canal,2,9792,4,20,71008
HH2551,Rajasthan,Pulses,Rabi,3.05,3,0.643,1,Tank,3,46132,5,2,160438
HH2552,Uttar Pradesh,Cotton,Rabi,2.37,4,0.786,0,None,1,49935,4,8,103911
HH2553,Bihar,Pulses,Rabi,0.56,2,0.475,1,Tubewell,2,12488,2,41,73631
HH2554,Gujarat,Vegetables,Kharif,1.87,1,0.0,0,None,1,21200,3,25,83078
HH2555,Uttar Pradesh,Maize,Rabi,3.15,3,0.658,0,None,1,57601,2,11,96208
HH2556,Gujarat,Soybean,Kharif,3.69,2,0.489,0,None,2,64395,5,24,124197
HH2557,Andhra Pradesh,Groundnut,Kharif,1.28,3,0.689,1,Canal,2,21516,5,26,98930
HH2558,Madhya Pradesh,Soybean,Kharif,1.0,5,0.791,1,Tubewell,2,21142,4,35,72205
HH2559,Uttar Pradesh,Rice,Rabi,3.83,2,0.542,0,None,3,42840,6,40,203915
HH2560,Andhra Pradesh,Soybean,Kharif,0.48,2,0.475,0,None,1,11316,7,5,28580
HH2561,Bihar,Rice,Rabi,1.96,3,0.672,0,None,2,43562,3,15,94758
HH2562,Haryana,Groundnut,Kharif,0.42,1,0.0,0,None,3,3110,3,42,59697
HH2563,Uttar Pradesh,Maize,Kharif,3.34,2,0.513,1,Sprinkler,1,74128,4,14,112767
HH2564,Uttar Pradesh,Wheat,Zaid,1.08,5,0.8,1,Sprinkler,2,36146,6,37,97070
HH2565,Rajasthan,Vegetables,Rabi,3.97,3,0.662,0,None,1,72676,5,18,149813
HH2566,Madhya Pradesh,Cotton,Kharif,2.05,1,0.036,0,None,2,29142,5,12,83838
HH2567,Maharashtra,Sugarcane,Rabi,0.48,2,0.48,1,Sprinkler,2,16194,3,3,69685
HH2568,Madhya Pradesh,Rice,Rabi,4.53,3,0.685,0,None,2,98232,4,40,164478
HH2569,Bihar,Cotton,Rabi,5.05,4,0.727,0,None,2,100010,7,33,243858
HH2570,Gujarat,Rice,Rabi,2.86,4,0.753,1,Tubewell,3,95275,4,4,150920
HH2571,Rajasthan,Wheat,Kharif,0.71,2,0.464,1,Sprinkler,1,12363,5,40,55496
HH2572,West Bengal,Wheat,Kharif,1.04,5,0.78,0,None,3,23164,3,26,93387
HH2573,Madhya Pradesh,Rice,Rabi,1.53,3,0.665,1,Tubewell,1,45739,3,21,66456
HH2574,Karnataka,Sugarcane,Kharif,0.74,3,0.721,0,None,1,17063,5,16,52269
HH2575,Maharashtra,Maize,Zaid,5.69,3,0.67,1,Tubewell,3,132281,5,23,257119
HH2576,Punjab,Maize,Kharif,1.53,1,0.05,0,None,3,28985,4,24,91265
HH2577,Gujarat,Sugarcane,Kharif,0.14,5,0.807,1,Drip,3,3000,4,9,100924
HH2578,Tamil Nadu,Vegetables,Kharif,1.8,1,0.0,1,Tubewell,1,41411,6,19,91551
HH2579,Rajasthan,Rice,Rabi,1.0,2,0.546,0,None,3,10447,3,27,106186
HH2580,Punjab,Maize,Kharif,1.27,4,0.763,1,Canal,2,32794,5,40,96367
HH2581,Uttar Pradesh,Vegetables,Kharif,0.99,3,0.648,1,Tubewell,3,24635,7,31,160569
HH2582,West Bengal,Rice,Zaid,2.68,4,0.764,0,None,3,58686,5,1,134403
HH2583,Andhra Pradesh,Sugarcane,Rabi,3.5,3,0.658,1,Tubewell,1,93860,4,13,170549
HH2584,Karnataka,Maize,Kharif,1.72,2,0.44,1,Canal,2,16233,6,4,87877
HH2585,Tamil Nadu,Wheat,Kharif,1.01,5,0.828,1,Canal,3,25003,5,25,125557
HH2586,Tamil Nadu,Wheat,Kharif,1.3,1,0.033,0,None,2,22800,7,10,65855
HH2587,Uttar Pradesh,Vegetables,Rabi,1.37,4,0.805,0,None,1,33580,6,23,93356
HH2588,Punjab,Maize,Rabi,0.68,2,0.513,0,None,1,7450,5,43,46261
HH2589,Madhya Pradesh,Wheat,Rabi,2.21,4,0.743,0,None,2,38801,5,30,112037
HH2590,Haryana,Groundnut,Zaid,2.0,1,0.025,1,Tubewell,2,50511,3,14,78168
HH2591,Bihar,Groundnut,Rabi,5.0,3,0.692,0,None,1,104384,4,32,138554
HH2592,Bihar,Cotton,Kharif,3.92,4,0.799,0,None,2,77557,5,30,208338
HH2593,Andhra Pradesh,Sugarcane,Kharif,0.75,2,0.499,0,None,1,5903,5,5,57589
HH2594,Andhra Pradesh,Soybean,Rabi,2.71,3,0.662,1,Canal,1,67964,5,15,87786
HH2595,Maharashtra,Cotton,Rabi,0.6,4,0.729,1,Drip,1,9423,6,17,72776
HH2596,Bihar,Soybean,Rabi,2.44,3,0.683,1,Canal,3,63858,3,33,166234
HH2597,Madhya Pradesh,Wheat,Rabi,0.87,5,0.754,0,None,1,22775,3,12,49647
HH2598,Andhra Pradesh,Wheat,Kharif,0.57,2,0.523,0,None,3,8833,3,25,71187
HH2599,Madhya Pradesh,Wheat,Kharif,1.71,1,0.018,0,None,3,33481,6,19,96013
HH2600,Uttar Pradesh,Pulses,Rabi,0.14,1,0.018,0,None,2,3000,3,23,27527
HH2601,Tamil Nadu,Vegetables,Kharif,0.3,2,0.504,0,None,1,3000,4,39,53722
HH2602,Uttar Pradesh,Maize,Kharif,1.16,1,0.046,1,Canal,3,27268,4,5,99249
HH2603,Bihar,Maize,Kharif,1.45,3,0.693,0,None,2,31701,5,40,94600
HH2604,Madhya Pradesh,Rice,Rabi,0.99,1,0.0,1,Drip,1,24947,4,21,38689
HH2605,Uttar Pradesh,Soybean,Zaid,0.35,1,0.0,1,Sprinkler,2,10962,4,36,45062
HH2606,Andhra Pradesh,Wheat,Kharif,0.67,1,0.0,0,None,1,9093,5,14,37302
HH2607,Uttar Pradesh,Maize,Rabi,1.88,4,0.767,1,Canal,2,35486,5,6,94966
HH2608,Madhya Pradesh,Vegetables,Rabi,2.21,3,0.637,1,Canal,2,39356,6,19,166030
HH2609,Haryana,Rice,Rabi,1.33,2,0.533,1,Tank,2,33263,3,4,93639
HH2610,Uttar Pradesh,Maize,Rabi,3.61,4,0.79,1,Tubewell,2,87650,6,24,151136
HH2611,West Bengal,Maize,Kharif,1.89,1,0.0,0,None,3,24373,2,26,107974
HH2612,Uttar Pradesh,Wheat,Kharif,0.72,6,0.827,1,Tank,2,29806,6,42,89591
HH2613,Madhya Pradesh,Soybean,Kharif,1.06,3,0.667,0,None,2,17623,5,19,63757
HH2614,Bihar,Maize,Zaid,0.41,1,0.027,1,Canal,3,5675,5,32,55990
HH2615,Madhya Pradesh,Groundnut,Rabi,1.23,3,0.715,0,None,2,21483,3,42,85574
HH2616,Uttar Pradesh,Rice,Zaid,3.47,4,0.699,0,None,2,42745,6,35,149732
HH2617,Rajasthan,Sugarcane,Kharif,2.42,2,0.49,1,Canal,3,65598,3,40,238456
HH2618,Madhya Pradesh,Millets,Rabi,4.44,4,0.742,0,None,3,75653,7,42,166807
HH2619,West Bengal,Soybean,Rabi,1.04,1,0.0,0,None,2,17003,6,2,36339
HH2620,Madhya Pradesh,Soybean,Rabi,4.24,2,0.485,0,None,1,68034,6,33,130449
HH2621,Bihar,Wheat,Kharif,1.15,1,0.013,1,Canal,2,22968,6,10,86294
HH2622,West Bengal,Rice,Kharif,4.72,2,0.492,1,Canal,2,98340,3,33,199520
HH2623,Karnataka,Millets,Kharif,1.33,2,0.454,1,Tank,2,24164,8,23,79376
HH2624,West Bengal,Rice,Rabi,2.46,5,0.886,1,Tank,2,51246,6,34,123051
HH2625,Rajasthan,Millets,Rabi,4.73,1,0.008,1,Tank,2,88340,5,42,141472
HH2626,Gujarat,Rice,Kharif,1.15,2,0.503,0,None,2,17819,6,36,81389
HH2627,Uttar Pradesh,Rice,Kharif,1.63,3,0.634,0,None,1,27748,6,30,55986
HH2628,Punjab,Wheat,Kharif,4.04,4,0.758,1,Sprinkler,3,83861,6,39,240392
HH2629,Andhra Pradesh,Sugarcane,Rabi,1.21,6,0.828,0,None,3,16523,4,5,130186
HH2630,Rajasthan,Vegetables,Rabi,0.44,4,0.693,0,None,3,10368,4,21,93497
HH2631,Punjab,Millets,Zaid,8.34,6,0.801,0,None,2,161599,6,16,229650
HH2632,Haryana,Cotton,Rabi,0.91,4,0.774,1,Sprinkler,2,11482,6,7,81697
HH2633,Uttar Pradesh,Rice,Kharif,1.54,5,0.858,0,None,3,35363,5,9,106510
HH2634,Maharashtra,Maize,Kharif,3.61,3,0.678,1,Drip,2,61556,4,41,157632
HH2635,Haryana,Groundnut,Kharif,0.8,1,0.033,1,Sprinkler,2,7818,8,43,79048
HH2636,Punjab,Cotton,Kharif,0.57,2,0.495,1,Canal,1,14666,4,24,49109
HH2637,Gujarat,Wheat,Rabi,1.67,3,0.664,1,Tubewell,2,50121,6,26,112873
HH2638,Bihar,Wheat,Kharif,0.29,2,0.533,0,None,3,3800,4,32,60450
HH2639,Gujarat,Soybean,Kharif,1.06,2,0.55,1,Tubewell,1,18907,4,43,64002
HH2640,Haryana,Sugarcane,Rabi,1.66,3,0.706,1,Sprinkler,2,50577,5,27,158912
HH2641,Madhya Pradesh,Groundnut,Kharif,1.07,5,0.768,1,Drip,2,24696,6,41,95132
HH2642,Uttar Pradesh,Wheat,Kharif,0.36,1,0.0,1,Sprinkler,2,8641,8,19,57467
HH2643,Bihar,Vegetables,Rabi,5.23,4,0.758,0,None,1,84971,3,8,207125
HH2644,Punjab,Rice,Rabi,1.47,3,0.659,1,Tubewell,3,26510,6,37,148529
HH2645,Uttar Pradesh,Wheat,Kharif,4.56,5,0.812,0,None,1,103661,5,6,130198
HH2646,Rajasthan,Maize,Rabi,1.08,5,0.825,1,Drip,3,33629,3,19,109512
HH2647,Gujarat,Groundnut,Rabi,0.64,4,0.78,1,Tank,1,12870,6,43,66981
HH2648,Andhra Pradesh,Wheat,Rabi,1.7,3,0.718,1,Canal,1,42058,4,23,79711
HH2649,Karnataka,Millets,Rabi,1.12,2,0.49,1,Tank,3,22279,6,2,88113
HH2650,Karnataka,Groundnut,Rabi,0.5,3,0.626,0,None,3,6044,3,3,53784
HH2651,Maharashtra,Wheat,Kharif,4.71,4,0.761,0,None,3,94724,6,2,231509
HH2652,Rajasthan,Groundnut,Kharif,0.8,4,0.807,1,Tubewell,1,18126,4,13,66197
HH2653,Rajasthan,Soybean,Rabi,0.28,4,0.736,0,None,2,8446,4,32,51915
HH2654,Uttar Pradesh,Groundnut,Rabi,4.17,1,0.021,0,None,1,56407,3,43,115132
HH2655,Bihar,Pulses,Kharif,0.88,3,0.688,1,Tubewell,1,26137,5,25,56224
HH2656,Karnataka,Groundnut,Rabi,0.81,2,0.506,0,None,1,11890,4,43,58046
HH2657,Bihar,Cotton,Kharif,0.3,1,0.0,1,Sprinkler,1,6210,3,13,28634
HH2658,West Bengal,Vegetables,Rabi,5.93,2,0.472,1,Tubewell,3,91300,4,30,395383
HH2659,Maharashtra,Soybean,Rabi,0.45,1,0.0,1,Tubewell,1,3944,5,19,43193
HH2660,Punjab,Maize,Kharif,1.42,4,0.717,1,Tubewell,2,39433,6,24,84278
HH2661,Karnataka,Cotton,Rabi,2.93,2,0.488,0,None,2,52432,7,33,164334
HH2662,West Bengal,Pulses,Rabi,1.93,2,0.533,0,None,1,23900,5,13,75076
HH2663,Maharashtra,Sugarcane,Kharif,1.28,5,0.797,0,None,3,21699,4,31,139844
HH2664,Punjab,Soybean,Rabi,0.32,2,0.484,1,Canal,2,12903,7,38,48866
HH2665,Tamil Nadu,Cotton,Kharif,0.68,1,0.0,0,None,3,3000,8,8,70739
HH2666,Madhya Pradesh,Vegetables,Kharif,1.58,2,0.52,0,None,3,27968,4,30,159416
HH2667,Uttar Pradesh,Cotton,Rabi,0.69,1,0.041,1,Tubewell,3,16729,5,19,109632
HH2668,Punjab,Vegetables,Rabi,1.6,1,0.032,0,None,3,20758,6,32,140277
HH2669,Haryana,Rice,Kharif,2.41,1,0.018,1,Tubewell,2,59168,6,30,106299
HH2670,Madhya Pradesh,Groundnut,Rabi,3.06,3,0.623,1,Tank,1,75610,5,38,109036
HH2671,Punjab,Sugarcane,Kharif,0.48,1,0.0,1,Canal,2,4540,5,17,75694
HH2672,Rajasthan,Soybean,Rabi,8.73,2,0.558,1,Tubewell,2,155873,4,34,312220
HH2673,Haryana,Maize,Kharif,2.59,4,0.784,0,None,3,39820,6,16,144395
HH2674,Maharashtra,Rice,Rabi,1.35,2,0.454,1,Tank,3,13878,4,37,122995
HH2675,West Bengal,Sugarcane,Rabi,3.41,5,0.798,1,Tank,2,113762,5,6,202344
HH2676,Madhya Pradesh,Millets,Kharif,10.08,2,0.511,0,None,1,112346,5,2,210544
HH2677,Rajasthan,Groundnut,Kharif,0.4,2,0.477,0,None,1,9472,6,5,20116
HH2678,Uttar Pradesh,Wheat,Kharif,1.11,4,0.681,1,Drip,2,33944,4,42,94704
HH2679,Uttar Pradesh,Millets,Rabi,0.18,1,0.003,0,None,1,5646,5,19,15000
HH2680,Andhra Pradesh,Vegetables,Kharif,1.59,1,0.0,1,Tubewell,2,28679,4,1,93505
HH2681,Madhya Pradesh,Cotton,Zaid,1.84,3,0.643,0,None,2,37417,6,38,112916
HH2682,West Bengal,Maize,Kharif,1.31,2,0.489,0,None,1,20628,6,25,51511
HH2683,Uttar Pradesh,Cotton,Kharif,0.77,4,0.746,1,Tubewell,2,24145,6,16,101049
HH2684,Rajasthan,Rice,Zaid,0.24,5,0.8,0,None,2,4700,3,30,47698
HH2685,Rajasthan,Vegetables,Rabi,1.85,2,0.473,1,Tubewell,2,50704,5,30,143525
HH2686,Uttar Pradesh,Wheat,Rabi,4.65,3,0.66,0,None,3,65625,3,10,242458
HH2687,Uttar Pradesh,Sugarcane,Zaid,0.82,3,0.614,0,None,1,14412,5,40,92945
HH2688,Karnataka,Groundnut,Zaid,1.96,6,0.842,1,Canal,2,52003,4,24,110281
HH2689,Andhra Pradesh,Pulses,Kharif,0.36,4,0.664,1,Sprinkler,3,10103,6,21,69710
HH2690,Rajasthan,Rice,Kharif,1.99,5,0.791,1,Tubewell,2,56939,3,39,123221
HH2691,Andhra Pradesh,Cotton,Kharif,0.97,2,0.528,1,Drip,2,22335,5,15,103376
HH2692,Tamil Nadu,Maize,Rabi,0.71,4,0.718,1,Tubewell,2,17013,3,5,55531
HH2693,Uttar Pradesh,Vegetables,Kharif,0.71,2,0.521,1,Tubewell,2,12477,5,36,98443
HH2694,Karnataka,Pulses,Rabi,0.97,2,0.535,0,None,1,21485,5,42,34295
HH2695,Gujarat,Rice,Rabi,1.87,5,0.701,1,Tubewell,2,50724,5,22,99744
HH2696,Andhra Pradesh,Soybean,Rabi,0.44,1,0.0,0,None,2,4656,4,8,33644
HH2697,Punjab,Rice,Kharif,0.96,5,0.714,0,None,2,23788,2,31,70884
HH2698,Madhya Pradesh,Vegetables,Kharif,1.3,1,0.0,0,None,2,18750,5,1,72108
HH2699,Bihar,Rice,Kharif,0.53,4,0.75,0,None,2,15471,6,20,44022
HH2700,Bihar,Pulses,Kharif,6.22,2,0.426,1,Sprinkler,2,98841,6,28,206157
HH2701,Andhra Pradesh,Rice,Kharif,0.65,2,0.558,0,None,2,8703,7,31,59167
HH2702,Gujarat,Groundnut,Kharif,0.76,2,0.509,0,None,1,17337,7,24,39106
HH2703,Uttar Pradesh,Wheat,Rabi,0.59,3,0.642,1,Canal,2,15864,5,7,71820
HH2704,Uttar Pradesh,Maize,Zaid,6.23,2,0.544,0,None,1,94831,5,2,167878
HH2705,Bihar,Maize,Zaid,2.16,3,0.613,1,Tubewell,2,49200,4,9,93733
HH2706,Bihar,Wheat,Kharif,0.61,1,0.0,0,None,2,8258,7,19,38347
HH2707,Uttar Pradesh,Wheat,Rabi,3.46,1,0.0,0,None,1,50135,5,41,109387
HH2708,Madhya Pradesh,Rice,Rabi,1.6,1,0.054,0,None,3,18146,6,25,98049
HH2709,Uttar Pradesh,Rice,Rabi,1.68,2,0.51,0,None,2,17981,2,23,88688
HH2710,Madhya Pradesh,Wheat,Rabi,1.01,4,0.77,1,Canal,1,17011,5,10,66505
HH2711,Bihar,Sugarcane,Zaid,0.71,4,0.759,1,Canal,1,14824,6,23,85980
HH2712,Andhra Pradesh,Groundnut,Kharif,1.8,2,0.517,0,None,2,13942,4,33,102640
HH2713,Rajasthan,Vegetables,Rabi,0.85,3,0.669,0,None,2,13533,2,43,92084
HH2714,Rajasthan,Rice,Rabi,6.32,4,0.758,0,None,3,129241,6,19,283125
HH2715,Uttar Pradesh,Wheat,Kharif,0.46,2,0.503,1,Tubewell,2,4733,4,34,79526
HH2716,Madhya Pradesh,Vegetables,Kharif,4.98,2,0.482,0,None,3,103483,5,37,323618
HH2717,Punjab,Sugarcane,Kharif,1.23,3,0.666,1,Canal,1,24341,5,3,102631
HH2718,Gujarat,Wheat,Zaid,1.74,1,0.008,1,Canal,2,22461,3,7,93835
HH2719,West Bengal,Cotton,Rabi,2.74,1,0.003,0,None,3,22679,3,43,193799
HH2720,Uttar Pradesh,Wheat,Rabi,0.79,1,0.0,1,Tank,2,9694,8,1,49959
HH2721,West Bengal,Rice,Rabi,2.81,3,0.627,1,Tubewell,1,62298,4,36,113777
HH2722,Bihar,Groundnut,Kharif,0.14,1,0.032,1,Canal,2,4016,4,1,49517
HH2723,Bihar,Wheat,Rabi,0.73,1,0.0,0,None,3,11530,2,41,71812
HH2724,Karnataka,Millets,Kharif,0.62,2,0.518,1,Canal,2,13326,4,30,43846
HH2725,Rajasthan,Pulses,Kharif,0.47,1,0.0,0,None,2,7944,5,32,42710
HH2726,Madhya Pradesh,Groundnut,Rabi,1.12,1,0.0,0,None,2,11134,4,19,66141
HH2727,Uttar Pradesh,Wheat,Rabi,1.87,5,0.775,1,Canal,1,27617,5,10,91551
HH2728,Maharashtra,Wheat,Rabi,2.45,1,0.0,1,Tubewell,2,38604,6,44,124897
HH2729,Madhya Pradesh,Sugarcane,Kharif,1.66,3,0.647,0,None,1,13407,5,44,120010
HH2730,Karnataka,Cotton,Kharif,0.77,2,0.539,1,Drip,2,18545,5,33,108277
HH2731,Bihar,Pulses,Rabi,1.85,3,0.672,1,Tubewell,3,37548,6,4,119404
HH2732,Karnataka,Rice,Kharif,1.5,3,0.722,0,None,2,27501,6,20,91093
HH2733,Uttar Pradesh,Groundnut,Kharif,2.99,2,0.512,0,None,3,42173,5,44,166392
HH2734,Gujarat,Maize,Kharif,2.61,4,0.678,0,None,1,44665,3,15,90297
HH2735,Gujarat,Vegetables,Kharif,1.39,2,0.532,1,Canal,2,20472,4,41,142890
HH2736,Bihar,Maize,Kharif,0.63,4,0.705,1,Tubewell,3,12910,5,30,94005
HH2737,Gujarat,Soybean,Kharif,0.77,2,0.507,0,None,1,12286,3,7,34897
HH2738,Andhra Pradesh,Millets,Rabi,0.85,6,0.81,1,Tubewell,1,29992,2,38,58111
HH2739,Gujarat,Rice,Kharif,1.03,4,0.814,1,Tubewell,2,22427,7,41,99337
HH2740,Uttar Pradesh,Rice,Kharif,1.7,5,0.843,1,Sprinkler,2,44431,6,18,118477
HH2741,Rajasthan,Cotton,Rabi,2.48,3,0.645,0,None,3,27994,3,30,201193
HH2742,Maharashtra,Sugarcane,Kharif,1.29,2,0.496,1,Tubewell,2,34238,5,8,105619
HH2743,Maharashtra,Wheat,Kharif,1.37,4,0.757,1,Canal,3,21258,4,21,141814
HH2744,Maharashtra,Rice,Kharif,1.52,4,0.776,0,None,3,39087,2,7,106318
HH2745,Tamil Nadu,Rice,Kharif,0.87,5,0.801,0,None,1,17558,4,44,60816
HH2746,Bihar,Groundnut,Kharif,0.61,2,0.469,1,Sprinkler,3,7988,5,5,74977
HH2747,Tamil Nadu,Sugarcane,Rabi,0.3,4,0.728,0,None,2,3000,7,32,82428
HH2748,Maharashtra,Vegetables,Kharif,0.75,2,0.5,1,Canal,1,16354,6,16,73777
HH2749,Bihar,Cotton,Kharif,2.02,3,0.704,0,None,3,33401,4,40,164657
HH2750,Punjab,Groundnut,Kharif,0.74,1,0.013,0,None,2,6608,4,26,49166
HH2751,Rajasthan,Sugarcane,Kharif,1.1,2,0.477,0,None,2,9341,5,27,108595
HH2752,Punjab,Maize,Kharif,2.01,5,0.819,0,None,2,40871,4,39,93336
HH2753,Madhya Pradesh,Cotton,Kharif,2.1,1,0.0,0,None,1,19706,6,28,81000
HH2754,Rajasthan,Rice,Rabi,0.54,3,0.694,1,Tubewell,2,19207,3,33,79469
HH2755,Gujarat,Millets,Kharif,3.15,3,0.743,0,None,2,69418,4,2,98039
HH2756,Madhya Pradesh,Vegetables,Zaid,3.52,1,0.0,1,Drip,2,95076,5,41,203180
HH2757,Karnataka,Wheat,Zaid,0.52,2,0.524,1,Drip,3,7556,3,15,90341
HH2758,West Bengal,Millets,Rabi,0.67,3,0.645,0,None,2,18002,5,39,70224
HH2759,Haryana,Wheat,Rabi,3.72,1,0.0,0,None,1,39392,7,7,105907
HH2760,Uttar Pradesh,Sugarcane,Zaid,1.19,4,0.751,1,Sprinkler,1,30798,5,20,101738
HH2761,Maharashtra,Groundnut,Kharif,0.2,6,0.827,0,None,3,9901,6,13,52716
HH2762,Uttar Pradesh,Wheat,Kharif,0.41,2,0.574,0,None,2,9949,5,32,41468
HH2763,Punjab,Wheat,Kharif,1.09,1,0.0,1,Canal,3,27966,4,29,97064
HH2764,Karnataka,Cotton,Rabi,0.5,2,0.518,0,None,2,16563,4,4,45830
HH2765,Uttar Pradesh,Sugarcane,Kharif,0.95,3,0.609,0,None,1,11800,5,19,82192
HH2766,Gujarat,Rice,Zaid,1.39,2,0.513,1,Tubewell,1,28026,5,10,68492
HH2767,Andhra Pradesh,Rice,Kharif,4.68,1,0.034,1,Canal,2,52007,5,36,190455
HH2768,Madhya Pradesh,Pulses,Zaid,1.05,3,0.651,0,None,2,21583,3,12,56325
HH2769,Andhra Pradesh,Cotton,Kharif,3.36,5,0.725,1,Tubewell,1,72359,5,22,142463
HH2770,Punjab,Rice,Rabi,4.55,2,0.499,1,Tubewell,2,121725,6,27,170424
HH2771,Uttar Pradesh,Groundnut,Rabi,4.57,2,0.501,1,Drip,3,78871,4,35,253348
HH2772,Madhya Pradesh,Wheat,Kharif,1.72,5,0.822,0,None,3,36897,6,40,136593
HH2773,Bihar,Wheat,Rabi,0.25,3,0.727,1,Canal,2,3433,6,17,53370
HH2774,Karnataka,Millets,Kharif,2.0,3,0.656,0,None,3,39422,4,6,87549
HH2775,Andhra Pradesh,Pulses,Kharif,3.29,3,0.641,1,Canal,1,82227,5,43,94001
HH2776,Karnataka,Rice,Zaid,1.26,6,0.798,0,None,1,17129,6,14,51942
HH2777,Uttar Pradesh,Pulses,Kharif,5.95,3,0.673,1,Tubewell,1,155081,5,33,143875
HH2778,Maharashtra,Pulses,Kharif,2.8,4,0.764,0,None,1,50830,6,44,96874
HH2779,Karnataka,Soybean,Kharif,2.19,3,0.651,0,None,3,44021,4,28,122658
HH2780,Maharashtra,Maize,Rabi,3.4,3,0.69,1,Tank,1,45351,3,38,119885
HH2781,Uttar Pradesh,Wheat,Rabi,1.79,2,0.514,0,None,2,19339,3,7,96086
HH2782,West Bengal,Rice,Rabi,0.16,2,0.501,0,None,2,4850,8,11,34723
HH2783,Gujarat,Maize,Rabi,0.88,4,0.723,1,Tank,2,16285,3,33,79394
HH2784,Bihar,Vegetables,Kharif,3.73,2,0.486,1,Tank,2,71416,6,3,208988
HH2785,West Bengal,Soybean,Kharif,0.68,3,0.594,0,None,2,9157,4,22,51465
HH2786,Madhya Pradesh,Wheat,Rabi,1.12,2,0.507,0,None,2,10178,2,13,78599
HH2787,Gujarat,Wheat,Rabi,0.56,4,0.751,1,Tubewell,3,5417,4,29,110894
HH2788,Maharashtra,Maize,Kharif,6.15,1,0.006,1,Canal,1,118893,5,6,164578
HH2789,Gujarat,Soybean,Kharif,5.64,4,0.765,0,None,1,138626,3,42,144363
HH2790,Gujarat,Rice,Zaid,0.64,3,0.679,1,Tubewell,2,9476,7,39,76244
HH2791,Haryana,Maize,Rabi,1.53,1,0.0,1,Drip,2,25041,7,43,75396
HH2792,Gujarat,Groundnut,Rabi,0.76,3,0.668,0,None,2,17994,3,28,55549
HH2793,Tamil Nadu,Wheat,Kharif,2.28,2,0.458,0,None,3,31379,6,15,122569
HH2794,Madhya Pradesh,Wheat,Rabi,2.08,2,0.482,0,None,3,42950,5,24,121071
HH2795,Karnataka,Wheat,Kharif,2.69,2,0.502,1,Canal,3,49593,8,43,187429
HH2796,Tamil Nadu,Pulses,Rabi,1.79,1,0.0,0,None,2,23362,3,26,59155
HH2797,Uttar Pradesh,Cotton,Rabi,15.0,6,0.859,0,None,1,200000,5,1,514593
HH2798,Tamil Nadu,Maize,Kharif,0.56,1,0.0,1,Tubewell,3,9701,4,26,67670
HH2799,Gujarat,Groundnut,Kharif,0.32,3,0.673,0,None,3,6778,6,31,73527
HH2800,Maharashtra,Cotton,Rabi,0.97,2,0.503,1,Canal,2,17998,3,23,94082
HH2801,Bihar,Rice,Rabi,0.36,3,0.689,0,None,3,6740,5,32,75703
HH2802,West Bengal,Soybean,Rabi,0.38,2,0.527,1,Tubewell,3,9166,7,44,84785
HH2803,Gujarat,Soybean,Rabi,0.58,3,0.688,0,None,2,15356,5,1,39866
HH2804,Gujarat,Wheat,Kharif,0.62,3,0.604,0,None,1,7555,5,18,36094
HH2805,Andhra Pradesh,Rice,Rabi,0.6,3,0.703,1,Canal,2,16655,5,17,69178
HH2806,Gujarat,Soybean,Rabi,2.1,1,0.046,1,Canal,3,31742,4,44,142210
HH2807,Bihar,Groundnut,Kharif,0.88,3,0.653,1,Tubewell,2,17162,5,28,72749
HH2808,Maharashtra,Rice,Rabi,1.16,2,0.507,1,Tubewell,2,10135,5,1,99479
HH2809,Karnataka,Soybean,Rabi,2.89,1,0.0,1,Tubewell,2,67214,8,36,134528
HH2810,Haryana,Pulses,Rabi,0.7,2,0.442,1,Drip,1,11184,3,5,38692
HH2811,Madhya Pradesh,Rice,Kharif,1.08,2,0.478,1,Canal,2,22527,4,5,82698
HH2812,Punjab,Maize,Kharif,1.84,2,0.484,1,Sprinkler,2,24332,4,2,85999
HH2813,Punjab,Soybean,Zaid,0.26,3,0.656,1,Canal,3,3000,5,11,61164
HH2814,Maharashtra,Wheat,Kharif,0.18,2,0.471,1,Tubewell,3,3000,2,35,100162
HH2815,Tamil Nadu,Groundnut,Kharif,1.81,2,0.478,0,None,3,20369,7,30,127100
HH2816,Bihar,Vegetables,Rabi,2.05,1,0.0,0,None,1,25710,5,32,93774
HH2817,Andhra Pradesh,Vegetables,Kharif,7.8,3,0.644,0,None,1,101290,7,8,306819
HH2818,Uttar Pradesh,Wheat,Kharif,1.54,3,0.683,1,Tubewell,3,31583,4,2,120347
HH2819,Uttar Pradesh,Vegetables,Kharif,2.71,2,0.52,1,Tank,2,49781,3,36,191293
HH2820,Rajasthan,Cotton,Zaid,1.14,3,0.738,1,Tubewell,1,34692,4,39,91419
HH2821,Gujarat,Wheat,Kharif,1.74,3,0.701,0,None,1,31923,5,25,59973
HH2822,Maharashtra,Rice,Rabi,5.57,2,0.507,0,None,2,91144,2,19,209288
HH2823,Punjab,Pulses,Rabi,0.22,3,0.648,1,Canal,1,3204,6,7,33871
HH2824,Maharashtra,Cotton,Kharif,1.92,3,0.676,1,Tubewell,2,40537,6,40,140947
HH2825,Madhya Pradesh,Vegetables,Kharif,8.29,3,0.677,0,None,3,101798,6,14,523310
HH2826,West Bengal,Rice,Kharif,1.72,2,0.485,1,Tubewell,2,39272,7,4,101222
HH2827,Haryana,Groundnut,Zaid,5.49,1,0.024,0,None,3,67743,5,33,249651
HH2828,Uttar Pradesh,Rice,Rabi,0.79,1,0.0,0,None,1,18494,5,37,23463
HH2829,Karnataka,Rice,Rabi,1.31,3,0.66,1,Tubewell,2,26472,5,43,106618
HH2830,Uttar Pradesh,Millets,Kharif,1.39,4,0.767,1,Canal,1,46112,4,30,56374
HH2831,Karnataka,Rice,Kharif,0.2,2,0.491,1,Tubewell,3,6532,5,20,90936
HH2832,Punjab,Sugarcane,Rabi,0.5,1,0.0,0,None,3,3000,5,14,75888
HH2833,Uttar Pradesh,Pulses,Rabi,0.53,4,0.746,0,None,2,10248,6,27,47408
HH2834,Madhya Pradesh,Vegetables,Rabi,2.71,4,0.725,0,None,2,68958,4,13,163609
HH2835,Rajasthan,Sugarcane,Rabi,2.83,4,0.785,0,None,2,61049,3,7,177116
HH2836,Gujarat,Maize,Rabi,1.78,3,0.636,1,Canal,3,19549,5,18,120339
HH2837,Gujarat,Soybean,Kharif,2.72,4,0.76,0,None,2,48835,6,38,124617
HH2838,Uttar Pradesh,Rice,Rabi,1.17,1,0.012,0,None,3,19006,8,39,92713
HH2839,Bihar,Wheat,Rabi,3.75,1,0.0,0,None,1,32897,3,9,109791
HH2840,Rajasthan,Wheat,Rabi,1.36,1,0.002,1,Drip,2,16036,6,23,77118
HH2841,Rajasthan,Cotton,Rabi,1.42,3,0.64,1,Tubewell,2,40739,5,31,145800
HH2842,Bihar,Wheat,Rabi,1.08,1,0.042,1,Canal,3,26678,2,2,98047
HH2843,Gujarat,Wheat,Rabi,2.42,2,0.466,0,None,2,46436,6,40,118361
HH2844,Gujarat,Cotton,Kharif,0.94,2,0.48,0,None,2,23068,2,38,65078
HH2845,Tamil Nadu,Cotton,Kharif,3.1,2,0.463,0,None,3,35153,6,41,219262
HH2846,Rajasthan,Sugarcane,Zaid,0.52,4,0.709,0,None,1,8789,6,39,79772
HH2847,Bihar,Rice,Rabi,0.53,1,0.048,0,None,2,8970,5,5,40837
HH2848,Madhya Pradesh,Vegetables,Kharif,2.42,2,0.516,0,None,2,42254,3,23,144829
HH2849,Tamil Nadu,Vegetables,Rabi,1.25,4,0.754,1,Tank,1,32158,7,32,96449
HH2850,Rajasthan,Wheat,Kharif,0.92,1,0.0,1,Tubewell,2,25458,7,39,85281
HH2851,Punjab,Rice,Kharif,2.88,3,0.694,0,None,3,43240,7,16,157002
HH2852,Madhya Pradesh,Groundnut,Kharif,0.81,4,0.725,1,Tubewell,2,7919,4,11,79074
HH2853,Maharashtra,Pulses,Kharif,1.14,5,0.824,0,None,2,21489,5,14,67580
HH2854,Gujarat,Rice,Kharif,4.43,4,0.724,1,Canal,3,117979,3,3,219223
HH2855,Uttar Pradesh,Rice,Rabi,4.99,2,0.481,1,Tubewell,3,72712,3,8,243365
HH2856,Andhra Pradesh,Wheat,Rabi,5.14,3,0.69,1,Tubewell,3,135731,3,15,262811
HH2857,Maharashtra,Soybean,Rabi,1.06,1,0.026,0,None,3,9789,5,9,56159
HH2858,Uttar Pradesh,Millets,Kharif,3.84,2,0.518,0,None,3,37959,4,16,173847
HH2859,Uttar Pradesh,Groundnut,Kharif,0.6,1,0.0,0,None,3,10997,5,26,51801
HH2860,Maharashtra,Maize,Kharif,0.62,2,0.487,0,None,3,13618,5,32,71339
HH2861,West Bengal,Groundnut,Kharif,0.18,4,0.755,1,Tank,3,5575,7,18,57601
HH2862,Madhya Pradesh,Wheat,Rabi,5.6,2,0.475,1,Canal,2,135208,7,8,216055
HH2863,Gujarat,Soybean,Kharif,0.65,3,0.708,1,Canal,2,18771,6,39,84809
HH2864,Tamil Nadu,Wheat,Kharif,1.21,2,0.428,1,Tank,3,20442,6,32,118604
HH2865,Karnataka,Wheat,Kharif,0.62,2,0.477,1,Tank,2,9280,2,10,57945
HH2866,Tamil Nadu,Wheat,Zaid,2.44,5,0.785,0,None,3,56987,2,12,131191
HH2867,Andhra Pradesh,Soybean,Rabi,0.98,2,0.415,0,None,1,12747,5,12,40037
HH2868,Bihar,Groundnut,Rabi,0.45,3,0.625,1,Canal,3,12854,5,10,72531
HH2869,Madhya Pradesh,Maize,Rabi,1.96,2,0.519,0,None,2,25277,6,34,94988
HH2870,Rajasthan,Rice,Kharif,0.4,1,0.001,0,None,1,3893,5,30,26542
HH2871,West Bengal,Rice,Zaid,0.66,2,0.547,0,None,3,14380,7,44,83947
HH2872,Gujarat,Wheat,Kharif,0.23,4,0.796,1,Drip,2,4344,6,31,85417
HH2873,West Bengal,Wheat,Rabi,0.4,1,0.013,1,Canal,1,8293,3,38,54990
HH2874,Karnataka,Cotton,Kharif,1.57,1,0.009,0,None,2,26866,5,25,88692
HH2875,Bihar,Rice,Kharif,0.25,1,0.002,1,Drip,1,6793,8,24,38749
HH2876,Karnataka,Groundnut,Rabi,0.38,4,0.67,1,Sprinkler,1,4565,4,33,58871
HH2877,Andhra Pradesh,Groundnut,Rabi,1.35,3,0.625,1,Canal,2,24957,4,9,101444
HH2878,Maharashtra,Cotton,Kharif,0.85,3,0.67,1,Canal,3,9483,4,25,137494
HH2879,Tamil Nadu,Maize,Rabi,7.34,2,0.518,1,Canal,2,125972,5,20,263374
HH2880,Maharashtra,Rice,Kharif,6.42,4,0.759,1,Canal,2,140983,6,17,254189
HH2881,Rajasthan,Cotton,Zaid,0.65,4,0.723,0,None,3,18838,2,6,87227
HH2882,West Bengal,Vegetables,Rabi,2.17,4,0.778,0,None,2,42613,6,36,147411
HH2883,Maharashtra,Soybean,Kharif,2.55,4,0.794,1,Canal,2,70987,7,41,122184
HH2884,Uttar Pradesh,Rice,Kharif,0.81,3,0.695,0,None,2,11513,6,20,56987
HH2885,Uttar Pradesh,Vegetables,Kharif,0.38,2,0.53,0,None,2,5403,7,26,70242
HH2886,Gujarat,Soybean,Rabi,1.34,4,0.733,1,Sprinkler,1,22149,3,40,80088
HH2887,Andhra Pradesh,Sugarcane,Kharif,1.17,5,0.832,0,None,3,16977,5,12,132822
HH2888,Rajasthan,Soybean,Kharif,0.93,1,0.004,0,None,1,14465,3,7,40304
HH2889,Bihar,Rice,Zaid,1.97,1,0.015,0,None,2,28751,6,40,86029
HH2890,West Bengal,Maize,Kharif,0.71,5,0.811,1,Tubewell,2,15361,7,30,80333
HH2891,Rajasthan,Maize,Kharif,0.51,2,0.496,1,Tubewell,2,16075,4,22,54958
HH2892,Haryana,Pulses,Kharif,1.48,4,0.724,1,Sprinkler,2,29645,5,42,96819
HH2893,Bihar,Rice,Kharif,1.87,2,0.498,1,Tubewell,2,42422,4,29,100570
HH2894,Punjab,Cotton,Rabi,0.5,1,0.03,0,None,2,5973,4,22,45533
HH2895,Maharashtra,Pulses,Rabi,2.97,1,0.0,0,None,1,31397,5,24,71986
HH2896,West Bengal,Wheat,Kharif,0.3,1,0.027,0,None,3,7532,6,3,29614
HH2897,Andhra Pradesh,Vegetables,Kharif,0.83,2,0.522,1,Tubewell,1,11330,3,41,83919
HH2898,Madhya Pradesh,Rice,Kharif,1.08,2,0.491,0,None,3,24895,3,24,79421
HH2899,Karnataka,Rice,Kharif,0.79,3,0.709,1,Canal,2,17193,4,26,74417
HH2900,Uttar Pradesh,Wheat,Kharif,0.84,6,0.822,1,Tubewell,1,20985,3,5,57029
HH2901,Uttar Pradesh,Groundnut,Kharif,6.62,2,0.545,0,None,1,99235,5,13,160677
HH2902,Bihar,Rice,Kharif,0.65,3,0.68,1,Canal,3,21854,4,37,107434
HH2903,Uttar Pradesh,Cotton,Rabi,10.75,3,0.667,0,None,2,135408,5,22,483791
HH2904,Karnataka,Rice,Kharif,1.96,3,0.64,0,None,1,18290,5,34,84367
HH2905,Andhra Pradesh,Wheat,Rabi,1.46,3,0.664,1,Drip,3,27553,5,39,141518
HH2906,Uttar Pradesh,Sugarcane,Kharif,2.02,1,0.0,1,Canal,3,26618,7,3,182308
HH2907,Gujarat,Wheat,Rabi,11.59,1,0.0,1,Drip,2,200000,6,32,405745
HH2908,Maharashtra,Wheat,Rabi,0.58,1,0.0,1,Tubewell,2,12040,4,24,45643
HH2909,Madhya Pradesh,Cotton,Rabi,0.52,1,0.0,0,None,2,7238,3,9,40917
HH2910,Madhya Pradesh,Groundnut,Kharif,0.71,3,0.685,0,None,1,14486,7,3,51239
HH2911,Maharashtra,Rice,Kharif,1.39,2,0.539,0,None,2,33059,4,22,83608
HH2912,Uttar Pradesh,Sugarcane,Rabi,0.31,4,0.713,0,None,3,6843,4,24,97572
HH2913,Haryana,Wheat,Kharif,1.38,5,0.851,0,None,2,32145,6,38,109819
HH2914,Gujarat,Cotton,Kharif,5.69,6,0.829,1,Tubewell,2,117865,2,10,277291
HH2915,Maharashtra,Vegetables,Zaid,1.54,5,0.771,1,Canal,2,41383,5,35,141297
HH2916,Punjab,Pulses,Rabi,1.05,2,0.523,1,Canal,2,29080,6,20,68097
HH2917,Bihar,Wheat,Rabi,0.8,3,0.654,1,Sprinkler,2,23805,6,41,68373
HH2918,West Bengal,Soybean,Kharif,2.9,1,0.0,0,None,2,56146,7,44,118560
HH2919,Karnataka,Soybean,Kharif,0.67,4,0.738,1,Canal,1,9941,5,12,53383
HH2920,Madhya Pradesh,Vegetables,Kharif,6.48,4,0.725,1,Canal,3,197290,6,43,412061
HH2921,Madhya Pradesh,Pulses,Rabi,6.98,4,0.772,0,None,1,140831,2,12,155214
HH2922,Haryana,Sugarcane,Kharif,1.68,2,0.491,1,Tubewell,2,29072,4,17,134445
HH2923,Bihar,Millets,Kharif,1.34,4,0.707,0,None,2,14501,2,4,61750
HH2924,Maharashtra,Millets,Rabi,3.24,1,0.017,1,Sprinkler,3,47909,3,42,149617
HH2925,Rajasthan,Sugarcane,Kharif,3.42,1,0.0,1,Tubewell,3,82262,6,8,234728
HH2926,West Bengal,Maize,Rabi,0.68,4,0.715,1,Tubewell,1,19540,2,7,40515
HH2927,Bihar,Soybean,Kharif,0.86,2,0.536,1,Tubewell,2,19682,5,18,71181
HH2928,Gujarat,Cotton,Kharif,0.44,6,0.797,1,Canal,1,8452,4,26,65879
HH2929,Bihar,Soybean,Kharif,1.91,1,0.0,0,None,1,36329,3,31,65430
HH2930,Rajasthan,Sugarcane,Rabi,2.38,4,0.769,0,None,3,40202,5,8,198298
HH2931,Tamil Nadu,Rice,Kharif,0.43,2,0.491,0,None,1,6188,5,34,26601
HH2932,Punjab,Vegetables,Rabi,0.92,4,0.743,0,None,1,10484,6,16,72090
HH2933,Uttar Pradesh,Millets,Rabi,0.43,4,0.741,1,Tubewell,1,18823,6,20,41804
HH2934,Andhra Pradesh,Rice,Rabi,0.63,5,0.807,0,None,2,12795,4,10,54483
HH2935,Haryana,Vegetables,Zaid,2.16,2,0.477,1,Sprinkler,3,34393,8,5,190828
HH2936,Maharashtra,Cotton,Kharif,0.72,5,0.844,1,Tank,2,9535,3,11,107909
HH2937,Bihar,Maize,Rabi,1.05,1,0.0,0,None,2,19755,5,38,45197
HH2938,Tamil Nadu,Sugarcane,Kharif,0.34,1,0.013,1,Canal,2,6895,8,39,77643
HH2939,Gujarat,Maize,Zaid,1.58,2,0.519,0,None,2,23151,4,22,64402
HH2940,Uttar Pradesh,Sugarcane,Rabi,1.3,4,0.727,1,Drip,2,36012,4,11,129171
HH2941,Madhya Pradesh,Vegetables,Rabi,0.73,2,0.469,1,Tubewell,2,20200,5,18,92868
HH2942,Tamil Nadu,Soybean,Kharif,1.15,4,0.781,0,None,2,18682,6,18,61656
HH2943,Madhya Pradesh,Cotton,Kharif,1.57,3,0.637,1,Canal,3,50056,4,31,162844
HH2944,Haryana,Soybean,Kharif,0.68,2,0.482,1,Tubewell,1,14848,6,20,59792
HH2945,Bihar,Millets,Rabi,0.38,5,0.827,1,Canal,1,13180,4,23,43371
HH2946,Uttar Pradesh,Rice,Kharif,6.26,1,0.001,1,Tubewell,3,85873,6,40,290888
HH2947,Andhra Pradesh,Cotton,Kharif,0.79,4,0.696,0,None,3,19297,4,10,92049
HH2948,Andhra Pradesh,Pulses,Rabi,1.24,2,0.552,0,None,3,21698,5,17,83737
HH2949,Rajasthan,Groundnut,Rabi,3.19,3,0.651,1,Canal,2,60306,4,41,151277
HH2950,Gujarat,Pulses,Kharif,15.0,2,0.488,1,Tubewell,2,200000,4,8,477738
HH2951,Bihar,Rice,Zaid,0.47,1,0.008,0,None,2,7599,4,31,26367
HH2952,Haryana,Vegetables,Kharif,1.98,2,0.519,0,None,1,20094,5,40,90176
HH2953,Haryana,Vegetables,Kharif,0.74,1,0.059,0,None,3,11420,6,26,76597
HH2954,Karnataka,Vegetables,Rabi,0.85,2,0.45,0,None,2,17063,6,42,72506
HH2955,Gujarat,Maize,Kharif,0.73,1,0.025,0,None,3,15237,5,44,71989
HH2956,Haryana,Rice,Zaid,0.52,2,0.522,0,None,2,3566,4,9,54158
HH2957,Haryana,Maize,Kharif,1.3,4,0.746,1,Tubewell,1,23979,6,32,59481
HH2958,West Bengal,Cotton,Zaid,0.39,3,0.691,0,None,2,3000,6,23,55253
HH2959,Madhya Pradesh,Maize,Kharif,3.02,4,0.778,0,None,1,55349,5,32,85360
HH2960,Bihar,Groundnut,Rabi,1.41,3,0.626,0,None,3,31837,5,36,106027
HH2961,Maharashtra,Maize,Zaid,1.93,3,0.719,1,Tubewell,2,53125,4,5,98037
HH2962,Rajasthan,Wheat,Kharif,0.91,3,0.62,1,Tubewell,2,19605,3,1,87446
HH2963,Rajasthan,Maize,Kharif,0.99,2,0.466,1,Canal,3,20726,4,31,105147
HH2964,Gujarat,Rice,Kharif,1.72,3,0.659,1,Tubewell,3,37317,5,31,136193
HH2965,West Bengal,Rice,Rabi,0.5,1,0.058,0,None,3,8631,6,9,40803
HH2966,Haryana,Cotton,Kharif,1.0,4,0.741,0,None,1,18741,6,33,69743
HH2967,Haryana,Groundnut,Rabi,0.65,4,0.749,1,Sprinkler,3,17194,2,35,105864
HH2968,Tamil Nadu,Vegetables,Rabi,0.63,2,0.543,1,Canal,3,3616,5,26,130335
HH2969,Gujarat,Maize,Rabi,0.22,4,0.741,1,Tubewell,2,5631,4,2,53551
HH2970,Andhra Pradesh,Vegetables,Kharif,4.21,1,0.0,1,Tubewell,1,53863,5,34,189438
HH2971,Rajasthan,Rice,Rabi,0.75,2,0.487,1,Tubewell,3,15042,4,17,80932
HH2972,Maharashtra,Millets,Kharif,3.63,1,0.041,0,None,3,74108,5,6,125161
HH2973,Bihar,Pulses,Rabi,3.35,4,0.752,1,Tubewell,3,86348,6,37,168052
HH2974,Haryana,Maize,Kharif,0.45,4,0.808,1,Tubewell,2,5681,6,31,75729
HH2975,Rajasthan,Rice,Kharif,0.54,4,0.772,0,None,1,5281,4,28,48641
HH2976,Uttar Pradesh,Sugarcane,Rabi,11.9,1,0.0,1,Canal,2,200000,3,21,586123
HH2977,West Bengal,Rice,Kharif,5.98,3,0.669,1,Tubewell,2,90735,4,11,234785
HH2978,Uttar Pradesh,Soybean,Kharif,1.31,3,0.641,0,None,2,24247,5,41,73470
HH2979,Haryana,Wheat,Rabi,1.68,1,0.0,0,None,1,22062,2,36,68466
HH2980,Gujarat,Sugarcane,Rabi,0.79,3,0.801,0,None,1,16005,3,39,75284
HH2981,Karnataka,Wheat,Kharif,1.95,1,0.031,0,None,2,18956,8,27,106933
HH2982,Maharashtra,Wheat,Rabi,0.73,1,0.026,0,None,2,13205,4,20,31993
HH2983,Haryana,Wheat,Rabi,0.24,2,0.481,0,None,2,3000,5,20,36427
HH2984,Bihar,Rice,Rabi,0.44,3,0.714,0,None,2,11596,2,2,35908
HH2985,Andhra Pradesh,Groundnut,Rabi,1.37,1,0.033,0,None,2,11246,5,37,87508
HH2986,Gujarat,Wheat,Kharif,0.52,1,0.056,1,Tubewell,3,14125,4,27,81676
HH2987,Uttar Pradesh,Soybean,Kharif,1.27,2,0.555,0,None,1,16843,5,18,36125
HH2988,Andhra Pradesh,Soybean,Kharif,0.54,2,0.456,0,None,3,6074,5,13,43823
HH2989,Haryana,Rice,Kharif,0.69,2,0.467,0,None,3,12456,8,18,75000
HH2990,West Bengal,Wheat,Kharif,2.79,2,0.47,1,Canal,2,67755,4,11,120415
HH2991,Maharashtra,Maize,Zaid,1.67,3,0.639,0,None,3,12568,5,14,109045
HH2992,Bihar,Pulses,Rabi,1.34,2,0.51,0,None,2,19271,4,44,73526
HH2993,Andhra Pradesh,Cotton,Kharif,2.85,4,0.733,0,None,2,55758,5,4,162100
HH2994,Rajasthan,Sugarcane,Kharif,2.03,3,0.729,1,Tubewell,1,26066,3,39,139720
HH2995,Uttar Pradesh,Groundnut,Kharif,4.62,1,0.057,1,Tubewell,2,72347,5,13,173825
HH2996,West Bengal,Vegetables,Kharif,0.91,1,0.0,0,None,2,21764,4,19,65038
HH2997,Maharashtra,Pulses,Zaid,0.94,4,0.809,0,None,2,14141,5,43,79548
HH2998,Madhya Pradesh,Sugarcane,Rabi,0.45,1,0.045,0,None,1,10617,5,39,41291
HH2999,Madhya Pradesh,Wheat,Rabi,0.94,1,0.0,0,None,1,12591,5,25,19803
HH3000,West Bengal,Groundnut,Rabi,3.07,1,0.0,1,Drip,2,32999,4,15,141792
HH3001,Punjab,Rice,Rabi,4.08,3,0.66,1,Canal,1,58709,4,20,129508
HH3002,Bihar,Cotton,Rabi,3.05,3,0.648,1,Tank,3,80320,5,17,209478
HH3003,Madhya Pradesh,Soybean,Kharif,0.29,6,0.839,0,None,2,3000,2,1,36386
HH3004,Tamil Nadu,Soybean,Kharif,3.39,4,0.753,1,Tubewell,2,58066,4,29,154849
HH3005,Tamil Nadu,Groundnut,Rabi,0.28,2,0.502,0,None,1,3000,6,44,49171
HH3006,West Bengal,Wheat,Kharif,2.9,2,0.516,0,None,1,53696,6,19,76777
HH3007,West Bengal,Millets,Kharif,0.99,2,0.464,1,Tubewell,2,25186,6,30,67063
HH3008,Uttar Pradesh,Rice,Rabi,2.45,1,0.012,0,None,3,34715,5,25,137857
HH3009,Punjab,Rice,Kharif,0.43,1,0.0,1,Canal,2,3774,6,28,54639
HH3010,Uttar Pradesh,Soybean,Rabi,3.65,1,0.006,1,Tubewell,3,94432,3,37,179233
HH3011,Andhra Pradesh,Pulses,Kharif,0.39,1,0.029,0,None,3,6301,5,42,55613
HH3012,Madhya Pradesh,Maize,Zaid,0.76,2,0.463,1,Tank,1,11835,3,11,44482
HH3013,Madhya Pradesh,Maize,Kharif,0.58,2,0.492,0,None,3,14518,6,16,63849
HH3014,Rajasthan,Maize,Kharif,0.3,5,0.796,0,None,2,3000,5,18,47338
HH3015,Tamil Nadu,Rice,Kharif,1.46,3,0.652,1,Tubewell,3,21134,6,41,136172
HH3016,Rajasthan,Soybean,Kharif,6.27,6,0.86,1,Drip,2,129344,6,9,233582
HH3017,Haryana,Cotton,Rabi,13.02,2,0.478,0,None,1,143482,5,28,456994
HH3018,Rajasthan,Pulses,Zaid,1.47,2,0.483,1,Tubewell,3,40195,5,27,118354
HH3019,Uttar Pradesh,Wheat,Rabi,3.49,2,0.479,1,Tubewell,1,70847,2,38,124370
HH3020,Bihar,Wheat,Kharif,1.64,1,0.033,0,None,3,17258,5,44,111963
HH3021,Madhya Pradesh,Sugarcane,Kharif,2.06,1,0.0,1,Tubewell,1,51505,5,23,101548
HH3022,Karnataka,Sugarcane,Kharif,1.01,5,0.814,1,Drip,2,36307,4,43,140179
HH3023,Punjab,Cotton,Rabi,1.59,6,0.892,1,Tubewell,2,30482,8,22,130065
HH3024,Rajasthan,Wheat,Kharif,2.13,1,0.0,0,None,3,32099,8,4,111170
HH3025,Uttar Pradesh,Rice,Rabi,0.83,1,0.033,1,Canal,1,23001,4,32,50509
HH3026,Rajasthan,Vegetables,Kharif,1.26,2,0.55,0,None,2,22696,6,24,102561
HH3027,Gujarat,Sugarcane,Kharif,1.28,1,0.031,1,Tubewell,2,26062,2,38,134691
HH3028,Punjab,Maize,Rabi,2.72,2,0.499,1,Sprinkler,3,38811,5,28,165025
HH3029,Punjab,Maize,Zaid,0.55,1,0.019,0,None,2,3161,5,6,52716
HH3030,Punjab,Maize,Kharif,1.29,2,0.461,0,None,2,33953,6,33,75265
HH3031,Maharashtra,Groundnut,Kharif,6.86,2,0.477,1,Drip,2,186018,4,31,221064
HH3032,Karnataka,Soybean,Rabi,3.63,2,0.482,1,Tubewell,2,59143,6,10,138328
HH3033,Bihar,Wheat,Rabi,4.25,1,0.067,0,None,3,43672,6,12,215446
HH3034,Uttar Pradesh,Maize,Zaid,1.38,2,0.476,0,None,1,29086,5,7,38170
HH3035,Madhya Pradesh,Wheat,Kharif,1.77,6,0.808,1,Tank,3,44758,5,24,148736
HH3036,Madhya Pradesh,Maize,Kharif,3.16,2,0.469,0,None,2,40676,5,28,121710
HH3037,Karnataka,Cotton,Kharif,5.08,4,0.767,0,None,1,80032,6,11,184282
HH3038,Gujarat,Rice,Rabi,0.26,4,0.754,1,Canal,2,5625,8,32,67898
HH3039,Uttar Pradesh,Groundnut,Rabi,0.44,5,0.833,0,None,3,3000,3,20,81308
HH3040,Andhra Pradesh,Wheat,Rabi,4.11,4,0.77,0,None,2,77164,4,28,170060
HH3041,Maharashtra,Pulses,Zaid,1.07,3,0.626,0,None,1,12240,6,1,52091
HH3042,Gujarat,Wheat,Kharif,0.76,4,0.726,1,Canal,1,28433,4,27,51677
HH3043,Uttar Pradesh,Millets,Rabi,0.46,1,0.041,0,None,3,6937,5,16,44263
HH3044,Rajasthan,Sugarcane,Rabi,0.84,2,0.494,1,Canal,2,25164,3,36,113662
HH3045,Haryana,Rice,Rabi,0.41,6,0.869,1,Canal,3,8139,6,6,76923
HH3046,Haryana,Rice,Kharif,7.98,4,0.746,0,None,2,166649,5,10,256169
HH3047,Karnataka,Rice,Rabi,1.32,5,0.771,1,Canal,2,23582,5,39,104153
HH3048,Rajasthan,Rice,Rabi,1.28,4,0.741,0,None,2,15614,6,44,99142
HH3049,Rajasthan,Wheat,Rabi,2.23,4,0.721,1,Drip,2,37719,7,19,128747
HH3050,Madhya Pradesh,Wheat,Kharif,3.06,3,0.65,0,None,3,45343,6,10,186307
HH3051,Maharashtra,Rice,Rabi,3.02,4,0.756,1,Tubewell,2,71346,3,26,140063
HH3052,Karnataka,Cotton,Rabi,3.36,3,0.682,0,None,1,74605,6,34,134309
HH3053,Madhya Pradesh,Cotton,Kharif,0.79,5,0.752,0,None,2,11971,5,41,100495
HH3054,Madhya Pradesh,Soybean,Kharif,1.05,4,0.749,1,Tubewell,2,28303,4,1,62479
HH3055,Punjab,Wheat,Kharif,2.6,4,0.732,0,None,3,52632,6,10,157916
HH3056,Gujarat,Pulses,Rabi,0.86,3,0.648,1,Drip,3,13944,5,33,94670
HH3057,Tamil Nadu,Sugarcane,Rabi,1.34,2,0.504,0,None,2,23388,5,26,104633
HH3058,Uttar Pradesh,Soybean,Kharif,1.89,1,0.0,0,None,2,30206,6,34,79671
HH3059,Uttar Pradesh,Rice,Rabi,2.63,5,0.841,1,Drip,2,51237,5,37,136714
HH3060,Gujarat,Maize,Kharif,0.3,3,0.703,0,None,3,9515,6,13,75415
HH3061,Madhya Pradesh,Cotton,Kharif,2.48,2,0.535,1,Canal,3,51960,3,38,212463
HH3062,Uttar Pradesh,Pulses,Kharif,1.11,1,0.0,1,Tubewell,3,23420,6,30,87323
HH3063,Tamil Nadu,Pulses,Kharif,2.46,4,0.721,0,None,1,47563,3,24,68744
HH3064,Tamil Nadu,Soybean,Rabi,2.61,4,0.752,1,Tubewell,2,71871,4,42,115466
HH3065,Punjab,Groundnut,Zaid,5.29,4,0.745,0,None,2,75494,4,34,217635
HH3066,Madhya Pradesh,Soybean,Kharif,4.26,3,0.649,0,None,2,91992,4,37,151160
HH3067,Uttar Pradesh,Rice,Zaid,4.24,2,0.465,1,Tank,1,115295,6,19,120656
HH3068,Gujarat,Groundnut,Rabi,4.6,2,0.499,0,None,1,78186,5,2,115271
HH3069,Madhya Pradesh,Rice,Kharif,1.73,1,0.0,0,None,2,23766,4,30,83682
HH3070,Punjab,Soybean,Kharif,1.39,4,0.771,1,Canal,2,34409,4,22,88443
HH3071,Haryana,Rice,Rabi,2.83,1,0.02,1,Canal,2,51017,3,32,113740
HH3072,Tamil Nadu,Wheat,Rabi,2.51,3,0.7,1,Tubewell,1,73541,4,33,95946
HH3073,Madhya Pradesh,Sugarcane,Kharif,1.04,3,0.629,1,Drip,3,28615,4,40,170742
HH3074,Madhya Pradesh,Wheat,Kharif,1.9,3,0.679,1,Tubewell,2,39441,3,15,118148
HH3075,Tamil Nadu,Soybean,Rabi,1.31,5,0.778,1,Tubewell,3,34247,6,6,110211
HH3076,West Bengal,Maize,Kharif,0.65,1,0.0,0,None,2,11272,6,36,42359
HH3077,Gujarat,Millets,Rabi,4.04,4,0.737,1,Canal,3,65801,3,44,196195
HH3078,Uttar Pradesh,Cotton,Kharif,1.41,1,0.032,0,None,1,21520,4,16,52557
HH3079,Maharashtra,Groundnut,Kharif,7.7,1,0.0,1,Tank,1,147078,6,21,209535
HH3080,Gujarat,Vegetables,Kharif,0.34,2,0.547,1,Canal,2,3266,6,34,92333
HH3081,Haryana,Wheat,Kharif,0.84,1,0.016,1,Canal,3,12679,3,40,94736
HH3082,West Bengal,Groundnut,Kharif,1.39,4,0.738,1,Canal,1,31052,7,38,92572
HH3083,Maharashtra,Cotton,Kharif,3.55,3,0.702,0,None,1,72196,3,35,152440
HH3084,Tamil Nadu,Rice,Rabi,1.9,1,0.013,0,None,3,36830,5,33,105776
HH3085,Haryana,Rice,Kharif,1.76,1,0.0,1,Tubewell,1,39568,2,8,56960
HH3086,Punjab,Groundnut,Rabi,0.52,3,0.723,0,None,2,6682,7,12,48391
HH3087,Rajasthan,Wheat,Rabi,0.5,4,0.758,1,Canal,3,17133,4,39,97706
HH3088,Uttar Pradesh,Rice,Rabi,1.78,2,0.501,0,None,3,34842,5,18,115937
HH3089,Tamil Nadu,Sugarcane,Kharif,0.42,3,0.641,1,Drip,2,12350,4,40,118122
HH3090,Madhya Pradesh,Cotton,Rabi,0.86,4,0.785,1,Tank,3,19117,4,21,139092
HH3091,Karnataka,Soybean,Rabi,2.07,3,0.683,0,None,2,23528,6,27,113327
HH3092,Gujarat,Rice,Kharif,0.59,2,0.519,1,Canal,1,15799,8,12,53455
HH3093,Rajasthan,Rice,Kharif,5.28,3,0.652,1,Tubewell,3,81501,8,6,253631
HH3094,West Bengal,Cotton,Kharif,3.82,3,0.692,0,None,2,52119,6,31,216279
HH3095,Maharashtra,Maize,Rabi,0.35,3,0.694,1,Canal,2,8676,6,34,65934
HH3096,Punjab,Vegetables,Rabi,0.61,3,0.647,1,Tubewell,3,11729,8,7,120247
HH3097,Gujarat,Maize,Rabi,0.19,5,0.757,0,None,1,5843,2,31,25624
HH3098,Uttar Pradesh,Pulses,Rabi,0.69,1,0.017,1,Tubewell,2,14433,4,4,31654
HH3099,Uttar Pradesh,Wheat,Kharif,2.59,5,0.753,0,None,2,48777,3,17,114413
HH3100,Karnataka,Maize,Zaid,0.95,3,0.672,0,None,2,13419,5,29,68476
HH3101,Uttar Pradesh,Soybean,Rabi,2.0,3,0.654,1,Canal,2,40065,7,3,100555
HH3102,Bihar,Groundnut,Kharif,0.37,1,0.037,1,Tubewell,2,3000,5,24,59224
HH3103,Gujarat,Millets,Rabi,2.66,2,0.488,1,Canal,3,48049,5,3,130413
HH3104,Karnataka,Sugarcane,Kharif,0.84,4,0.783,0,None,3,19832,6,39,131750
HH3105,Madhya Pradesh,Cotton,Kharif,1.36,3,0.652,0,None,2,18103,7,27,98517
HH3106,Karnataka,Vegetables,Rabi,1.25,1,0.03,0,None,2,19686,5,1,85179
HH3107,Haryana,Rice,Rabi,0.46,3,0.729,1,Sprinkler,2,16494,7,15,80900
HH3108,Uttar Pradesh,Rice,Kharif,0.51,1,0.0,0,None,2,6893,4,14,34509
HH3109,Tamil Nadu,Sugarcane,Rabi,3.07,6,0.842,1,Drip,2,52508,5,4,197159
HH3110,Tamil Nadu,Wheat,Kharif,1.89,4,0.832,0,None,2,45439,4,4,93184
HH3111,Punjab,Cotton,Rabi,3.3,1,0.002,1,Drip,2,50335,4,25,169402
HH3112,Madhya Pradesh,Millets,Kharif,1.78,4,0.752,1,Tank,2,37109,4,11,73857
HH3113,Haryana,Cotton,Zaid,1.52,5,0.824,1,Tank,3,41320,7,33,178668
HH3114,Uttar Pradesh,Groundnut,Rabi,0.31,2,0.501,0,None,2,11136,5,11,28376
HH3115,Maharashtra,Wheat,Kharif,1.07,3,0.616,1,Tubewell,2,20427,5,12,82106
HH3116,West Bengal,Wheat,Rabi,1.32,2,0.534,1,Tubewell,2,14219,4,15,104560
HH3117,Haryana,Wheat,Rabi,7.1,3,0.607,1,Tubewell,2,91003,8,26,299677
HH3118,Uttar Pradesh,Maize,Kharif,2.42,2,0.487,0,None,1,28053,5,24,85793
HH3119,Madhya Pradesh,Wheat,Zaid,4.98,2,0.536,1,Drip,2,83235,2,26,229813
HH3120,Maharashtra,Groundnut,Zaid,2.24,2,0.489,0,None,2,32085,4,27,99894
HH3121,Madhya Pradesh,Soybean,Kharif,0.74,1,0.0,0,None,3,16604,8,36,62442
HH3122,Madhya Pradesh,Cotton,Kharif,1.49,4,0.776,1,Tubewell,3,24967,8,27,181981
HH3123,Uttar Pradesh,Rice,Kharif,1.65,2,0.474,1,Tank,2,30673,5,38,98786
HH3124,Karnataka,Rice,Kharif,0.61,2,0.463,1,Canal,1,11118,5,2,43338
HH3125,Haryana,Maize,Kharif,0.97,4,0.758,0,None,1,10739,7,23,57634
HH3126,Tamil Nadu,Vegetables,Kharif,1.13,2,0.495,0,None,1,24193,6,9,49950
HH3127,Punjab,Maize,Zaid,5.28,3,0.63,1,Tubewell,1,77092,7,8,156939
HH3128,Uttar Pradesh,Cotton,Rabi,0.23,5,0.819,0,None,1,3000,5,40,49291
HH3129,Gujarat,Pulses,Rabi,3.76,4,0.764,1,Tubewell,2,68223,8,42,151182
HH3130,West Bengal,Wheat,Zaid,0.61,1,0.0,1,Sprinkler,2,7667,5,1,61284
HH3131,Bihar,Cotton,Kharif,0.42,2,0.491,0,None,2,13730,5,21,60843
HH3132,Bihar,Maize,Rabi,3.68,6,0.847,0,None,2,48813,3,26,155124
HH3133,Gujarat,Wheat,Kharif,2.51,2,0.536,1,Canal,3,44007,5,15,173187
HH3134,Andhra Pradesh,Millets,Rabi,3.92,2,0.492,0,None,3,35829,6,43,174344
HH3135,Maharashtra,Sugarcane,Kharif,2.67,1,0.02,0,None,2,49525,5,25,145845
HH3136,Tamil Nadu,Rice,Kharif,7.77,1,0.017,0,None,1,121543,5,39,197062
HH3137,Bihar,Rice,Kharif,2.17,3,0.693,0,None,1,43343,4,16,78972
HH3138,Haryana,Maize,Rabi,1.18,4,0.751,1,Tubewell,1,27546,8,35,61346
HH3139,Andhra Pradesh,Maize,Zaid,1.81,5,0.773,1,Tubewell,2,60108,5,23,91841
HH3140,Uttar Pradesh,Millets,Kharif,3.88,4,0.736,1,Canal,2,89236,3,12,120683
HH3141,Rajasthan,Maize,Rabi,0.7,2,0.51,0,None,2,13353,2,19,51243
HH3142,Gujarat,Soybean,Rabi,0.78,1,0.055,1,Tubewell,1,13250,6,34,46153
HH3143,Tamil Nadu,Wheat,Kharif,1.04,6,0.818,1,Tubewell,3,27740,5,8,114950
HH3144,Andhra Pradesh,Rice,Zaid,0.23,2,0.524,1,Canal,1,8780,2,23,37115
HH3145,Madhya Pradesh,Maize,Kharif,1.52,2,0.49,1,Tubewell,1,27447,4,11,59118
HH3146,Rajasthan,Vegetables,Kharif,0.27,5,0.803,0,None,2,3000,7,43,81714
HH3147,West Bengal,Maize,Kharif,1.41,3,0.712,1,Tank,1,25061,7,34,73976
HH3148,Punjab,Sugarcane,Rabi,2.82,2,0.523,0,None,2,50364,3,5,182060
HH3149,Bihar,Maize,Kharif,0.9,4,0.713,1,Tank,3,17153,3,37,114906
HH3150,Karnataka,Sugarcane,Kharif,5.62,6,0.816,1,Tubewell,3,164466,2,25,387915
HH3151,Punjab,Rice,Rabi,0.39,1,0.038,1,Tubewell,1,11684,6,24,46344
HH3152,Madhya Pradesh,Groundnut,Kharif,3.72,4,0.754,1,Tubewell,2,81827,3,24,171267
HH3153,Haryana,Maize,Kharif,2.4,2,0.466,1,Tank,2,42638,3,42,124861
HH3154,Karnataka,Cotton,Zaid,0.31,3,0.642,0,None,3,11636,4,34,106292
HH3155,Karnataka,Maize,Rabi,13.52,5,0.821,0,None,3,200000,7,18,548357
HH3156,Punjab,Wheat,Kharif,1.28,6,0.863,1,Canal,1,23572,5,12,66607
HH3157,Gujarat,Cotton,Kharif,0.64,2,0.501,0,None,3,8071,5,42,98192
HH3158,Uttar Pradesh,Soybean,Rabi,0.41,2,0.574,0,None,1,7200,6,39,23221
HH3159,Bihar,Wheat,Rabi,1.12,1,0.025,0,None,2,14304,5,15,43970
HH3160,Madhya Pradesh,Groundnut,Rabi,1.21,3,0.66,0,None,2,21236,6,12,92705
HH3161,Karnataka,Maize,Rabi,1.47,1,0.0,1,Tubewell,2,32564,3,29,88838
HH3162,Uttar Pradesh,Vegetables,Rabi,1.05,2,0.471,0,None,3,15308,5,29,106613
HH3163,Madhya Pradesh,Vegetables,Kharif,2.31,1,0.01,1,Canal,2,32389,6,20,150940
HH3164,Andhra Pradesh,Sugarcane,Kharif,0.97,2,0.485,1,Tubewell,3,25318,5,15,135058
HH3165,Uttar Pradesh,Wheat,Rabi,0.26,1,0.05,0,None,3,4072,2,3,54630
HH3166,Andhra Pradesh,Groundnut,Kharif,1.19,4,0.794,1,Canal,3,19995,4,16,100296
HH3167,Gujarat,Cotton,Rabi,0.18,2,0.519,0,None,2,3253,8,19,41557
HH3168,Uttar Pradesh,Maize,Rabi,1.82,2,0.465,1,Drip,3,29089,6,7,116720
HH3169,Bihar,Rice,Kharif,0.59,4,0.73,0,None,2,7643,5,36,57702
HH3170,Rajasthan,Soybean,Rabi,1.55,3,0.705,0,None,3,37015,5,22,102065
HH3171,Punjab,Cotton,Rabi,4.12,2,0.483,0,None,1,36835,3,15,170687
HH3172,Madhya Pradesh,Wheat,Rabi,0.6,1,0.034,0,None,2,6754,2,9,32124
HH3173,Maharashtra,Millets,Rabi,3.33,3,0.681,1,Tubewell,3,71566,5,17,153842
HH3174,Maharashtra,Cotton,Rabi,0.93,2,0.502,0,None,3,13526,5,33,101299
HH3175,Uttar Pradesh,Soybean,Zaid,5.99,4,0.729,1,Tubewell,3,150609,6,2,246777
HH3176,Maharashtra,Soybean,Rabi,0.99,2,0.497,0,None,1,10226,4,7,44195
HH3177,Punjab,Rice,Kharif,0.66,2,0.506,1,Tubewell,2,9022,4,31,80971
HH3178,West Bengal,Groundnut,Rabi,2.42,2,0.531,1,Sprinkler,2,45768,3,14,105092
HH3179,Bihar,Wheat,Rabi,0.93,3,0.64,1,Canal,2,26354,4,37,84114
HH3180,Punjab,Vegetables,Rabi,0.66,5,0.792,0,None,2,15902,4,4,67357
HH3181,Uttar Pradesh,Maize,Rabi,0.9,1,0.001,1,Tubewell,1,19421,4,10,37139
HH3182,Madhya Pradesh,Wheat,Rabi,1.3,3,0.687,0,None,3,26607,4,22,101392
HH3183,Madhya Pradesh,Cotton,Kharif,4.22,1,0.0,0,None,3,47632,4,24,229663
HH3184,Madhya Pradesh,Groundnut,Kharif,0.26,2,0.461,1,Tubewell,1,11008,4,44,56891
HH3185,Andhra Pradesh,Maize,Rabi,1.38,4,0.77,1,Tank,1,25655,5,18,69276
HH3186,Andhra Pradesh,Soybean,Rabi,2.3,2,0.454,1,Canal,1,34483,5,11,106455
HH3187,Rajasthan,Rice,Kharif,1.59,5,0.839,1,Tubewell,2,53500,3,44,111962
HH3188,Rajasthan,Vegetables,Kharif,4.11,3,0.662,1,Tubewell,3,76338,5,1,298109
HH3189,Bihar,Wheat,Kharif,1.27,5,0.754,1,Sprinkler,1,38612,6,32,67086
HH3190,Bihar,Maize,Rabi,1.15,4,0.736,1,Canal,2,24502,3,16,78596
HH3191,Madhya Pradesh,Rice,Rabi,2.23,1,0.011,0,None,1,30374,7,14,70834
HH3192,Gujarat,Wheat,Rabi,1.47,2,0.484,1,Tubewell,3,23993,4,33,133059
HH3193,Gujarat,Soybean,Kharif,0.97,2,0.501,0,None,3,19817,2,7,63657
HH3194,Madhya Pradesh,Wheat,Rabi,2.09,1,0.022,0,None,3,24897,4,19,132271
HH3195,Rajasthan,Pulses,Zaid,0.78,2,0.494,1,Canal,1,21179,3,25,51104
HH3196,Andhra Pradesh,Soybean,Rabi,0.8,2,0.472,0,None,2,16121,5,5,51703
HH3197,Gujarat,Pulses,Kharif,0.86,5,0.791,0,None,1,13707,4,10,37922
HH3198,West Bengal,Cotton,Rabi,4.26,2,0.542,0,None,2,70462,6,4,208098
HH3199,Uttar Pradesh,Rice,Kharif,0.1,4,0.801,1,Canal,1,3000,6,24,42881
HH3200,Rajasthan,Maize,Kharif,1.89,5,0.739,1,Canal,3,46375,5,6,135003
HH3201,Andhra Pradesh,Wheat,Kharif,1.39,4,0.783,0,None,2,32086,5,12,74906
HH3202,Andhra Pradesh,Sugarcane,Kharif,0.32,2,0.508,0,None,2,3133,5,20,72580
HH3203,Maharashtra,Soybean,Kharif,1.76,2,0.528,0,None,3,37491,4,26,115730
HH3204,West Bengal,Groundnut,Rabi,2.02,2,0.483,1,Tank,2,45410,3,12,99838
HH3205,Punjab,Rice,Kharif,2.23,2,0.447,1,Canal,2,58456,4,33,131765
HH3206,West Bengal,Groundnut,Rabi,0.14,2,0.518,1,Tank,2,3000,3,12,53143
HH3207,West Bengal,Sugarcane,Kharif,4.31,4,0.722,0,None,3,107081,4,38,317390
HH3208,Bihar,Maize,Zaid,0.72,2,0.458,1,Canal,2,5667,5,4,55028
HH3209,Karnataka,Wheat,Kharif,2.42,3,0.627,1,Tank,2,61829,5,17,129604
HH3210,Tamil Nadu,Cotton,Rabi,2.53,6,0.851,0,None,3,45961,3,10,185796
HH3211,Maharashtra,Groundnut,Kharif,0.64,1,0.004,0,None,2,11616,2,19,34365
HH3212,Punjab,Vegetables,Rabi,2.37,2,0.523,0,None,3,41033,3,43,206715
HH3213,Maharashtra,Cotton,Zaid,0.97,4,0.77,1,Tubewell,1,16502,2,33,99146
HH3214,Haryana,Soybean,Rabi,0.23,1,0.0,1,Canal,2,8877,4,37,51612
HH3215,Maharashtra,Wheat,Kharif,3.64,3,0.665,1,Tubewell,1,69592,4,28,136089
HH3216,Uttar Pradesh,Vegetables,Kharif,0.7,2,0.485,1,Tubewell,2,13875,4,2,88191
HH3217,Maharashtra,Maize,Kharif,0.65,4,0.744,1,Tubewell,1,20607,4,38,61203
HH3218,Uttar Pradesh,Vegetables,Kharif,0.96,2,0.471,1,Tubewell,1,17892,4,38,95210
HH3219,Haryana,Sugarcane,Rabi,1.7,2,0.512,0,None,1,30146,3,21,95859
HH3220,Haryana,Wheat,Kharif,1.29,3,0.699,0,None,2,23365,4,23,85534
HH3221,Andhra Pradesh,Cotton,Kharif,2.15,1,0.0,1,Tubewell,1,28906,4,33,103712
HH3222,Maharashtra,Cotton,Kharif,0.43,2,0.538,1,Drip,3,12733,3,26,115168
HH3223,Uttar Pradesh,Wheat,Kharif,0.72,2,0.503,0,None,1,13413,6,43,53357
HH3224,Uttar Pradesh,Wheat,Zaid,1.22,2,0.507,0,None,2,12075,5,30,83402
HH3225,Maharashtra,Groundnut,Kharif,6.77,3,0.616,0,None,1,79962,4,4,189223
HH3226,West Bengal,Rice,Kharif,1.23,3,0.613,0,None,1,21204,3,6,56075
HH3227,Madhya Pradesh,Pulses,Rabi,3.4,3,0.671,0,None,3,56109,4,34,148636
HH3228,Rajasthan,Rice,Kharif,1.39,3,0.691,1,Drip,3,28877,3,20,122737
HH3229,Uttar Pradesh,Millets,Kharif,0.89,2,0.48,1,Tubewell,3,15059,3,37,86920
HH3230,Maharashtra,Millets,Rabi,1.09,1,0.05,1,Tank,2,21045,5,15,52376
HH3231,Andhra Pradesh,Cotton,Zaid,1.17,4,0.772,1,Tank,1,33225,4,40,90420
HH3232,Tamil Nadu,Millets,Rabi,2.25,4,0.723,1,Canal,1,40513,7,23,68647
HH3233,Madhya Pradesh,Vegetables,Zaid,4.34,2,0.501,0,None,2,72778,8,42,235847
HH3234,Uttar Pradesh,Rice,Rabi,1.83,2,0.574,0,None,3,44750,5,9,94912
HH3235,Rajasthan,Millets,Kharif,3.7,2,0.463,0,None,3,76742,6,34,151795
HH3236,Maharashtra,Rice,Kharif,0.59,3,0.683,1,Canal,2,18648,4,43,87148
HH3237,Maharashtra,Wheat,Rabi,0.95,3,0.657,0,None,2,22366,5,34,80067
HH3238,Gujarat,Maize,Kharif,0.73,1,0.021,1,Tubewell,1,9674,3,27,49617
HH3239,Tamil Nadu,Rice,Kharif,1.76,3,0.705,0,None,3,23561,8,16,112875
HH3240,Andhra Pradesh,Rice,Zaid,0.99,1,0.0,1,Tubewell,2,20461,5,4,50434
HH3241,Karnataka,Millets,Kharif,2.51,2,0.534,0,None,2,43493,4,28,85106
HH3242,Karnataka,Millets,Rabi,0.61,4,0.817,1,Canal,3,19743,6,17,75710
HH3243,Andhra Pradesh,Vegetables,Rabi,1.4,2,0.502,0,None,3,17653,2,41,144051
HH3244,Haryana,Sugarcane,Rabi,2.42,1,0.024,0,None,1,36457,4,12,117921
HH3245,Haryana,Pulses,Kharif,0.23,6,0.815,1,Canal,1,6238,7,5,44762
HH3246,Maharashtra,Rice,Rabi,8.19,4,0.751,1,Drip,3,184730,4,35,374797
HH3247,Andhra Pradesh,Millets,Kharif,1.06,4,0.745,1,Tubewell,2,24258,5,38,79837
HH3248,Karnataka,Cotton,Rabi,0.24,2,0.524,1,Canal,3,7389,4,39,102378
HH3249,West Bengal,Vegetables,Rabi,1.54,1,0.036,1,Tank,1,34104,4,36,93305
HH3250,Punjab,Soybean,Rabi,1.39,5,0.797,1,Drip,3,31836,6,30,129129
HH3251,Andhra Pradesh,Millets,Kharif,1.26,3,0.713,0,None,3,28658,7,14,83398
HH3252,Uttar Pradesh,Vegetables,Rabi,3.13,4,0.796,0,None,3,45459,3,14,236278
HH3253,Tamil Nadu,Pulses,Rabi,2.55,2,0.525,0,None,2,38991,4,2,98021
HH3254,Uttar Pradesh,Soybean,Rabi,1.74,2,0.485,1,Tubewell,2,31031,5,28,95974
HH3255,Rajasthan,Vegetables,Kharif,1.98,6,0.815,1,Drip,1,38925,5,21,110857
HH3256,Maharashtra,Groundnut,Kharif,1.24,3,0.643,1,Canal,3,16234,5,15,128105
HH3257,Haryana,Rice,Rabi,6.11,1,0.028,0,None,1,55018,6,44,177420
HH3258,Maharashtra,Soybean,Zaid,0.38,2,0.464,0,None,1,4056,6,23,25647
HH3259,Rajasthan,Rice,Kharif,1.52,2,0.52,1,Tubewell,1,28462,4,10,61836
HH3260,West Bengal,Vegetables,Zaid,1.43,1,0.0,0,None,3,27709,2,26,118141
HH3261,Maharashtra,Rice,Rabi,2.69,2,0.525,1,Canal,3,35706,4,35,175797
HH3262,Andhra Pradesh,Millets,Rabi,0.66,2,0.501,0,None,3,3000,5,34,78526
HH3263,Karnataka,Cotton,Kharif,0.31,4,0.79,0,None,2,7396,7,2,62553
HH3264,Uttar Pradesh,Rice,Rabi,1.54,2,0.534,1,Canal,3,23596,5,31,135603
HH3265,Bihar,Pulses,Rabi,1.71,6,0.876,0,None,1,17747,5,43,68286
HH3266,Uttar Pradesh,Rice,Rabi,4.79,1,0.044,0,None,3,47021,6,44,249767
HH3267,Karnataka,Sugarcane,Rabi,0.46,3,0.671,1,Tubewell,2,9417,3,44,119256
HH3268,Tamil Nadu,Vegetables,Kharif,3.6,1,0.0,1,Canal,2,84748,3,43,200454
HH3269,Tamil Nadu,Wheat,Rabi,10.1,3,0.635,1,Tubewell,1,188614,4,5,283669
HH3270,Punjab,Maize,Kharif,0.98,6,0.77,1,Drip,1,32414,8,19,58338
HH3271,Madhya Pradesh,Groundnut,Kharif,0.45,4,0.717,0,None,2,9412,6,30,59407
HH3272,Uttar Pradesh,Millets,Kharif,0.96,3,0.669,0,None,1,20503,5,17,37811
HH3273,Haryana,Rice,Kharif,1.37,2,0.483,1,Canal,2,13862,4,29,99246
HH3274,Andhra Pradesh,Rice,Rabi,2.18,4,0.745,0,None,1,46845,5,12,94939
HH3275,West Bengal,Sugarcane,Rabi,0.82,5,0.815,0,None,1,14284,4,8,67166
HH3276,Bihar,Cotton,Kharif,5.06,6,0.824,1,Canal,3,129186,5,15,312386
HH3277,West Bengal,Cotton,Rabi,0.52,2,0.466,0,None,3,3096,4,34,86844
HH3278,Karnataka,Wheat,Kharif,0.31,6,0.831,1,Sprinkler,3,13114,3,28,110012
HH3279,Rajasthan,Maize,Kharif,3.46,1,0.0,0,None,2,58323,4,21,113916
HH3280,Bihar,Pulses,Rabi,0.2,2,0.492,0,None,3,3214,5,17,38583
HH3281,Karnataka,Rice,Kharif,1.13,1,0.04,0,None,3,16409,5,42,85573
HH3282,Maharashtra,Wheat,Rabi,15.0,2,0.492,1,Canal,2,200000,3,18,548827
HH3283,West Bengal,Soybean,Kharif,1.34,4,0.803,0,None,2,35043,6,24,84344
HH3284,West Bengal,Rice,Rabi,0.52,4,0.793,1,Tubewell,1,10372,6,24,69975
HH3285,Karnataka,Soybean,Kharif,1.29,4,0.733,1,Tubewell,1,32842,6,12,59966
HH3286,Uttar Pradesh,Wheat,Kharif,1.29,3,0.634,0,None,3,16683,5,1,101442
HH3287,Rajasthan,Cotton,Kharif,1.55,3,0.665,1,Sprinkler,2,30851,4,36,134526
HH3288,Bihar,Cotton,Rabi,2.37,3,0.702,1,Sprinkler,2,61900,7,32,153154
HH3289,West Bengal,Cotton,Kharif,0.56,2,0.485,1,Drip,1,19502,4,5,67700
HH3290,Maharashtra,Vegetables,Kharif,5.67,4,0.777,0,None,2,117886,4,26,302757
HH3291,Uttar Pradesh,Millets,Kharif,1.66,3,0.703,1,Canal,3,33847,5,3,106034
HH3292,West Bengal,Maize,Kharif,2.5,3,0.644,1,Drip,2,62350,4,33,115594
HH3293,Rajasthan,Maize,Kharif,0.79,3,0.647,0,None,2,7641,7,39,59295
HH3294,Andhra Pradesh,Rice,Kharif,4.03,4,0.771,0,None,2,94009,5,20,155710
HH3295,Gujarat,Groundnut,Zaid,1.08,2,0.505,0,None,2,13462,3,12,74553
HH3296,Uttar Pradesh,Maize,Kharif,1.71,2,0.479,0,None,3,29832,7,38,112517
HH3297,Punjab,Rice,Kharif,0.61,4,0.739,0,None,3,15873,5,20,82480
HH3298,Uttar Pradesh,Wheat,Zaid,0.58,2,0.498,0,None,1,7164,5,17,36534
HH3299,Rajasthan,Wheat,Kharif,2.42,4,0.703,0,None,2,43899,4,43,121333
HH3300,Bihar,Rice,Rabi,0.93,2,0.523,1,Canal,2,16481,6,8,77097
HH3301,Karnataka,Soybean,Kharif,0.65,2,0.486,1,Canal,2,12482,4,43,60016
HH3302,Gujarat,Pulses,Zaid,0.78,4,0.666,1,Tubewell,2,17718,2,13,63327
HH3303,Andhra Pradesh,Groundnut,Zaid,2.45,2,0.499,1,Drip,1,60807,5,9,90730
HH3304,Madhya Pradesh,Sugarcane,Kharif,0.79,3,0.645,0,None,3,18706,7,19,89620
HH3305,Maharashtra,Cotton,Kharif,1.22,2,0.551,0,None,2,9487,4,26,86911
HH3306,Rajasthan,Cotton,Kharif,1.37,2,0.482,1,Canal,3,28524,4,5,136773
HH3307,Rajasthan,Maize,Zaid,0.26,3,0.634,0,None,1,8294,6,42,26533
HH3308,Uttar Pradesh,Cotton,Kharif,0.39,1,0.015,0,None,1,6517,6,25,25593
HH3309,Rajasthan,Wheat,Zaid,1.8,4,0.73,0,None,2,34603,5,5,73522
HH3310,Karnataka,Maize,Rabi,0.72,4,0.727,0,None,2,15255,6,23,62670
HH3311,Haryana,Cotton,Kharif,3.31,1,0.015,0,None,2,57810,4,35,168993
HH3312,Punjab,Rice,Rabi,3.07,3,0.636,0,None,3,54224,4,32,157687
HH3313,Haryana,Rice,Kharif,2.49,3,0.623,0,None,2,23061,4,42,129561
HH3314,Uttar Pradesh,Wheat,Rabi,6.34,1,0.052,1,Canal,2,84186,4,6,244760
HH3315,Maharashtra,Sugarcane,Kharif,1.26,2,0.517,0,None,3,23047,4,14,130621
HH3316,Punjab,Cotton,Kharif,2.34,2,0.492,1,Sprinkler,2,32321,4,41,180121
HH3317,Karnataka,Rice,Kharif,0.82,3,0.667,1,Sprinkler,2,12820,2,29,76027
HH3318,Uttar Pradesh,Wheat,Rabi,10.85,3,0.682,1,Tubewell,3,200000,6,37,518021
HH3319,Bihar,Rice,Rabi,7.29,3,0.696,0,None,2,145115,5,22,262472
HH3320,Bihar,Millets,Rabi,1.36,4,0.727,1,Tubewell,2,36517,5,20,62160
HH3321,Andhra Pradesh,Wheat,Zaid,1.87,4,0.761,0,None,2,23594,4,8,106998
HH3322,Uttar Pradesh,Rice,Rabi,4.29,3,0.652,0,None,2,55862,5,27,168474
HH3323,Bihar,Soybean,Rabi,1.19,4,0.744,1,Sprinkler,1,39450,7,7,60974
HH3324,Tamil Nadu,Wheat,Kharif,0.77,2,0.505,0,None,3,11709,5,34,80113
HH3325,Bihar,Maize,Kharif,2.84,4,0.75,0,None,1,67058,6,41,84270
HH3326,Bihar,Rice,Kharif,1.44,3,0.689,0,None,1,30063,4,28,56040
HH3327,Bihar,Millets,Kharif,1.58,4,0.765,0,None,2,32783,3,31,65475
HH3328,Andhra Pradesh,Millets,Rabi,0.66,3,0.622,0,None,3,10427,3,21,68424
HH3329,Maharashtra,Soybean,Rabi,0.31,2,0.459,1,Drip,3,3000,5,10,74938
HH3330,Punjab,Groundnut,Zaid,1.65,3,0.656,0,None,2,25304,6,36,98505
HH3331,Tamil Nadu,Cotton,Kharif,2.91,2,0.555,0,None,3,56068,6,13,187749
HH3332,Bihar,Millets,Rabi,1.11,3,0.641,1,Tubewell,2,19942,6,26,73044
HH3333,Maharashtra,Cotton,Rabi,4.58,2,0.494,1,Tubewell,2,119174,7,34,234930
HH3334,Maharashtra,Wheat,Kharif,0.74,4,0.734,1,Canal,3,9039,3,19,103002
HH3335,West Bengal,Rice,Kharif,0.55,3,0.65,1,Tubewell,1,9555,6,6,45760
HH3336,Bihar,Wheat,Zaid,1.27,3,0.672,1,Tubewell,3,21731,5,15,132099
HH3337,West Bengal,Maize,Rabi,1.26,2,0.542,1,Tubewell,2,23333,4,18,87692
HH3338,Bihar,Wheat,Rabi,2.6,6,0.847,0,None,3,69532,5,20,160946
HH3339,Tamil Nadu,Soybean,Zaid,0.7,4,0.726,1,Tubewell,1,7227,5,1,32097
HH3340,Punjab,Cotton,Rabi,4.32,4,0.833,1,Canal,3,103492,4,22,304972
HH3341,West Bengal,Pulses,Kharif,7.18,2,0.502,1,Sprinkler,2,103345,4,36,258060
HH3342,Tamil Nadu,Maize,Rabi,1.31,3,0.65,1,Canal,2,37300,5,18,90989
HH3343,Punjab,Soybean,Rabi,3.9,1,0.042,0,None,2,68606,4,10,112255
HH3344,Maharashtra,Maize,Kharif,0.55,3,0.653,0,None,3,13088,3,20,61684
HH3345,Karnataka,Pulses,Rabi,3.37,1,0.05,1,Tubewell,2,82596,6,40,119649
HH3346,Haryana,Rice,Kharif,3.29,3,0.641,0,None,2,66442,5,6,126570
HH3347,Madhya Pradesh,Rice,Rabi,2.81,3,0.71,1,Drip,3,48125,4,37,202526
HH3348,Maharashtra,Groundnut,Kharif,1.33,2,0.506,0,None,2,17269,5,22,77686
HH3349,Madhya Pradesh,Groundnut,Kharif,0.11,2,0.539,1,Tubewell,2,3000,6,4,58505
HH3350,Madhya Pradesh,Cotton,Rabi,0.78,4,0.807,1,Tubewell,3,21127,4,4,131784
HH3351,Maharashtra,Cotton,Rabi,0.79,1,0.0,0,None,1,13415,4,19,44110
HH3352,Karnataka,Wheat,Zaid,0.59,4,0.788,0,None,3,8263,6,29,87910
HH3353,West Bengal,Wheat,Zaid,1.5,1,0.0,0,None,2,16510,4,28,85423
HH3354,Andhra Pradesh,Pulses,Kharif,0.95,1,0.0,1,Tubewell,2,14325,5,41,56463
HH3355,Maharashtra,Wheat,Kharif,0.67,1,0.0,1,Sprinkler,1,13466,5,13,47300
HH3356,Uttar Pradesh,Soybean,Kharif,0.55,4,0.765,0,None,3,10754,5,39,91767
HH3357,Haryana,Vegetables,Kharif,0.73,2,0.501,0,None,3,12423,6,28,105211
HH3358,Rajasthan,Rice,Rabi,3.5,4,0.745,1,Tank,2,98035,8,30,156691
HH3359,Bihar,Rice,Kharif,0.77,3,0.671,1,Tubewell,2,13194,6,22,88467
HH3360,Punjab,Wheat,Kharif,0.87,1,0.018,0,None,1,17906,3,23,31507
HH3361,Bihar,Soybean,Kharif,0.92,3,0.687,0,None,3,9418,4,18,107205
HH3362,Madhya Pradesh,Wheat,Kharif,1.8,1,0.033,1,Sprinkler,2,33315,4,17,86486
HH3363,Haryana,Rice,Rabi,1.99,4,0.805,1,Canal,1,43979,6,31,76116
HH3364,Madhya Pradesh,Wheat,Rabi,0.1,1,0.0,1,Tank,3,4937,5,28,67520
HH3365,Gujarat,Rice,Kharif,3.22,2,0.484,1,Tank,3,47133,7,8,179932
HH3366,Punjab,Wheat,Kharif,4.58,4,0.768,1,Tubewell,1,67569,2,32,169429
HH3367,Madhya Pradesh,Wheat,Rabi,0.55,5,0.766,1,Drip,3,17605,4,43,112916
HH3368,Madhya Pradesh,Rice,Rabi,0.59,2,0.48,1,Tubewell,3,18785,4,6,82586
HH3369,Maharashtra,Groundnut,Kharif,0.92,4,0.78,0,None,3,19143,6,8,70672
HH3370,Haryana,Wheat,Kharif,0.71,1,0.0,0,None,1,6285,5,22,27135
HH3371,Maharashtra,Soybean,Kharif,1.63,4,0.714,0,None,2,28200,2,40,99477
HH3372,Tamil Nadu,Maize,Kharif,0.26,3,0.622,1,Tubewell,3,6619,6,31,77790
HH3373,Madhya Pradesh,Pulses,Rabi,0.52,1,0.001,1,Sprinkler,1,4393,4,6,31952
HH3374,Punjab,Rice,Kharif,4.99,2,0.534,0,None,2,102419,4,4,164609
HH3375,Bihar,Wheat,Rabi,0.61,1,0.034,1,Tubewell,2,6814,4,7,59990
HH3376,Bihar,Vegetables,Zaid,3.88,2,0.503,0,None,2,86454,7,34,203287
HH3377,Bihar,Vegetables,Rabi,1.83,2,0.56,0,None,2,20238,7,27,143740
HH3378,Maharashtra,Wheat,Kharif,0.29,3,0.664,0,None,3,3819,3,2,48784
HH3379,Uttar Pradesh,Rice,Kharif,2.32,6,0.829,1,Tubewell,2,84280,4,14,97513
HH3380,Haryana,Vegetables,Kharif,1.22,1,0.0,1,Tubewell,2,16252,5,41,106197
HH3381,Rajasthan,Rice,Rabi,0.92,3,0.654,1,Sprinkler,2,23442,5,29,92731
HH3382,Karnataka,Pulses,Kharif,1.66,3,0.693,1,Drip,2,33372,4,39,90391
HH3383,Uttar Pradesh,Millets,Kharif,2.02,5,0.847,0,None,1,36090,5,22,51280
HH3384,Madhya Pradesh,Wheat,Kharif,2.46,3,0.642,1,Canal,3,42396,6,5,170545
HH3385,Uttar Pradesh,Vegetables,Kharif,3.67,3,0.681,0,None,2,73037,7,44,227845
HH3386,West Bengal,Cotton,Rabi,1.91,2,0.531,0,None,2,28292,6,18,132709
HH3387,Madhya Pradesh,Vegetables,Rabi,0.42,2,0.5,0,None,3,9768,3,16,77081
HH3388,Andhra Pradesh,Cotton,Zaid,0.9,1,0.0,0,None,1,18148,6,44,26138
HH3389,Uttar Pradesh,Rice,Rabi,15.0,2,0.507,0,None,3,200000,3,6,600000
HH3390,Punjab,Groundnut,Kharif,2.5,1,0.023,0,None,1,32031,5,1,77826
HH3391,Madhya Pradesh,Rice,Kharif,10.11,3,0.639,1,Tubewell,3,200000,5,12,425567
HH3392,West Bengal,Pulses,Kharif,4.42,2,0.492,0,None,1,62856,6,24,112179
HH3393,West Bengal,Cotton,Kharif,1.66,3,0.632,1,Tank,3,31802,2,11,163822
HH3394,Madhya Pradesh,Rice,Rabi,1.74,1,0.0,0,None,2,28579,6,43,91045
HH3395,West Bengal,Wheat,Zaid,1.31,5,0.831,0,None,2,24918,5,41,85018
HH3396,Gujarat,Vegetables,Rabi,0.31,4,0.75,0,None,2,5258,2,34,81438
HH3397,Bihar,Wheat,Rabi,1.37,1,0.048,0,None,1,15277,3,29,59337
HH3398,West Bengal,Vegetables,Rabi,3.78,2,0.526,0,None,3,68943,2,32,261893
HH3399,Madhya Pradesh,Rice,Kharif,0.81,3,0.656,1,Tubewell,1,12029,6,21,67410
HH3400,Tamil Nadu,Sugarcane,Zaid,1.92,1,0.0,1,Tank,2,30077,4,40,157750
HH3401,Uttar Pradesh,Pulses,Rabi,2.78,2,0.517,0,None,1,41824,2,33,97037
HH3402,Uttar Pradesh,Rice,Kharif,0.62,2,0.529,0,None,3,8178,3,33,88854
HH3403,Gujarat,Wheat,Kharif,0.92,5,0.81,1,Sprinkler,2,25440,5,28,82007
HH3404,Madhya Pradesh,Pulses,Kharif,0.57,4,0.783,0,None,1,8448,5,44,49328
HH3405,Bihar,Maize,Rabi,0.67,3,0.658,0,None,2,13584,4,36,59012
HH3406,Bihar,Groundnut,Kharif,0.45,3,0.637,1,Drip,3,9703,7,1,81543
HH3407,West Bengal,Vegetables,Rabi,0.63,5,0.798,1,Tubewell,2,12255,6,12,100674
HH3408,Gujarat,Maize,Rabi,4.51,5,0.806,1,Tubewell,2,96997,4,33,182181
HH3409,Madhya Pradesh,Vegetables,Rabi,0.62,5,0.764,1,Tubewell,2,7479,5,44,118350
HH3410,Uttar Pradesh,Soybean,Kharif,1.5,1,0.0,0,None,1,10380,5,5,40129
HH3411,Karnataka,Soybean,Kharif,0.88,1,0.013,0,None,1,16069,6,2,26280
HH3412,Uttar Pradesh,Rice,Rabi,3.68,3,0.655,0,None,2,77706,5,36,154830
HH3413,Uttar Pradesh,Pulses,Kharif,4.11,3,0.662,1,Tubewell,3,69727,5,24,202515
HH3414,Rajasthan,Vegetables,Kharif,2.81,1,0.0,1,Sprinkler,3,62467,4,43,220923
HH3415,Bihar,Wheat,Zaid,1.75,1,0.046,0,None,3,33002,6,21,102244
HH3416,Tamil Nadu,Maize,Rabi,1.11,4,0.788,0,None,1,11677,5,30,60771
HH3417,Madhya Pradesh,Cotton,Rabi,0.49,4,0.713,0,None,3,10222,6,15,78206
HH3418,Punjab,Soybean,Rabi,7.04,2,0.484,0,None,2,132372,3,9,216412
HH3419,Maharashtra,Millets,Kharif,0.71,4,0.776,0,None,2,4475,7,32,48682
HH3420,Uttar Pradesh,Rice,Zaid,2.37,3,0.685,1,Drip,2,62575,6,8,115964
HH3421,Bihar,Millets,Zaid,3.32,4,0.749,1,Tubewell,1,107444,6,23,75484
HH3422,Tamil Nadu,Rice,Rabi,0.84,2,0.466,0,None,1,6919,3,27,57682
HH3423,Bihar,Sugarcane,Rabi,3.26,1,0.0,0,None,2,56486,4,42,186402
HH3424,Uttar Pradesh,Sugarcane,Rabi,2.58,2,0.484,0,None,1,39018,8,8,121929
HH3425,West Bengal,Wheat,Rabi,5.86,2,0.508,0,None,2,67799,7,29,238006
HH3426,Tamil Nadu,Maize,Kharif,0.91,3,0.718,0,None,2,17694,4,11,64698
HH3427,Tamil Nadu,Vegetables,Rabi,0.45,1,0.0,1,Drip,3,6619,5,21,80900
HH3428,Tamil Nadu,Wheat,Kharif,0.88,6,0.802,0,None,3,15995,3,44,104129
HH3429,West Bengal,Rice,Kharif,1.61,2,0.497,1,Tubewell,3,21848,4,39,137180
HH3430,Tamil Nadu,Soybean,Kharif,1.42,1,0.031,1,Tubewell,3,28184,4,30,112983
HH3431,Tamil Nadu,Groundnut,Kharif,0.97,3,0.624,1,Tubewell,3,20178,3,33,102887
HH3432,Gujarat,Millets,Rabi,0.27,3,0.711,0,None,3,3000,5,3,46985
HH3433,Bihar,Rice,Kharif,2.01,2,0.495,1,Tank,3,29404,4,13,151447
HH3434,Karnataka,Pulses,Rabi,7.22,4,0.728,1,Tubewell,2,152866,8,36,236282
HH3435,Haryana,Sugarcane,Kharif,2.0,3,0.619,0,None,3,24156,5,23,180922
HH3436,Rajasthan,Wheat,Kharif,2.27,3,0.688,0,None,1,42660,4,26,86803
HH3437,Maharashtra,Millets,Rabi,2.2,3,0.662,1,Tubewell,2,40557,7,10,93121
HH3438,Tamil Nadu,Wheat,Kharif,1.89,1,0.005,0,None,3,29096,5,38,119522
HH3439,Gujarat,Groundnut,Rabi,2.98,3,0.64,0,None,2,40240,3,36,145289
HH3440,Gujarat,Vegetables,Rabi,1.89,4,0.74,0,None,1,35305,5,23,102519
HH3441,Rajasthan,Cotton,Kharif,1.03,1,0.0,0,None,2,9571,5,8,60595
HH3442,Andhra Pradesh,Soybean,Kharif,0.69,2,0.497,0,None,3,9464,6,14,71742
HH3443,Maharashtra,Maize,Kharif,1.09,5,0.78,0,None,3,19949,5,24,103516
HH3444,Gujarat,Wheat,Rabi,1.76,2,0.454,1,Tubewell,2,35515,4,18,100159
HH3445,Gujarat,Groundnut,Rabi,1.03,2,0.582,0,None,1,20129,5,40,69373
HH3446,Punjab,Pulses,Rabi,1.76,6,0.792,1,Canal,3,60671,5,37,118972
HH3447,Bihar,Sugarcane,Kharif,1.96,1,0.005,1,Tubewell,3,38245,5,25,182681
HH3448,Haryana,Millets,Kharif,2.74,1,0.0,0,None,2,48367,3,20,84075
HH3449,Tamil Nadu,Cotton,Kharif,4.02,4,0.69,1,Canal,3,113534,7,25,271725
HH3450,Uttar Pradesh,Sugarcane,Kharif,1.44,4,0.753,1,Sprinkler,2,37324,5,17,123331
HH3451,Karnataka,Soybean,Kharif,0.44,2,0.505,1,Canal,2,3000,5,4,47059
HH3452,Punjab,Wheat,Kharif,1.01,3,0.705,1,Tubewell,3,22092,5,21,113115
HH3453,Punjab,Pulses,Rabi,1.4,4,0.762,1,Canal,3,34458,4,20,105815
HH3454,Rajasthan,Vegetables,Zaid,0.28,3,0.663,0,None,2,6711,5,41,75857
HH3455,Gujarat,Pulses,Kharif,4.39,2,0.472,1,Tank,1,100275,6,17,122070
HH3456,Maharashtra,Maize,Rabi,1.52,1,0.045,0,None,1,26991,5,35,33414
HH3457,Andhra Pradesh,Pulses,Rabi,1.87,2,0.528,1,Tubewell,3,45707,5,41,118940
HH3458,Haryana,Soybean,Rabi,4.31,4,0.713,0,None,3,94002,5,23,190032
HH3459,Haryana,Sugarcane,Kharif,0.79,4,0.751,1,Sprinkler,2,11267,6,21,107022
HH3460,Punjab,Pulses,Zaid,2.2,5,0.804,1,Drip,2,41414,6,43,116357
HH3461,Madhya Pradesh,Cotton,Zaid,1.23,4,0.74,1,Drip,2,29257,6,21,109166
HH3462,Maharashtra,Sugarcane,Zaid,1.15,3,0.69,1,Sprinkler,3,23383,4,24,169134
HH3463,Punjab,Rice,Rabi,0.7,2,0.525,1,Canal,2,16670,5,37,99893
HH3464,Tamil Nadu,Millets,Kharif,5.56,4,0.744,1,Drip,2,88329,6,18,176807
HH3465,Maharashtra,Wheat,Kharif,0.98,3,0.659,0,None,3,10670,5,44,116214
HH3466,Haryana,Wheat,Zaid,2.45,3,0.712,1,Canal,1,60565,6,19,118252
HH3467,Karnataka,Rice,Kharif,0.27,1,0.028,1,Sprinkler,2,5755,6,5,34871
HH3468,Punjab,Sugarcane,Kharif,3.68,5,0.802,1,Tank,2,78671,4,44,268137
HH3469,West Bengal,Wheat,Kharif,3.3,2,0.451,1,Tank,2,61844,4,27,150754
HH3470,Maharashtra,Groundnut,Rabi,1.47,2,0.51,0,None,3,9068,5,6,109452
HH3471,Uttar Pradesh,Wheat,Rabi,1.11,3,0.688,0,None,2,11693,4,14,68074
HH3472,Bihar,Groundnut,Zaid,1.9,3,0.584,1,Canal,1,31861,7,3,63389
HH3473,Tamil Nadu,Wheat,Rabi,9.44,2,0.508,1,Tubewell,2,199195,4,1,337613
HH3474,Haryana,Wheat,Rabi,0.3,4,0.737,0,None,1,9229,4,31,42578
HH3475,West Bengal,Vegetables,Rabi,2.62,2,0.493,1,Tubewell,1,38228,8,10,134787
HH3476,Bihar,Cotton,Kharif,0.62,1,0.0,0,None,2,5748,4,31,42097
HH3477,Gujarat,Rice,Kharif,1.33,2,0.496,1,Canal,3,32935,5,17,122069
HH3478,Andhra Pradesh,Millets,Rabi,1.09,3,0.709,1,Canal,3,29557,4,39,107475
HH3479,Karnataka,Rice,Rabi,0.94,5,0.787,0,None,3,20646,6,40,82710
HH3480,Rajasthan,Rice,Kharif,1.34,4,0.779,1,Tubewell,3,27438,4,16,124352
HH3481,Maharashtra,Cotton,Kharif,0.51,5,0.776,1,Tank,3,7799,3,27,127956
HH3482,Tamil Nadu,Rice,Rabi,3.24,1,0.023,0,None,3,32916,7,16,148535
HH3483,Madhya Pradesh,Rice,Kharif,0.29,1,0.0,0,None,2,3000,4,41,45440
HH3484,Gujarat,Vegetables,Kharif,2.14,3,0.678,0,None,2,44849,6,4,147111
HH3485,Tamil Nadu,Rice,Rabi,1.02,2,0.5,1,Tubewell,1,20228,4,42,76511
HH3486,Tamil Nadu,Rice,Kharif,0.5,4,0.769,0,None,2,14768,4,27,68749
HH3487,Rajasthan,Pulses,Rabi,1.6,3,0.59,0,None,3,24761,6,9,99392
HH3488,Uttar Pradesh,Sugarcane,Rabi,0.36,6,0.79,0,None,2,14886,3,25,61125
HH3489,Uttar Pradesh,Rice,Rabi,1.4,2,0.513,1,Tubewell,1,20627,4,24,79976
HH3490,Karnataka,Maize,Rabi,0.4,2,0.439,1,Tubewell,2,7859,6,28,50737
HH3491,Uttar Pradesh,Rice,Rabi,2.0,3,0.651,1,Drip,2,52318,5,18,102622
HH3492,Tamil Nadu,Cotton,Kharif,0.62,2,0.498,0,None,3,7347,5,44,99275
HH3493,West Bengal,Maize,Zaid,0.92,3,0.642,1,Tank,1,14741,3,26,58232
HH3494,West Bengal,Millets,Kharif,1.73,2,0.479,1,Tubewell,3,34512,6,10,95543
HH3495,Punjab,Wheat,Kharif,0.7,2,0.508,0,None,2,11181,4,44,64809
HH3496,Maharashtra,Groundnut,Kharif,1.28,2,0.53,0,None,3,24677,6,34,98348
HH3497,West Bengal,Rice,Zaid,0.37,1,0.0,1,Canal,2,3000,5,38,68078
HH3498,West Bengal,Cotton,Kharif,2.31,3,0.65,1,Tubewell,3,60717,6,11,188970
HH3499,Maharashtra,Wheat,Kharif,6.05,2,0.478,1,Tank,1,102986,4,14,194337
HH3500,Haryana,Sugarcane,Kharif,14.49,1,0.0,0,None,1,200000,4,38,545154
HH3501,Madhya Pradesh,Cotton,Kharif,1.46,2,0.504,1,Tubewell,2,17763,6,1,120365
HH3502,Bihar,Millets,Rabi,2.64,2,0.528,1,Tubewell,2,69523,7,17,80338
HH3503,Gujarat,Pulses,Kharif,0.3,2,0.53,1,Canal,2,5494,4,17,43196
HH3504,Uttar Pradesh,Maize,Rabi,4.84,1,0.0,1,Canal,1,64966,6,10,143141
HH3505,West Bengal,Rice,Rabi,2.61,3,0.629,1,Sprinkler,2,43381,3,30,132329
HH3506,Tamil Nadu,Maize,Rabi,0.89,3,0.668,1,Tubewell,2,14905,5,42,87554
HH3507,Gujarat,Vegetables,Rabi,3.86,3,0.692,0,None,2,70653,7,33,198882
HH3508,Karnataka,Rice,Kharif,1.09,4,0.755,1,Tubewell,1,25627,7,2,56289
HH3509,West Bengal,Cotton,Kharif,0.91,2,0.509,0,None,3,13047,4,20,90212
HH3510,Uttar Pradesh,Rice,Rabi,2.02,3,0.701,1,Tubewell,2,48633,4,32,110589
HH3511,Rajasthan,Wheat,Rabi,0.55,4,0.728,0,None,2,12122,3,3,49650
HH3512,Uttar Pradesh,Rice,Rabi,3.22,2,0.493,1,Tank,2,40016,5,36,160608
HH3513,Gujarat,Millets,Rabi,0.55,3,0.716,0,None,2,6163,3,5,38852
HH3514,Bihar,Rice,Kharif,0.55,2,0.494,1,Canal,2,15781,4,20,71895
HH3515,West Bengal,Rice,Kharif,0.62,2,0.462,0,None,2,8170,2,3,39890
HH3516,Gujarat,Millets,Kharif,2.57,4,0.73,0,None,3,28444,4,3,117881
HH3517,Uttar Pradesh,Sugarcane,Kharif,0.8,1,0.0,1,Sprinkler,3,14695,7,36,115753
HH3518,Rajasthan,Groundnut,Kharif,0.43,2,0.511,1,Tubewell,1,8031,5,6,52324
HH3519,Uttar Pradesh,Wheat,Kharif,0.81,2,0.473,0,None,1,18230,3,39,41028
HH3520,Maharashtra,Maize,Kharif,1.31,2,0.508,0,None,1,24170,5,36,42961
HH3521,Maharashtra,Rice,Rabi,0.49,2,0.478,0,None,2,3842,7,24,39882
HH3522,Karnataka,Cotton,Kharif,0.51,3,0.603,1,Sprinkler,1,15937,5,38,71017
HH3523,Madhya Pradesh,Maize,Kharif,8.12,4,0.759,1,Tank,3,168713,5,37,352922
HH3524,Uttar Pradesh,Sugarcane,Zaid,0.65,4,0.754,1,Tubewell,2,18698,7,8,96293
HH3525,Maharashtra,Cotton,Rabi,1.03,2,0.516,0,None,2,12466,4,38,99445
HH3526,Maharashtra,Vegetables,Rabi,0.99,6,0.813,0,None,2,21895,5,16,83298
HH3527,Gujarat,Sugarcane,Rabi,0.94,3,0.644,1,Canal,3,24436,5,43,166792
HH3528,Bihar,Soybean,Rabi,2.29,2,0.512,0,None,1,40653,8,1,65142
HH3529,Gujarat,Wheat,Kharif,3.02,4,0.796,1,Canal,3,85489,5,14,185810
HH3530,Karnataka,Vegetables,Kharif,1.04,3,0.667,0,None,2,14800,7,10,88894
HH3531,Madhya Pradesh,Cotton,Rabi,0.47,3,0.68,1,Drip,2,13442,5,10,73713
HH3532,Bihar,Sugarcane,Rabi,3.99,1,0.0,1,Canal,2,94226,5,22,200361
HH3533,Madhya Pradesh,Cotton,Kharif,1.24,2,0.454,0,None,1,20337,4,40,79112
HH3534,Madhya Pradesh,Pulses,Kharif,5.88,4,0.779,1,Canal,2,94785,7,41,218208
HH3535,Maharashtra,Pulses,Kharif,0.2,3,0.694,1,Canal,3,3000,5,31,79292
HH3536,Uttar Pradesh,Wheat,Rabi,1.59,3,0.688,0,None,1,31872,2,4,58672
HH3537,Madhya Pradesh,Groundnut,Kharif,6.9,3,0.662,0,None,2,157113,2,43,224815
HH3538,Rajasthan,Rice,Rabi,1.0,4,0.768,1,Tubewell,1,31014,5,23,63798
HH3539,Punjab,Rice,Zaid,1.11,2,0.527,0,None,2,25356,3,41,72443
HH3540,Uttar Pradesh,Vegetables,Rabi,1.74,3,0.716,1,Canal,3,37812,6,12,180188
HH3541,Maharashtra,Rice,Zaid,0.84,1,0.03,0,None,2,14456,4,8,53465
HH3542,Bihar,Rice,Kharif,1.04,3,0.669,0,None,2,24441,5,24,67560
HH3543,Maharashtra,Maize,Rabi,1.01,3,0.628,0,None,1,19102,4,1,37651
HH3544,Rajasthan,Vegetables,Rabi,0.79,1,0.005,0,None,3,12801,4,26,82997
HH3545,West Bengal,Wheat,Kharif,3.84,3,0.675,1,Sprinkler,2,111871,5,22,153569
HH3546,Maharashtra,Rice,Kharif,2.0,2,0.521,0,None,1,27096,5,43,80876
HH3547,Uttar Pradesh,Rice,Kharif,1.67,1,0.041,1,Sprinkler,2,16441,3,25,97936
HH3548,Karnataka,Rice,Rabi,2.68,2,0.497,1,Tubewell,1,73759,4,31,87136
HH3549,Madhya Pradesh,Rice,Rabi,1.08,1,0.063,1,Tubewell,3,8683,4,34,110805
HH3550,Tamil Nadu,Millets,Rabi,0.7,2,0.447,0,None,1,10486,6,37,39729
HH3551,Bihar,Rice,Rabi,0.81,2,0.513,1,Tubewell,2,21004,5,11,67935
HH3552,Uttar Pradesh,Maize,Kharif,1.35,3,0.643,0,None,2,23382,5,4,72203
HH3553,Tamil Nadu,Pulses,Rabi,0.55,4,0.693,1,Drip,2,14685,7,8,55433
HH3554,Andhra Pradesh,Soybean,Rabi,0.88,3,0.661,0,None,2,14234,6,44,75614
HH3555,Maharashtra,Rice,Kharif,0.87,1,0.0,0,None,3,15014,7,35,64990
HH3556,Tamil Nadu,Maize,Zaid,8.21,5,0.795,1,Tubewell,2,142091,5,25,301031
HH3557,Madhya Pradesh,Pulses,Rabi,0.13,3,0.668,0,None,1,3586,3,31,23998
HH3558,Karnataka,Wheat,Rabi,1.16,1,0.034,1,Tubewell,1,26993,5,23,54377
HH3559,Uttar Pradesh,Wheat,Rabi,5.85,4,0.705,0,None,3,104116,4,40,285881
HH3560,Karnataka,Wheat,Zaid,1.5,2,0.527,1,Tubewell,2,31756,4,38,111453
HH3561,Madhya Pradesh,Sugarcane,Kharif,2.56,3,0.67,1,Drip,2,75653,5,4,157767
HH3562,Bihar,Wheat,Rabi,1.47,2,0.531,0,None,3,25594,3,36,113068
HH3563,Uttar Pradesh,Groundnut,Kharif,0.77,2,0.487,1,Tubewell,1,21248,2,7,36342
HH3564,Karnataka,Soybean,Kharif,0.2,4,0.71,1,Tubewell,2,5497,4,10,58847
HH3565,Karnataka,Cotton,Kharif,1.61,2,0.463,1,Canal,2,37087,6,6,117711
HH3566,Haryana,Groundnut,Kharif,0.7,1,0.0,1,Tubewell,2,13008,2,31,63940
HH3567,Tamil Nadu,Rice,Rabi,0.68,5,0.814,1,Tubewell,1,21634,3,4,46302
HH3568,Punjab,Groundnut,Kharif,0.88,5,0.844,0,None,3,7853,6,21,97289
HH3569,Bihar,Maize,Rabi,5.95,3,0.65,1,Tubewell,2,121627,4,42,213110
HH3570,West Bengal,Soybean,Zaid,10.42,2,0.519,0,None,1,132508,7,20,261400
HH3571,Madhya Pradesh,Rice,Rabi,1.62,1,0.0,0,None,1,19786,4,17,56588
HH3572,Andhra Pradesh,Maize,Kharif,0.91,4,0.755,1,Tubewell,1,30385,6,6,54625
HH3573,West Bengal,Sugarcane,Kharif,0.5,1,0.02,0,None,3,11340,4,11,64929
HH3574,Gujarat,Sugarcane,Kharif,2.01,1,0.0,0,None,2,37393,3,18,130372
HH3575,West Bengal,Wheat,Kharif,6.14,3,0.661,0,None,3,97729,7,9,292307
HH3576,Rajasthan,Rice,Kharif,1.09,1,0.021,0,None,3,17216,7,12,63592
HH3577,Maharashtra,Cotton,Rabi,0.18,1,0.0,0,None,3,3000,6,31,50235
HH3578,Karnataka,Cotton,Kharif,2.39,2,0.54,1,Sprinkler,2,37985,6,31,146826
HH3579,Bihar,Cotton,Kharif,3.12,1,0.011,0,None,2,40627,2,43,164520
HH3580,Andhra Pradesh,Maize,Kharif,0.35,1,0.022,1,Canal,2,8420,6,34,62337
HH3581,Karnataka,Wheat,Rabi,1.57,1,0.0,0,None,2,17004,5,16,68906
HH3582,West Bengal,Wheat,Rabi,1.98,2,0.448,1,Tubewell,2,36409,5,41,133311
HH3583,Rajasthan,Sugarcane,Zaid,1.27,3,0.683,1,Tubewell,1,20712,5,12,90165
HH3584,West Bengal,Maize,Rabi,0.69,4,0.748,0,None,3,6867,4,13,66694
HH3585,Rajasthan,Maize,Rabi,3.2,2,0.501,1,Tubewell,1,74611,5,36,96684
HH3586,Madhya Pradesh,Pulses,Rabi,0.96,3,0.7,1,Tubewell,1,15305,4,13,43938
HH3587,Karnataka,Groundnut,Rabi,0.38,1,0.023,1,Sprinkler,2,6413,5,44,71547
HH3588,Bihar,Rice,Rabi,0.24,1,0.058,0,None,1,4119,3,2,15948
HH3589,Uttar Pradesh,Maize,Rabi,3.94,2,0.505,1,Tubewell,1,75367,5,15,122032
HH3590,Maharashtra,Cotton,Kharif,2.28,3,0.646,1,Sprinkler,1,47073,4,13,107720
HH3591,Gujarat,Cotton,Zaid,1.45,3,0.661,0,None,1,15393,4,34,91759
HH3592,Maharashtra,Millets,Kharif,0.93,3,0.679,0,None,2,14902,2,26,51511
HH3593,Tamil Nadu,Sugarcane,Kharif,0.86,2,0.53,0,None,2,15115,3,6,71098
HH3594,Tamil Nadu,Groundnut,Kharif,0.54,1,0.0,0,None,2,4641,4,21,45887
HH3595,Karnataka,Millets,Rabi,0.94,4,0.75,1,Tank,2,17450,4,44,71830
HH3596,Punjab,Rice,Kharif,0.22,2,0.548,0,None,2,3000,4,33,37643
HH3597,Maharashtra,Rice,Kharif,0.72,3,0.66,0,None,2,9985,3,15,47653
HH3598,Andhra Pradesh,Wheat,Rabi,1.04,3,0.695,1,Tubewell,1,31438,7,35,68133
HH3599,Rajasthan,Rice,Rabi,2.27,3,0.682,0,None,1,52179,3,28,92660
HH3600,Punjab,Rice,Rabi,1.3,5,0.829,0,None,3,33761,6,42,107927
HH3601,Maharashtra,Millets,Kharif,2.65,5,0.776,1,Drip,2,46804,5,6,96319
HH3602,Tamil Nadu,Millets,Rabi,4.25,3,0.643,0,None,1,49244,5,37,108527
HH3603,Maharashtra,Soybean,Rabi,3.32,3,0.668,0,None,3,50152,3,40,172897
HH3604,Madhya Pradesh,Groundnut,Rabi,2.01,2,0.454,0,None,2,23530,4,6,89770
HH3605,Maharashtra,Rice,Rabi,1.36,5,0.792,1,Tubewell,1,33188,6,11,71252
HH3606,Maharashtra,Maize,Kharif,0.59,2,0.508,1,Tubewell,3,7753,5,14,66481
HH3607,Bihar,Rice,Rabi,2.53,1,0.054,1,Tank,2,32949,5,21,109647
HH3608,Madhya Pradesh,Cotton,Kharif,5.63,2,0.512,0,None,3,56617,5,20,330203
HH3609,Gujarat,Cotton,Kharif,1.81,1,0.019,1,Tubewell,1,40794,5,5,86526
HH3610,Gujarat,Maize,Kharif,6.89,3,0.702,1,Canal,1,200000,6,9,145829
HH3611,Tamil Nadu,Rice,Rabi,0.37,3,0.638,0,None,2,3511,6,30,54277
HH3612,Maharashtra,Rice,Kharif,0.51,2,0.495,1,Tubewell,1,3124,4,42,62768
HH3613,Rajasthan,Maize,Rabi,2.79,1,0.073,1,Tubewell,1,29630,6,43,98643
HH3614,Bihar,Soybean,Kharif,1.69,5,0.798,0,None,3,42819,5,38,94611
HH3615,Rajasthan,Wheat,Zaid,4.12,4,0.783,0,None,1,101787,5,27,130639
HH3616,Uttar Pradesh,Rice,Rabi,1.33,4,0.779,0,None,3,22409,6,5,106128
HH3617,Andhra Pradesh,Pulses,Rabi,0.65,2,0.456,0,None,2,7841,5,5,40540
HH3618,West Bengal,Rice,Rabi,1.13,4,0.759,1,Canal,3,20331,6,40,121880
HH3619,Bihar,Groundnut,Kharif,0.37,2,0.504,1,Tank,2,3000,5,15,75689
HH3620,Maharashtra,Rice,Zaid,0.52,2,0.51,0,None,2,6580,5,9,38424
HH3621,Punjab,Soybean,Rabi,3.09,1,0.0,1,Tubewell,2,58905,6,25,128947
HH3622,Maharashtra,Soybean,Rabi,2.83,2,0.466,1,Sprinkler,2,81628,3,8,97288
HH3623,Maharashtra,Vegetables,Rabi,1.84,1,0.0,0,None,2,18376,5,14,108319
HH3624,West Bengal,Cotton,Rabi,0.31,6,0.83,1,Canal,1,6667,2,39,61774
HH3625,Madhya Pradesh,Rice,Kharif,1.0,1,0.036,1,Tubewell,1,13583,3,32,59329
HH3626,Madhya Pradesh,Vegetables,Kharif,0.48,2,0.555,0,None,1,4237,5,31,53524
HH3627,Uttar Pradesh,Sugarcane,Rabi,3.67,2,0.542,0,None,2,65231,4,23,204718
HH3628,West Bengal,Vegetables,Kharif,0.82,2,0.526,0,None,3,20380,4,44,113771
HH3629,Bihar,Vegetables,Rabi,0.54,3,0.637,0,None,1,14240,7,1,49150
HH3630,Tamil Nadu,Sugarcane,Kharif,1.38,1,0.0,0,None,2,23405,4,31,92471
HH3631,Bihar,Millets,Kharif,0.78,4,0.756,0,None,3,17484,5,7,63751
HH3632,Maharashtra,Sugarcane,Rabi,4.76,2,0.481,1,Canal,2,80847,5,15,298745
HH3633,Karnataka,Soybean,Rabi,0.72,3,0.684,1,Canal,3,13815,3,42,94987
HH3634,Rajasthan,Soybean,Kharif,0.41,3,0.689,0,None,3,13811,5,6,47081
HH3635,Uttar Pradesh,Sugarcane,Kharif,0.22,4,0.766,0,None,1,3000,5,16,31073
HH3636,Karnataka,Maize,Kharif,1.31,4,0.781,1,Tubewell,3,26363,4,14,100644
HH3637,Gujarat,Vegetables,Zaid,0.84,3,0.64,1,Tank,1,27531,3,44,102959
HH3638,Uttar Pradesh,Maize,Kharif,0.4,2,0.528,0,None,3,7812,4,17,52322
HH3639,Madhya Pradesh,Sugarcane,Kharif,3.71,3,0.646,0,None,2,51469,7,10,190341
HH3640,Maharashtra,Soybean,Zaid,2.38,4,0.722,1,Tubewell,2,71421,4,29,110120
HH3641,Maharashtra,Rice,Rabi,1.32,4,0.766,0,None,3,32150,4,42,105597
HH3642,West Bengal,Rice,Rabi,4.3,1,0.036,0,None,3,44916,4,8,187334
HH3643,Karnataka,Rice,Kharif,2.37,2,0.515,0,None,2,41544,7,11,95589
HH3644,Karnataka,Cotton,Kharif,0.67,4,0.751,0,None,2,11882,5,18,73760
HH3645,Bihar,Pulses,Kharif,0.56,2,0.509,0,None,1,3551,7,20,30606
HH3646,Maharashtra,Soybean,Rabi,2.71,2,0.504,0,None,3,45547,7,16,143217
HH3647,Karnataka,Millets,Kharif,1.89,2,0.466,1,Tubewell,1,54652,7,27,58177
HH3648,Karnataka,Rice,Kharif,1.56,3,0.63,1,Tubewell,3,14849,5,23,135980
HH3649,Tamil Nadu,Groundnut,Kharif,0.66,6,0.831,1,Canal,2,21305,5,14,71288
HH3650,Gujarat,Wheat,Rabi,2.26,2,0.502,0,None,2,36216,6,12,92737
HH3651,Bihar,Rice,Rabi,0.71,2,0.5,0,None,2,8775,4,27,47996
HH3652,Rajasthan,Vegetables,Rabi,1.24,1,0.02,1,Tubewell,3,27553,2,13,127872
HH3653,Bihar,Rice,Kharif,4.62,1,0.0,1,Canal,3,113813,4,16,201794
HH3654,Maharashtra,Wheat,Rabi,0.77,3,0.684,0,None,2,13591,6,33,73321
HH3655,Uttar Pradesh,Cotton,Rabi,0.35,3,0.663,0,None,3,3023,3,24,79452
HH3656,Maharashtra,Vegetables,Kharif,0.55,2,0.555,0,None,3,9834,6,12,78797
HH3657,Rajasthan,Soybean,Zaid,3.14,3,0.669,0,None,3,46393,6,9,157784
HH3658,Andhra Pradesh,Wheat,Kharif,1.68,3,0.737,0,None,3,22561,3,13,119794
HH3659,Tamil Nadu,Rice,Rabi,1.21,2,0.511,1,Tank,2,28820,3,8,65856
HH3660,Gujarat,Rice,Rabi,0.88,2,0.494,0,None,1,13155,4,18,27832
HH3661,Andhra Pradesh,Rice,Kharif,2.04,6,0.806,1,Drip,2,42561,4,27,124413
HH3662,Andhra Pradesh,Vegetables,Kharif,0.66,2,0.457,1,Tubewell,3,19223,5,41,127364
HH3663,Uttar Pradesh,Pulses,Zaid,1.75,4,0.72,0,None,3,34816,5,33,109781
HH3664,Uttar Pradesh,Millets,Kharif,0.73,2,0.474,1,Tubewell,2,13327,6,7,56544
HH3665,Andhra Pradesh,Vegetables,Rabi,0.63,4,0.762,1,Canal,3,12636,3,13,137796
HH3666,Karnataka,Pulses,Rabi,0.79,4,0.734,0,None,3,16564,5,15,82950
HH3667,West Bengal,Vegetables,Kharif,0.98,3,0.673,0,None,2,13126,5,34,90212
HH3668,Maharashtra,Millets,Kharif,1.29,4,0.788,1,Drip,1,21673,6,40,65075
HH3669,Uttar Pradesh,Vegetables,Kharif,1.65,5,0.797,1,Sprinkler,3,33889,4,20,184830
HH3670,Karnataka,Sugarcane,Kharif,0.1,3,0.729,1,Sprinkler,1,3000,5,37,81727
HH3671,Maharashtra,Wheat,Rabi,0.68,2,0.465,1,Tubewell,1,14722,2,41,50087
HH3672,Uttar Pradesh,Maize,Rabi,0.97,2,0.495,0,None,2,15031,3,17,68597
HH3673,Haryana,Maize,Kharif,4.85,4,0.734,1,Canal,3,103387,4,29,242386
HH3674,Uttar Pradesh,Maize,Kharif,0.54,3,0.695,0,None,2,3000,5,21,49080
HH3675,Tamil Nadu,Groundnut,Kharif,1.55,1,0.0,1,Tubewell,3,35406,3,14,109806
HH3676,Madhya Pradesh,Soybean,Kharif,4.81,1,0.0,1,Tank,1,103059,6,29,122196
HH3677,Maharashtra,Rice,Rabi,0.44,3,0.664,1,Tank,2,12596,7,41,62253
HH3678,Rajasthan,Wheat,Kharif,1.89,2,0.547,1,Tubewell,2,36958,5,22,114472
HH3679,Bihar,Pulses,Rabi,0.68,2,0.507,1,Drip,3,17425,3,33,85165
HH3680,Rajasthan,Maize,Kharif,0.88,3,0.626,1,Tank,2,25138,6,13,65710
HH3681,Bihar,Wheat,Rabi,0.68,3,0.631,1,Canal,1,15407,4,42,59108
HH3682,Uttar Pradesh,Vegetables,Kharif,0.72,1,0.05,0,None,2,13388,6,31,67958
HH3683,Bihar,Wheat,Rabi,13.65,1,0.0,1,Sprinkler,3,161309,5,12,600000
HH3684,Maharashtra,Cotton,Rabi,2.77,2,0.472,0,None,2,52178,3,32,146339
HH3685,Punjab,Wheat,Kharif,3.44,2,0.544,0,None,1,60160,4,6,98625
HH3686,Tamil Nadu,Pulses,Rabi,2.05,3,0.697,0,None,2,48868,5,11,75169
HH3687,Gujarat,Groundnut,Rabi,0.34,3,0.705,0,None,1,7646,6,23,29927
HH3688,Rajasthan,Sugarcane,Kharif,1.89,2,0.471,1,Canal,2,57226,3,7,131508
HH3689,Uttar Pradesh,Pulses,Kharif,3.36,1,0.0,0,None,1,57200,4,20,84670
HH3690,Uttar Pradesh,Pulses,Kharif,0.65,1,0.004,1,Tubewell,1,14246,3,4,28293
HH3691,Bihar,Groundnut,Kharif,3.07,6,0.843,0,None,2,52928,5,21,134326
HH3692,Andhra Pradesh,Pulses,Rabi,2.46,2,0.511,0,None,1,27120,5,44,80702
HH3693,Bihar,Groundnut,Kharif,6.52,4,0.794,0,None,1,147820,7,30,154887
HH3694,Maharashtra,Soybean,Zaid,0.95,4,0.698,1,Canal,3,24080,6,25,104555
HH3695,Rajasthan,Cotton,Rabi,0.53,3,0.693,1,Tubewell,1,10568,6,31,66022
HH3696,Uttar Pradesh,Wheat,Kharif,0.99,3,0.634,0,None,2,18377,3,2,65416
HH3697,Gujarat,Rice,Kharif,4.57,1,0.026,0,None,3,68431,4,20,217203
HH3698,Punjab,Vegetables,Rabi,0.29,3,0.653,1,Sprinkler,1,5059,5,41,68310
HH3699,Gujarat,Rice,Kharif,0.23,2,0.476,0,None,1,8637,2,14,30090
HH3700,Madhya Pradesh,Cotton,Rabi,1.46,4,0.732,1,Tubewell,2,43863,6,38,125538
HH3701,Tamil Nadu,Wheat,Kharif,0.93,1,0.0,0,None,2,13125,6,23,49214
HH3702,Punjab,Sugarcane,Rabi,1.36,4,0.751,0,None,2,27014,3,5,105860
HH3703,Madhya Pradesh,Wheat,Kharif,3.01,1,0.0,0,None,3,25279,6,19,143049
HH3704,West Bengal,Vegetables,Rabi,0.84,4,0.774,0,None,1,14708,2,7,45242
HH3705,Gujarat,Millets,Kharif,0.27,2,0.519,1,Canal,2,8092,3,21,48988
HH3706,West Bengal,Millets,Kharif,7.67,3,0.718,1,Canal,3,169725,3,33,262386
HH3707,Haryana,Soybean,Kharif,0.58,2,0.511,1,Tubewell,1,12355,5,20,56281
HH3708,Madhya Pradesh,Millets,Kharif,0.55,2,0.516,1,Tubewell,1,10151,6,9,49013
HH3709,Madhya Pradesh,Cotton,Kharif,3.45,3,0.709,1,Tubewell,2,101590,4,31,194730
HH3710,Gujarat,Maize,Kharif,0.97,5,0.781,1,Canal,3,18815,6,8,99038
HH3711,Uttar Pradesh,Wheat,Kharif,1.28,1,0.0,1,Drip,1,21859,4,11,65252
HH3712,Haryana,Pulses,Rabi,2.03,5,0.806,0,None,2,25395,8,7,84923
HH3713,Haryana,Rice,Rabi,3.39,3,0.624,0,None,1,57603,6,21,101069
HH3714,Tamil Nadu,Maize,Zaid,1.02,4,0.824,1,Tank,2,25438,6,28,84226
HH3715,Gujarat,Vegetables,Kharif,4.91,2,0.544,1,Tubewell,1,133904,5,15,186006
HH3716,Madhya Pradesh,Maize,Kharif,0.22,2,0.565,1,Drip,2,5362,4,8,61212
HH3717,Rajasthan,Rice,Rabi,2.57,4,0.752,1,Tank,2,66022,3,12,132303
HH3718,Uttar Pradesh,Maize,Kharif,0.66,2,0.517,0,None,3,10053,5,5,52081
HH3719,Karnataka,Groundnut,Rabi,4.33,3,0.653,0,None,3,62474,4,8,203467
HH3720,Madhya Pradesh,Wheat,Zaid,1.52,1,0.026,1,Tubewell,3,33590,5,37,117947
HH3721,Rajasthan,Groundnut,Kharif,0.76,1,0.0,0,None,1,12213,4,14,36760
HH3722,West Bengal,Pulses,Kharif,2.37,3,0.591,0,None,1,37710,5,4,63349
HH3723,Gujarat,Millets,Rabi,2.88,3,0.643,1,Drip,2,47207,5,27,119369
HH3724,Maharashtra,Cotton,Rabi,2.33,3,0.623,0,None,2,33600,4,15,125084
HH3725,Rajasthan,Rice,Rabi,0.56,1,0.044,1,Drip,2,11782,6,20,66997
HH3726,Gujarat,Cotton,Kharif,0.89,2,0.554,1,Canal,1,14455,5,22,66733
HH3727,Uttar Pradesh,Soybean,Zaid,1.35,2,0.458,0,None,2,23420,3,42,72839
HH3728,Uttar Pradesh,Pulses,Kharif,1.3,2,0.539,0,None,1,19557,4,36,39581
HH3729,Maharashtra,Pulses,Kharif,2.55,4,0.779,0,None,2,55331,4,30,111936
HH3730,Tamil Nadu,Pulses,Zaid,0.24,4,0.703,1,Tubewell,1,6607,3,33,45540
HH3731,Maharashtra,Soybean,Rabi,1.79,1,0.0,1,Sprinkler,3,44417,5,28,124682
HH3732,Gujarat,Soybean,Kharif,1.05,4,0.733,0,None,1,20667,7,38,45611
HH3733,Karnataka,Rice,Kharif,0.66,2,0.522,1,Tubewell,3,18996,7,40,108085
HH3734,Andhra Pradesh,Cotton,Rabi,0.72,3,0.63,0,None,3,12512,4,4,87920
HH3735,Madhya Pradesh,Pulses,Kharif,1.12,1,0.0,0,None,3,15132,6,14,55772
HH3736,Karnataka,Soybean,Kharif,0.1,3,0.646,0,None,3,3000,7,2,36066
HH3737,Punjab,Sugarcane,Zaid,0.74,2,0.514,0,None,1,11590,4,37,69362
HH3738,Bihar,Rice,Rabi,0.64,2,0.493,1,Tank,2,13892,7,19,67979
HH3739,Bihar,Wheat,Rabi,2.12,1,0.0,0,None,3,22716,8,14,110574
HH3740,Tamil Nadu,Maize,Rabi,0.68,1,0.0,0,None,1,7704,6,7,36816
HH3741,West Bengal,Pulses,Rabi,1.12,1,0.061,1,Tubewell,2,27686,4,9,57989
HH3742,Bihar,Rice,Zaid,5.01,2,0.487,1,Tubewell,2,108112,5,33,193915
HH3743,Bihar,Rice,Rabi,3.14,1,0.0,0,None,2,37189,4,24,112446
HH3744,Uttar Pradesh,Soybean,Rabi,2.91,3,0.685,1,Tubewell,3,80290,8,42,166250
HH3745,Uttar Pradesh,Wheat,Rabi,0.88,1,0.0,1,Tubewell,2,18576,3,43,59025
HH3746,Maharashtra,Rice,Zaid,2.14,3,0.625,0,None,1,43414,7,21,72129
HH3747,Punjab,Rice,Rabi,1.11,1,0.067,1,Sprinkler,3,21939,3,44,111908
HH3748,Karnataka,Sugarcane,Rabi,1.14,5,0.789,1,Tubewell,1,18736,2,1,102704
HH3749,Rajasthan,Maize,Kharif,1.91,5,0.789,1,Tank,3,54736,7,21,128335
HH3750,West Bengal,Pulses,Kharif,0.81,2,0.505,1,Tubewell,3,18538,6,40,98991
HH3751,West Bengal,Maize,Kharif,4.8,3,0.719,1,Drip,3,140353,4,24,215379
HH3752,West Bengal,Soybean,Kharif,1.18,1,0.0,1,Tank,2,15922,7,38,63809
HH3753,Madhya Pradesh,Wheat,Kharif,2.28,5,0.808,0,None,3,31235,6,44,146193
HH3754,Haryana,Groundnut,Kharif,4.65,3,0.73,0,None,2,102179,7,41,176024
HH3755,Madhya Pradesh,Soybean,Zaid,3.24,1,0.004,1,Canal,2,44366,5,4,109143
HH3756,Maharashtra,Wheat,Kharif,0.41,2,0.463,0,None,2,11733,7,6,35421
HH3757,Maharashtra,Soybean,Kharif,1.97,1,0.0,1,Drip,2,31359,6,3,82180
HH3758,Rajasthan,Wheat,Rabi,2.78,2,0.506,0,None,3,47473,7,34,149808
HH3759,Karnataka,Maize,Kharif,2.88,3,0.707,0,None,2,50682,4,25,96477
HH3760,West Bengal,Soybean,Kharif,0.52,2,0.49,1,Canal,2,10000,5,27,59352
HH3761,Uttar Pradesh,Soybean,Kharif,0.77,2,0.525,1,Sprinkler,2,21741,6,18,78317
HH3762,Haryana,Pulses,Kharif,3.14,1,0.0,0,None,3,31764,5,5,133945
HH3763,Andhra Pradesh,Millets,Zaid,0.71,2,0.457,0,None,3,10085,6,24,54266
HH3764,Madhya Pradesh,Vegetables,Rabi,1.05,1,0.0,1,Tubewell,1,18853,8,32,69194
HH3765,Andhra Pradesh,Pulses,Rabi,5.15,4,0.793,1,Tank,2,135575,6,21,173064
HH3766,Madhya Pradesh,Rice,Rabi,1.3,1,0.002,1,Sprinkler,2,25950,4,44,85880
HH3767,Tamil Nadu,Cotton,Kharif,0.73,3,0.676,0,None,2,3000,3,34,89882
HH3768,Karnataka,Rice,Rabi,0.64,2,0.508,0,None,1,16761,4,29,51758
HH3769,Maharashtra,Wheat,Rabi,1.79,2,0.533,1,Canal,3,28825,5,5,143655
HH3770,Uttar Pradesh,Cotton,Zaid,0.43,3,0.649,1,Canal,1,9230,2,28,74621
HH3771,Andhra Pradesh,Vegetables,Kharif,1.09,2,0.521,0,None,2,23374,4,6,78530
HH3772,West Bengal,Sugarcane,Kharif,1.79,2,0.475,1,Tubewell,3,28260,4,11,165202
HH3773,Rajasthan,Soybean,Kharif,4.07,3,0.726,0,None,1,48171,6,39,111983
HH3774,Haryana,Cotton,Kharif,2.38,2,0.476,1,Tubewell,2,34288,3,8,154181
HH3775,Punjab,Maize,Rabi,0.74,2,0.474,1,Canal,3,13161,2,35,91634
HH3776,Gujarat,Vegetables,Kharif,3.68,3,0.683,0,None,2,48815,5,11,217673
HH3777,Bihar,Wheat,Kharif,1.05,3,0.669,1,Canal,3,19620,4,20,128254
HH3778,Tamil Nadu,Pulses,Rabi,0.47,1,0.01,0,None,3,7019,4,43,53588
HH3779,Punjab,Wheat,Kharif,1.17,2,0.507,0,None,1,16706,4,22,49936
HH3780,West Bengal,Pulses,Kharif,4.58,1,0.0,1,Tubewell,2,52045,5,41,166012
HH3781,Rajasthan,Rice,Zaid,1.55,1,0.048,0,None,2,28084,3,12,75105
HH3782,Madhya Pradesh,Maize,Rabi,1.36,3,0.694,1,Canal,1,37709,7,5,59682
HH3783,Uttar Pradesh,Millets,Rabi,5.43,4,0.791,0,None,1,131965,3,34,106101
HH3784,Bihar,Maize,Rabi,0.4,4,0.734,1,Sprinkler,2,7801,7,42,72991
HH3785,Bihar,Maize,Kharif,0.45,1,0.012,0,None,3,7277,6,34,48459
HH3786,Uttar Pradesh,Soybean,Kharif,0.34,2,0.506,1,Sprinkler,3,5370,6,30,95419
HH3787,Tamil Nadu,Wheat,Kharif,1.85,3,0.701,1,Sprinkler,2,51379,4,23,112246
HH3788,Karnataka,Rice,Kharif,1.56,1,0.035,1,Canal,2,20924,5,36,94530
HH3789,Uttar Pradesh,Wheat,Rabi,5.01,4,0.756,1,Canal,2,100310,6,25,204403
HH3790,Gujarat,Rice,Kharif,1.66,3,0.621,0,None,3,28102,5,6,107155
HH3791,Maharashtra,Pulses,Kharif,0.96,5,0.853,0,None,2,19545,5,42,70165
HH3792,Uttar Pradesh,Vegetables,Rabi,1.35,1,0.017,1,Tubewell,2,29322,3,29,114693
HH3793,Tamil Nadu,Wheat,Kharif,1.49,2,0.482,1,Tank,2,24421,4,21,101315
HH3794,Haryana,Vegetables,Zaid,0.33,4,0.762,0,None,2,3000,3,7,56791
HH3795,Uttar Pradesh,Wheat,Kharif,13.51,3,0.622,0,None,3,200000,8,37,600000
HH3796,Punjab,Wheat,Rabi,2.1,4,0.782,1,Tubewell,2,66371,5,41,118465
HH3797,Andhra Pradesh,Groundnut,Rabi,1.61,1,0.0,1,Tubewell,1,27983,2,9,61460
HH3798,Uttar Pradesh,Wheat,Rabi,2.28,3,0.66,1,Canal,1,54617,5,36,109079
HH3799,Maharashtra,Rice,Kharif,2.47,3,0.674,0,None,3,31962,5,1,143832
HH3800,Tamil Nadu,Groundnut,Kharif,1.2,1,0.031,0,None,1,10354,3,31,45335
HH3801,Madhya Pradesh,Millets,Kharif,0.79,3,0.67,0,None,1,10102,5,20,35708
HH3802,Gujarat,Maize,Rabi,2.25,3,0.686,0,None,3,38239,4,28,135907
HH3803,Bihar,Wheat,Rabi,1.87,1,0.0,1,Drip,2,42661,4,19,97073
HH3804,Gujarat,Cotton,Rabi,0.68,2,0.499,1,Tubewell,2,10408,5,1,79907
HH3805,Madhya Pradesh,Soybean,Kharif,4.51,3,0.67,1,Canal,2,74054,4,29,180124
HH3806,Gujarat,Groundnut,Kharif,1.73,2,0.494,0,None,3,19641,4,10,100834
HH3807,Karnataka,Pulses,Kharif,2.51,4,0.699,0,None,1,37798,6,36,74832
HH3808,Rajasthan,Pulses,Rabi,4.41,2,0.477,1,Tubewell,2,108364,4,23,148662
HH3809,Uttar Pradesh,Vegetables,Rabi,1.38,2,0.507,0,None,2,14140,5,18,106483
HH3810,Uttar Pradesh,Soybean,Kharif,1.77,6,0.826,0,None,1,38915,6,29,52030
HH3811,Haryana,Sugarcane,Rabi,2.69,5,0.795,1,Drip,2,75194,3,28,197949
HH3812,Karnataka,Soybean,Kharif,0.73,1,0.0,1,Tubewell,3,11078,2,44,78421
HH3813,Maharashtra,Soybean,Rabi,1.41,4,0.724,1,Drip,2,23196,6,7,83494
HH3814,Tamil Nadu,Wheat,Kharif,1.5,1,0.0,0,None,3,23203,5,31,94152
HH3815,Madhya Pradesh,Sugarcane,Rabi,0.6,1,0.0,1,Sprinkler,2,4810,6,38,94239
HH3816,Tamil Nadu,Wheat,Rabi,9.68,2,0.5,0,None,3,159715,4,41,453339
HH3817,Rajasthan,Pulses,Kharif,0.41,2,0.512,1,Drip,3,10316,6,2,61634
HH3818,Bihar,Wheat,Kharif,0.45,4,0.745,1,Tubewell,2,7069,3,15,81031
HH3819,Bihar,Vegetables,Kharif,4.13,3,0.636,1,Sprinkler,3,90737,7,22,300268
HH3820,Karnataka,Cotton,Kharif,2.48,6,0.791,0,None,2,66755,6,11,141201
HH3821,Rajasthan,Groundnut,Zaid,0.56,3,0.745,1,Tank,2,15030,5,19,70935
HH3822,Rajasthan,Wheat,Kharif,2.26,2,0.466,0,None,2,53411,5,6,80210
HH3823,Bihar,Groundnut,Kharif,4.7,3,0.651,0,None,1,57580,4,9,134316
HH3824,Madhya Pradesh,Rice,Rabi,1.32,6,0.849,0,None,3,34629,4,44,112259
HH3825,Maharashtra,Sugarcane,Kharif,12.29,3,0.678,1,Tubewell,2,200000,5,29,600000
HH3826,Uttar Pradesh,Rice,Kharif,0.31,4,0.766,0,None,2,4449,5,43,50155
HH3827,Karnataka,Maize,Kharif,2.43,5,0.787,1,Canal,1,41011,8,3,78743
HH3828,Karnataka,Vegetables,Rabi,3.64,1,0.007,1,Sprinkler,2,56484,6,13,208890
HH3829,West Bengal,Groundnut,Rabi,2.88,3,0.669,0,None,3,29540,5,15,144252
HH3830,Maharashtra,Rice,Zaid,1.13,4,0.741,1,Canal,3,37520,6,5,106301
HH3831,Rajasthan,Sugarcane,Kharif,1.05,5,0.807,0,None,2,19578,3,5,83322
HH3832,Bihar,Vegetables,Kharif,1.97,2,0.532,0,None,2,43428,4,2,128059
HH3833,Bihar,Soybean,Rabi,2.7,3,0.666,1,Tank,2,51762,5,38,117458
HH3834,Rajasthan,Rice,Rabi,2.25,3,0.667,1,Canal,1,35585,8,30,81230
HH3835,Karnataka,Wheat,Zaid,3.27,2,0.532,0,None,2,41961,4,28,143652
HH3836,Madhya Pradesh,Maize,Kharif,0.57,3,0.696,1,Tank,2,18028,3,39,81863
HH3837,Gujarat,Rice,Kharif,1.11,2,0.548,1,Tubewell,3,34998,3,32,127326
HH3838,Uttar Pradesh,Soybean,Kharif,0.61,2,0.447,0,None,2,7660,5,20,55360
HH3839,Gujarat,Soybean,Kharif,0.97,2,0.527,1,Drip,2,29075,4,20,72654
HH3840,Punjab,Wheat,Kharif,3.2,3,0.685,1,Tubewell,3,54352,6,29,199801
HH3841,Andhra Pradesh,Maize,Kharif,1.48,2,0.473,0,None,2,24762,5,35,71604
HH3842,Uttar Pradesh,Vegetables,Rabi,12.38,2,0.508,1,Tank,2,200000,4,32,596242
HH3843,Karnataka,Cotton,Rabi,1.59,2,0.532,1,Canal,2,28693,6,17,120142
HH3844,Rajasthan,Wheat,Kharif,1.42,1,0.0,0,None,2,9693,4,8,63284
HH3845,Maharashtra,Groundnut,Kharif,1.48,1,0.013,1,Canal,3,29311,6,21,107710
HH3846,Punjab,Rice,Zaid,0.78,1,0.026,0,None,2,10065,6,23,40812
HH3847,Gujarat,Vegetables,Kharif,1.29,3,0.635,1,Canal,3,39063,6,27,161768
HH3848,Tamil Nadu,Millets,Rabi,3.52,4,0.746,0,None,3,85532,6,6,136975
HH3849,Haryana,Millets,Rabi,1.49,1,0.009,1,Tank,2,35203,6,8,50688
HH3850,Uttar Pradesh,Cotton,Kharif,0.69,1,0.0,0,None,1,3000,5,35,34787
HH3851,Karnataka,Soybean,Rabi,0.61,3,0.641,1,Tubewell,2,12053,7,5,71331
HH3852,Uttar Pradesh,Vegetables,Rabi,0.92,2,0.496,0,None,2,10129,2,33,91860
HH3853,Tamil Nadu,Wheat,Kharif,1.44,5,0.824,0,None,2,28947,7,1,76754
HH3854,Gujarat,Rice,Rabi,3.72,3,0.686,0,None,2,66948,3,24,137116
HH3855,Punjab,Cotton,Rabi,0.43,2,0.474,1,Drip,2,11711,4,32,89480
HH3856,Uttar Pradesh,Pulses,Rabi,1.03,2,0.52,0,None,3,13963,6,33,82464
HH3857,Rajasthan,Sugarcane,Rabi,1.53,3,0.642,1,Drip,2,27712,4,38,164440
HH3858,Andhra Pradesh,Maize,Kharif,0.28,1,0.0,1,Sprinkler,2,9975,5,2,36150
HH3859,Rajasthan,Soybean,Kharif,0.66,1,0.0,1,Drip,3,14495,4,44,80569
HH3860,West Bengal,Maize,Kharif,0.76,1,0.034,0,None,1,13408,4,17,21886
HH3861,Bihar,Rice,Kharif,0.69,4,0.77,1,Tubewell,1,23811,3,10,63725
HH3862,Tamil Nadu,Maize,Kharif,1.59,3,0.667,0,None,3,26765,4,37,119769
HH3863,Rajasthan,Soybean,Kharif,1.18,1,0.0,1,Drip,1,20213,5,37,58545
HH3864,Madhya Pradesh,Soybean,Kharif,0.84,3,0.655,1,Drip,1,7446,6,2,61607
HH3865,Uttar Pradesh,Groundnut,Kharif,1.94,2,0.503,0,None,2,35251,6,12,88630
HH3866,Rajasthan,Sugarcane,Rabi,5.84,3,0.635,0,None,1,95140,4,37,232902
HH3867,Karnataka,Pulses,Kharif,5.44,2,0.49,1,Canal,2,96989,7,30,199253
HH3868,Punjab,Sugarcane,Rabi,0.26,3,0.661,0,None,2,3000,4,15,64759
HH3869,Punjab,Sugarcane,Rabi,2.2,6,0.792,1,Canal,2,59763,3,23,161646
HH3870,Uttar Pradesh,Vegetables,Rabi,1.16,1,0.0,0,None,2,13387,7,18,80263
HH3871,Rajasthan,Vegetables,Rabi,1.54,2,0.512,1,Canal,3,28242,5,31,170334
HH3872,Maharashtra,Soybean,Zaid,0.96,2,0.5,0,None,2,12986,8,38,62691
HH3873,Maharashtra,Rice,Rabi,1.49,2,0.491,1,Tubewell,2,28148,4,29,99178
HH3874,Bihar,Wheat,Kharif,1.54,2,0.473,1,Tubewell,3,32243,6,14,125610
HH3875,Uttar Pradesh,Rice,Kharif,0.83,4,0.797,1,Tubewell,2,11826,3,43,93498
HH3876,Karnataka,Wheat,Rabi,0.63,5,0.775,0,None,1,9104,6,40,39689
HH3877,Maharashtra,Maize,Kharif,0.92,2,0.508,1,Tank,1,16904,4,23,56829
HH3878,West Bengal,Vegetables,Kharif,1.65,3,0.652,0,None,3,23231,3,25,170492
HH3879,Andhra Pradesh,Maize,Rabi,2.25,3,0.668,0,None,3,49360,3,41,134639
HH3880,Maharashtra,Rice,Kharif,2.79,3,0.681,1,Tubewell,3,44437,5,38,186016
HH3881,Andhra Pradesh,Wheat,Zaid,0.89,2,0.459,1,Drip,2,22208,4,28,86650
HH3882,Haryana,Maize,Kharif,1.72,1,0.0,0,None,2,15857,8,35,79056
HH3883,Gujarat,Groundnut,Rabi,3.06,2,0.536,1,Tubewell,1,77639,6,30,99457
HH3884,Maharashtra,Vegetables,Zaid,3.64,2,0.553,1,Canal,3,103368,6,27,276812
HH3885,West Bengal,Millets,Rabi,1.28,4,0.746,0,None,2,22012,6,8,60745
HH3886,Gujarat,Pulses,Rabi,1.12,4,0.751,1,Tubewell,2,34280,7,19,78442
HH3887,Gujarat,Sugarcane,Rabi,1.59,1,0.066,1,Tank,2,22045,6,1,113855
HH3888,Punjab,Groundnut,Rabi,0.51,1,0.034,0,None,1,4334,7,44,33027
HH3889,Tamil Nadu,Wheat,Kharif,1.15,5,0.781,1,Canal,2,29558,7,20,99914
HH3890,Rajasthan,Rice,Rabi,2.54,3,0.648,1,Tubewell,2,49347,4,30,128571
HH3891,Bihar,Rice,Kharif,2.33,4,0.779,1,Canal,1,50562,4,29,115113
HH3892,Andhra Pradesh,Wheat,Kharif,1.07,1,0.0,0,None,1,13829,5,8,30924
HH3893,Punjab,Rice,Kharif,1.62,3,0.7,1,Tubewell,2,40795,3,14,92002
HH3894,Karnataka,Vegetables,Rabi,0.67,3,0.677,0,None,2,13272,4,38,94781
HH3895,Haryana,Sugarcane,Kharif,2.45,4,0.766,0,None,1,33373,6,3,118562
HH3896,Bihar,Vegetables,Rabi,1.26,1,0.0,0,None,1,9379,5,3,58785
HH3897,Maharashtra,Pulses,Kharif,1.07,2,0.481,1,Tubewell,3,23870,5,14,103002
HH3898,West Bengal,Millets,Kharif,0.99,2,0.544,1,Sprinkler,1,14993,7,21,54733
HH3899,Andhra Pradesh,Pulses,Zaid,1.28,4,0.743,0,None,1,16764,5,35,60145
HH3900,West Bengal,Groundnut,Kharif,0.92,5,0.788,0,None,2,10715,5,44,74776
HH3901,Karnataka,Sugarcane,Kharif,2.36,6,0.831,0,None,1,43886,4,44,125428
HH3902,Rajasthan,Maize,Kharif,0.96,5,0.806,0,None,2,11960,4,43,63865
HH3903,Gujarat,Vegetables,Rabi,5.23,1,0.0,1,Drip,3,125549,4,41,334588
HH3904,Madhya Pradesh,Pulses,Rabi,4.69,1,0.0,1,Tubewell,2,69461,2,27,161220
HH3905,West Bengal,Millets,Rabi,0.63,1,0.0,1,Tank,3,10128,4,28,59955
HH3906,Karnataka,Groundnut,Kharif,1.43,2,0.525,1,Tubewell,3,26950,6,28,122478
HH3907,Andhra Pradesh,Maize,Rabi,0.78,4,0.723,1,Drip,1,28273,6,5,42601
HH3908,Madhya Pradesh,Millets,Rabi,1.02,4,0.697,0,None,2,19405,5,43,69670
HH3909,Tamil Nadu,Millets,Rabi,7.4,1,0.0,0,None,2,89538,7,39,204152
HH3910,Madhya Pradesh,Sugarcane,Rabi,1.04,3,0.623,1,Tubewell,2,14421,4,10,123914
HH3911,Uttar Pradesh,Soybean,Rabi,1.83,5,0.841,1,Tank,3,41336,5,9,134931
HH3912,Madhya Pradesh,Vegetables,Kharif,2.14,2,0.5,1,Sprinkler,3,35974,2,20,193934
HH3913,Uttar Pradesh,Cotton,Kharif,0.58,1,0.015,1,Tank,2,14425,7,29,62391
HH3914,Gujarat,Vegetables,Rabi,0.65,2,0.516,1,Canal,1,11384,5,29,80578
HH3915,Gujarat,Rice,Kharif,0.48,2,0.502,0,None,1,6572,4,28,41058
HH3916,Rajasthan,Sugarcane,Kharif,0.64,3,0.665,0,None,2,7637,4,11,68072
HH3917,Haryana,Sugarcane,Kharif,0.12,2,0.531,1,Drip,1,5527,6,21,45303
HH3918,Rajasthan,Soybean,Kharif,2.14,1,0.004,1,Drip,3,38663,3,35,127721
HH3919,Punjab,Rice,Rabi,7.74,6,0.875,0,None,2,200000,7,23,221890
HH3920,Bihar,Rice,Kharif,1.53,3,0.686,1,Drip,2,23453,4,29,110802
HH3921,Gujarat,Pulses,Rabi,0.41,2,0.481,1,Tubewell,2,11624,4,15,47644
HH3922,Rajasthan,Wheat,Kharif,0.78,5,0.785,1,Canal,3,17161,4,17,109198
HH3923,Bihar,Wheat,Rabi,0.91,1,0.0,0,None,3,8920,4,24,85285
HH3924,Madhya Pradesh,Vegetables,Rabi,0.57,1,0.037,1,Canal,3,15530,5,35,104674
HH3925,Gujarat,Cotton,Rabi,2.8,4,0.738,1,Tubewell,2,78118,5,20,172359
HH3926,Uttar Pradesh,Vegetables,Kharif,2.69,2,0.476,0,None,1,39482,5,36,126172
HH3927,Tamil Nadu,Cotton,Kharif,0.51,4,0.76,1,Sprinkler,2,19156,5,11,78822
HH3928,Punjab,Groundnut,Kharif,2.5,2,0.497,1,Sprinkler,2,58670,4,30,135671
HH3929,Punjab,Maize,Kharif,4.94,1,0.009,1,Canal,3,80558,4,39,229406
HH3930,Uttar Pradesh,Pulses,Kharif,6.8,3,0.724,0,None,2,149131,5,20,205123
HH3931,Gujarat,Wheat,Rabi,15.0,1,0.027,1,Tank,2,200000,5,22,541246
HH3932,Maharashtra,Cotton,Zaid,0.63,4,0.751,0,None,3,20647,3,24,97154
HH3933,Tamil Nadu,Millets,Kharif,14.89,3,0.625,1,Canal,2,200000,6,14,426940
HH3934,Maharashtra,Groundnut,Kharif,1.0,5,0.785,1,Tubewell,2,28380,5,36,94659
HH3935,Madhya Pradesh,Vegetables,Rabi,0.82,4,0.771,0,None,1,16695,4,13,55594
HH3936,Andhra Pradesh,Wheat,Rabi,1.78,1,0.0,1,Canal,1,32655,5,1,60787
HH3937,Karnataka,Maize,Kharif,0.82,4,0.814,1,Sprinkler,3,18523,7,27,106211
HH3938,Maharashtra,Wheat,Zaid,1.89,3,0.667,1,Drip,3,54812,2,13,122989
HH3939,Maharashtra,Wheat,Rabi,0.44,3,0.668,1,Tubewell,2,12944,6,35,79262
HH3940,Karnataka,Maize,Rabi,1.1,4,0.73,0,None,2,15095,5,8,59300
HH3941,Bihar,Millets,Rabi,4.03,3,0.682,0,None,2,48401,5,18,143258
HH3942,West Bengal,Wheat,Kharif,1.29,2,0.465,0,None,2,23735,5,34,63230
HH3943,Uttar Pradesh,Wheat,Kharif,1.52,3,0.732,1,Drip,1,26948,5,6,80338
HH3944,Rajasthan,Wheat,Kharif,2.02,2,0.54,1,Canal,3,36918,4,27,156357
HH3945,Uttar Pradesh,Vegetables,Rabi,3.65,1,0.03,1,Tubewell,2,52861,7,18,209274
HH3946,Uttar Pradesh,Sugarcane,Kharif,0.33,3,0.625,0,None,2,4167,6,9,68015
HH3947,Punjab,Cotton,Kharif,2.22,2,0.506,1,Tubewell,1,29336,5,15,115614
HH3948,Tamil Nadu,Vegetables,Kharif,1.07,1,0.036,0,None,2,17518,5,23,75581
HH3949,Maharashtra,Wheat,Kharif,1.56,1,0.018,1,Canal,1,32560,5,3,48706
HH3950,Maharashtra,Cotton,Kharif,3.32,3,0.637,0,None,2,49422,6,9,170701
HH3951,Uttar Pradesh,Rice,Rabi,0.49,2,0.48,0,None,2,3876,2,22,46746
HH3952,West Bengal,Rice,Kharif,0.57,4,0.736,1,Sprinkler,2,9950,6,23,73173
HH3953,Gujarat,Rice,Rabi,0.26,2,0.482,0,None,1,3186,2,20,15345
HH3954,Uttar Pradesh,Cotton,Rabi,0.85,2,0.546,1,Drip,3,18685,5,7,129915
HH3955,Maharashtra,Maize,Kharif,4.18,2,0.442,1,Canal,2,96314,4,17,145980
HH3956,West Bengal,Rice,Kharif,1.22,3,0.687,1,Canal,2,15800,5,3,84866
HH3957,Gujarat,Wheat,Rabi,0.43,2,0.461,1,Canal,2,7249,3,7,48323
HH3958,Karnataka,Rice,Kharif,0.89,5,0.771,0,None,2,24840,5,13,47383
HH3959,Uttar Pradesh,Wheat,Rabi,0.38,5,0.74,0,None,2,3027,6,41,51361
HH3960,Uttar Pradesh,Rice,Rabi,0.52,4,0.734,1,Tubewell,3,9035,5,41,117076
HH3961,Tamil Nadu,Wheat,Rabi,1.88,5,0.845,1,Tubewell,3,57657,3,23,134529
HH3962,Rajasthan,Millets,Rabi,0.5,2,0.508,0,None,2,11747,2,37,39110
HH3963,Uttar Pradesh,Maize,Kharif,3.48,3,0.631,1,Canal,2,108829,5,4,120440
HH3964,Tamil Nadu,Groundnut,Rabi,1.27,3,0.698,0,None,1,18827,3,9,47268
HH3965,Uttar Pradesh,Vegetables,Kharif,1.45,3,0.704,0,None,1,32863,3,6,66859
HH3966,Bihar,Soybean,Kharif,1.07,4,0.753,0,None,2,14580,5,42,73806
HH3967,Madhya Pradesh,Groundnut,Kharif,2.6,3,0.728,0,None,3,46360,4,18,137115
HH3968,Uttar Pradesh,Soybean,Rabi,2.63,6,0.858,0,None,2,47926,4,35,125782
HH3969,Tamil Nadu,Soybean,Rabi,1.79,2,0.52,0,None,2,28887,5,23,95751
HH3970,Rajasthan,Pulses,Kharif,2.18,4,0.726,0,None,1,44624,4,31,79282
HH3971,Gujarat,Wheat,Rabi,1.13,3,0.686,0,None,2,13140,4,20,61512
HH3972,Andhra Pradesh,Wheat,Kharif,2.14,3,0.674,0,None,2,47339,5,7,80118
HH3973,Madhya Pradesh,Rice,Kharif,1.01,2,0.516,1,Drip,3,23521,4,12,86454
HH3974,Haryana,Vegetables,Zaid,1.35,4,0.729,0,None,1,33959,3,37,88619
HH3975,Madhya Pradesh,Sugarcane,Kharif,1.07,5,0.804,0,None,2,19358,5,4,88350
HH3976,West Bengal,Pulses,Kharif,0.92,2,0.475,0,None,3,16170,5,12,85525
HH3977,Rajasthan,Cotton,Kharif,0.75,3,0.603,0,None,3,11902,4,15,92662
HH3978,Andhra Pradesh,Sugarcane,Kharif,2.01,2,0.53,0,None,3,30935,5,2,169127
HH3979,Uttar Pradesh,Sugarcane,Kharif,4.11,6,0.788,0,None,2,103180,7,11,225439
HH3980,Karnataka,Maize,Kharif,3.65,2,0.503,1,Tubewell,3,58390,7,33,192482
HH3981,West Bengal,Groundnut,Kharif,0.46,2,0.51,1,Tubewell,3,7251,5,14,75368
HH3982,Bihar,Cotton,Kharif,4.04,2,0.51,1,Tank,3,94779,3,27,283246
HH3983,Maharashtra,Soybean,Rabi,1.03,3,0.659,1,Canal,3,22597,5,4,81829
HH3984,Maharashtra,Wheat,Rabi,2.25,1,0.008,1,Tubewell,3,31431,2,38,153984
HH3985,Bihar,Maize,Kharif,0.62,3,0.681,0,None,1,11604,4,40,49910
HH3986,Gujarat,Maize,Rabi,1.52,5,0.822,1,Tubewell,1,36478,7,20,75116
HH3987,Uttar Pradesh,Pulses,Kharif,1.76,4,0.802,0,None,2,38590,5,2,69217
HH3988,Karnataka,Pulses,Kharif,0.38,1,0.007,1,Canal,2,4694,5,4,35533
HH3989,Rajasthan,Sugarcane,Rabi,2.26,6,0.835,0,None,2,48986,3,24,143716
HH3990,West Bengal,Rice,Rabi,4.24,3,0.64,1,Canal,2,105420,2,9,156273
HH3991,Uttar Pradesh,Vegetables,Kharif,1.16,1,0.013,1,Tubewell,1,25330,8,19,85024
HH3992,Maharashtra,Rice,Kharif,4.29,1,0.02,1,Sprinkler,1,105498,4,8,111697
HH3993,Bihar,Sugarcane,Kharif,1.15,1,0.0,0,None,2,13588,4,41,86292
HH3994,Uttar Pradesh,Rice,Rabi,2.78,4,0.766,0,None,1,38390,5,28,103799
HH3995,Andhra Pradesh,Cotton,Rabi,0.2,1,0.0,1,Drip,3,3000,6,13,65638
HH3996,Karnataka,Soybean,Kharif,10.55,2,0.52,1,Drip,3,180688,4,8,421121
HH3997,Rajasthan,Cotton,Kharif,4.81,4,0.777,0,None,2,57773,5,14,236614
HH3998,Rajasthan,Pulses,Kharif,1.06,3,0.694,1,Tubewell,2,33119,4,10,57559
HH3999,Andhra Pradesh,Soybean,Rabi,0.25,4,0.754,1,Tubewell,1,4596,5,20,58971
HH4000,Maharashtra,Soybean,Kharif,1.72,3,0.636,1,Canal,2,29065,3,1,97893
HH4001,Tamil Nadu,Cotton,Kharif,0.4,1,0.0,1,Canal,3,10562,5,12,81542
HH4002,Bihar,Rice,Kharif,1.97,4,0.768,0,None,2,23893,2,35,103886
HH4003,Bihar,Groundnut,Kharif,1.92,2,0.573,1,Tubewell,1,49411,6,20,76642
HH4004,Maharashtra,Groundnut,Kharif,0.61,3,0.657,1,Tubewell,3,19658,5,12,83387
HH4005,Maharashtra,Maize,Rabi,3.5,3,0.681,1,Canal,3,64641,7,12,175621
HH4006,Madhya Pradesh,Cotton,Kharif,2.68,1,0.0,1,Canal,2,56739,5,39,163136
HH4007,Rajasthan,Maize,Rabi,3.09,6,0.804,1,Canal,1,70743,4,29,111596
HH4008,Rajasthan,Groundnut,Rabi,1.36,2,0.48,1,Tubewell,2,16511,5,3,89816
HH4009,Punjab,Groundnut,Kharif,0.41,1,0.0,0,None,1,3000,5,7,18087
HH4010,Uttar Pradesh,Soybean,Rabi,3.1,5,0.841,1,Tubewell,3,86763,4,23,164276
HH4011,Uttar Pradesh,Pulses,Kharif,1.07,3,0.6,1,Canal,3,14833,5,13,100073
HH4012,Rajasthan,Maize,Kharif,0.41,3,0.659,0,None,2,3000,3,11,36237
HH4013,Haryana,Rice,Zaid,4.26,3,0.632,0,None,3,46322,6,25,214053
HH4014,Maharashtra,Maize,Rabi,8.04,4,0.723,1,Canal,2,161761,7,20,263042
HH4015,Punjab,Maize,Kharif,1.3,1,0.041,1,Canal,2,26264,4,27,69590
HH4016,Madhya Pradesh,Rice,Kharif,8.46,2,0.506,1,Canal,2,129510,6,6,298295
HH4017,West Bengal,Cotton,Kharif,1.46,2,0.471,0,None,3,26407,3,6,120499
HH4018,West Bengal,Soybean,Kharif,0.98,1,0.0,1,Tubewell,3,16210,4,39,84891
HH4019,Madhya Pradesh,Groundnut,Kharif,0.79,3,0.644,0,None,1,9195,5,41,52311
HH4020,Maharashtra,Pulses,Kharif,5.43,2,0.499,0,None,2,64512,4,9,184373
HH4021,Karnataka,Vegetables,Rabi,0.7,2,0.505,0,None,2,3000,5,21,86242
HH4022,Madhya Pradesh,Rice,Rabi,2.52,1,0.057,1,Canal,3,37315,5,18,151716
HH4023,Punjab,Maize,Kharif,0.84,3,0.61,0,None,2,14780,3,1,33908
HH4024,Bihar,Maize,Rabi,0.91,4,0.749,0,None,2,19659,3,12,55673
HH4025,Punjab,Wheat,Kharif,3.24,2,0.491,1,Drip,3,72534,3,1,186679
HH4026,Bihar,Wheat,Kharif,0.98,3,0.695,0,None,2,21376,7,28,63744
HH4027,Rajasthan,Wheat,Rabi,0.96,2,0.511,1,Tubewell,2,13502,5,24,97601
HH4028,Maharashtra,Rice,Rabi,3.54,3,0.685,1,Tubewell,3,71291,6,19,210783
HH4029,Haryana,Vegetables,Kharif,5.25,1,0.01,1,Canal,1,69620,5,14,220240
HH4030,Rajasthan,Rice,Kharif,2.33,2,0.472,0,None,1,40955,4,14,80759
HH4031,Punjab,Wheat,Zaid,0.77,3,0.703,1,Canal,1,18346,5,26,72624
HH4032,Madhya Pradesh,Wheat,Rabi,0.87,5,0.824,0,None,1,21595,5,16,48195
HH4033,Uttar Pradesh,Groundnut,Kharif,1.44,2,0.527,1,Canal,2,19298,4,24,105544
HH4034,Gujarat,Rice,Kharif,1.77,4,0.788,1,Tank,2,33052,4,32,106128
HH4035,Maharashtra,Rice,Zaid,0.58,3,0.68,0,None,2,4644,5,6,56131
HH4036,Gujarat,Cotton,Kharif,2.5,5,0.844,0,None,1,36795,5,30,122329
HH4037,Gujarat,Wheat,Kharif,1.45,2,0.511,0,None,1,17629,3,23,82999
HH4038,Bihar,Cotton,Kharif,0.31,2,0.493,0,None,2,3000,6,19,48720
HH4039,Punjab,Groundnut,Kharif,0.61,4,0.75,1,Sprinkler,2,19135,5,25,84556
HH4040,Tamil Nadu,Rice,Kharif,0.88,1,0.0,1,Canal,2,11516,5,25,75236
HH4041,West Bengal,Rice,Rabi,1.27,1,0.0,0,None,1,14395,6,2,36647
HH4042,Madhya Pradesh,Wheat,Kharif,6.73,1,0.049,1,Tubewell,1,150899,3,10,163060
HH4043,Karnataka,Pulses,Rabi,1.65,4,0.759,1,Canal,1,23677,7,41,77794
HH4044,Tamil Nadu,Rice,Kharif,0.66,1,0.003,1,Canal,1,14410,4,27,42397
HH4045,Karnataka,Millets,Kharif,1.63,4,0.762,0,None,3,33104,4,44,109181
HH4046,Karnataka,Vegetables,Rabi,1.0,2,0.589,1,Drip,2,19029,6,8,107914
HH4047,Rajasthan,Sugarcane,Zaid,1.78,1,0.0,1,Canal,1,25627,4,41,110942
HH4048,Tamil Nadu,Groundnut,Rabi,2.21,2,0.475,1,Tubewell,2,57402,6,43,124776
HH4049,West Bengal,Sugarcane,Kharif,3.77,1,0.0,0,None,2,45908,4,33,212798
HH4050,Maharashtra,Maize,Kharif,1.32,3,0.66,0,None,2,16400,5,43,91093
HH4051,Gujarat,Maize,Rabi,5.44,3,0.674,1,Tubewell,1,107896,4,19,145070
HH4052,Punjab,Soybean,Rabi,2.92,2,0.486,1,Tubewell,3,57702,6,30,175904
HH4053,Bihar,Rice,Rabi,0.74,1,0.0,1,Tank,2,10306,3,34,77168
HH4054,Andhra Pradesh,Maize,Zaid,8.83,3,0.671,0,None,2,141539,7,14,306184
HH4055,Bihar,Groundnut,Kharif,1.78,4,0.735,1,Sprinkler,2,31787,4,36,120483
HH4056,Uttar Pradesh,Wheat,Rabi,0.66,3,0.676,0,None,1,16994,5,20,49732
HH4057,Bihar,Millets,Kharif,5.5,4,0.783,0,None,3,86739,2,23,218488
HH4058,Uttar Pradesh,Rice,Rabi,7.89,2,0.52,1,Drip,2,186436,8,15,269794
HH4059,West Bengal,Pulses,Rabi,1.31,4,0.776,0,None,1,23236,6,2,54787
HH4060,Gujarat,Soybean,Rabi,0.88,2,0.533,0,None,2,8209,5,24,47494
HH4061,Madhya Pradesh,Soybean,Rabi,1.17,1,0.008,1,Tubewell,3,15303,7,24,96732
HH4062,Maharashtra,Pulses,Rabi,2.48,4,0.745,1,Canal,2,65962,7,31,114757
HH4063,Bihar,Vegetables,Rabi,4.0,5,0.777,0,None,2,92800,5,16,204187
HH4064,Madhya Pradesh,Cotton,Zaid,2.19,3,0.655,1,Drip,2,26462,4,4,136545
HH4065,West Bengal,Groundnut,Kharif,1.47,2,0.484,0,None,1,9231,5,34,63329
HH4066,Uttar Pradesh,Rice,Zaid,4.82,2,0.522,0,None,2,98910,4,15,170602
HH4067,Uttar Pradesh,Sugarcane,Kharif,1.03,2,0.51,0,None,2,14247,5,19,88885
HH4068,Gujarat,Pulses,Kharif,3.24,4,0.771,0,None,3,60020,7,19,155277
HH4069,Punjab,Wheat,Kharif,1.06,1,0.0,1,Tank,2,15832,4,44,77188
HH4070,West Bengal,Rice,Kharif,1.95,4,0.793,0,None,2,41497,6,35,102302
HH4071,Madhya Pradesh,Maize,Rabi,1.23,2,0.487,1,Tubewell,3,11166,7,20,113744
HH4072,Punjab,Cotton,Kharif,1.29,4,0.717,1,Tank,3,39080,6,39,148490
HH4073,Tamil Nadu,Cotton,Zaid,0.98,5,0.787,1,Canal,2,19995,5,41,108940
HH4074,Tamil Nadu,Maize,Kharif,4.23,2,0.575,0,None,1,77247,5,29,122304
HH4075,Punjab,Soybean,Kharif,0.72,2,0.488,1,Tubewell,3,3948,6,15,91160
HH4076,Tamil Nadu,Cotton,Rabi,0.72,4,0.74,1,Canal,1,15743,2,20,65185
HH4077,Karnataka,Sugarcane,Rabi,8.19,3,0.661,0,None,1,149706,6,32,318441
HH4078,Madhya Pradesh,Millets,Rabi,3.1,3,0.663,1,Tubewell,2,86856,5,13,108321
HH4079,Bihar,Millets,Kharif,0.18,3,0.644,0,None,2,3000,4,7,22417
HH4080,Maharashtra,Groundnut,Rabi,0.83,1,0.004,1,Sprinkler,3,19839,6,16,90789
HH4081,Haryana,Rice,Kharif,0.29,4,0.782,1,Tubewell,2,7224,4,10,66379
HH4082,Maharashtra,Cotton,Zaid,0.6,1,0.009,0,None,1,7697,7,2,32367
HH4083,Tamil Nadu,Pulses,Rabi,0.1,5,0.767,1,Tank,2,4060,5,38,62331
HH4084,Bihar,Cotton,Rabi,1.2,2,0.49,0,None,2,19603,5,18,89916
HH4085,Maharashtra,Millets,Rabi,0.51,3,0.65,1,Tubewell,3,15086,5,34,96110
HH4086,Uttar Pradesh,Sugarcane,Rabi,1.42,2,0.502,0,None,2,15619,4,21,107174
HH4087,Uttar Pradesh,Vegetables,Rabi,0.34,2,0.54,1,Tubewell,1,6224,5,21,59617
HH4088,Tamil Nadu,Rice,Rabi,1.45,2,0.496,0,None,2,13713,6,1,88589
HH4089,West Bengal,Cotton,Kharif,0.95,3,0.664,0,None,1,8638,2,15,71814
HH4090,Uttar Pradesh,Groundnut,Kharif,4.84,3,0.72,1,Sprinkler,1,123126,4,10,133972
HH4091,Haryana,Vegetables,Kharif,4.48,4,0.776,0,None,3,95289,6,35,300344
HH4092,Rajasthan,Maize,Rabi,2.63,2,0.517,1,Canal,2,54053,5,25,118030
HH4093,Karnataka,Rice,Rabi,1.02,3,0.726,1,Drip,2,27819,5,32,104524
HH4094,Gujarat,Pulses,Rabi,7.3,4,0.765,0,None,2,87767,4,31,247788
HH4095,Rajasthan,Maize,Rabi,0.36,1,0.0,1,Canal,2,7060,5,10,50207
HH4096,Karnataka,Rice,Rabi,0.41,2,0.525,0,None,1,6776,6,3,28209
HH4097,Uttar Pradesh,Sugarcane,Kharif,1.26,2,0.452,0,None,2,26308,4,22,99641
HH4098,Uttar Pradesh,Soybean,Kharif,9.17,2,0.514,0,None,1,118732,4,38,247542
HH4099,Madhya Pradesh,Sugarcane,Kharif,1.14,2,0.449,1,Tubewell,3,30901,3,2,134450
HH4100,Uttar Pradesh,Pulses,Kharif,1.16,3,0.653,0,None,3,22508,5,23,81436
HH4101,Punjab,Cotton,Kharif,0.4,2,0.489,1,Tubewell,2,9330,5,41,100736
HH4102,Karnataka,Maize,Rabi,3.02,3,0.644,1,Tank,1,83098,3,40,96884
HH4103,Andhra Pradesh,Wheat,Kharif,3.03,5,0.79,0,None,1,46100,5,24,112407
HH4104,Maharashtra,Sugarcane,Kharif,2.64,3,0.698,1,Tubewell,3,48638,5,32,259988
HH4105,Madhya Pradesh,Wheat,Zaid,0.79,3,0.646,1,Tubewell,3,25373,3,33,113223
HH4106,Punjab,Wheat,Zaid,0.74,1,0.016,0,None,1,10535,4,27,39853
HH4107,Gujarat,Wheat,Rabi,0.45,4,0.721,0,None,3,3960,5,13,56618
HH4108,Uttar Pradesh,Rice,Kharif,1.45,2,0.494,0,None,2,28449,6,37,82791
HH4109,West Bengal,Rice,Rabi,0.54,3,0.677,1,Drip,1,10045,5,39,70362
HH4110,Tamil Nadu,Cotton,Rabi,0.5,6,0.803,1,Canal,1,11061,6,29,90568
HH4111,Tamil Nadu,Rice,Kharif,0.94,3,0.628,0,None,3,15654,5,41,103873
HH4112,Andhra Pradesh,Rice,Rabi,0.89,3,0.682,0,None,2,6933,6,25,70914
HH4113,Uttar Pradesh,Millets,Kharif,0.85,2,0.534,1,Sprinkler,3,16860,6,19,86354
HH4114,Uttar Pradesh,Cotton,Zaid,2.01,1,0.0,0,None,1,31973,6,1,73789
HH4115,Tamil Nadu,Cotton,Rabi,1.44,4,0.736,1,Tubewell,2,26098,5,35,117309
HH4116,Rajasthan,Wheat,Kharif,1.06,1,0.005,0,None,1,5153,8,16,32568
HH4117,Gujarat,Sugarcane,Kharif,1.58,3,0.669,1,Canal,1,46345,2,8,99401
HH4118,Rajasthan,Maize,Kharif,0.58,1,0.007,1,Tubewell,1,10066,4,7,33298
HH4119,Maharashtra,Cotton,Rabi,1.48,4,0.674,0,None,3,21277,6,21,132087
HH4120,Haryana,Cotton,Kharif,1.53,1,0.0,0,None,2,22668,6,11,82375
HH4121,Madhya Pradesh,Groundnut,Kharif,0.38,3,0.642,1,Canal,1,9133,6,26,54406
HH4122,Andhra Pradesh,Millets,Kharif,3.15,3,0.672,0,None,2,56961,6,15,90827
HH4123,Haryana,Pulses,Kharif,0.64,2,0.506,0,None,3,11085,5,6,44371
HH4124,West Bengal,Rice,Zaid,1.46,2,0.519,1,Canal,2,29936,7,37,96926
HH4125,Bihar,Soybean,Zaid,3.63,2,0.508,0,None,3,50267,4,4,172017
HH4126,Punjab,Rice,Kharif,2.96,2,0.461,0,None,3,44823,7,19,153960
HH4127,Punjab,Soybean,Kharif,1.39,2,0.543,1,Tubewell,2,17601,5,21,87255
HH4128,Gujarat,Sugarcane,Rabi,0.99,2,0.538,1,Canal,2,12499,3,37,138240
HH4129,Madhya Pradesh,Sugarcane,Rabi,3.02,3,0.629,0,None,2,65486,6,43,194647
HH4130,Uttar Pradesh,Maize,Kharif,2.4,2,0.51,1,Drip,2,63709,4,18,105065
HH4131,Madhya Pradesh,Groundnut,Kharif,0.8,6,0.815,1,Tubewell,2,23087,4,42,103049
HH4132,Maharashtra,Groundnut,Kharif,0.69,3,0.671,1,Tubewell,1,19526,4,36,60436
HH4133,Punjab,Rice,Kharif,0.23,1,0.032,0,None,3,3000,2,37,55141
HH4134,Punjab,Groundnut,Rabi,1.54,2,0.564,0,None,3,13861,6,15,98899
HH4135,Tamil Nadu,Vegetables,Kharif,1.26,4,0.773,1,Tubewell,1,23933,5,38,95910
HH4136,Uttar Pradesh,Rice,Kharif,3.55,1,0.009,1,Drip,2,51483,8,2,133898
HH4137,Haryana,Wheat,Rabi,1.83,3,0.657,1,Canal,2,43547,5,42,124673
HH4138,Madhya Pradesh,Vegetables,Rabi,4.2,3,0.672,0,None,3,78183,6,31,288920
HH4139,Punjab,Sugarcane,Kharif,0.75,1,0.041,1,Tubewell,2,25586,8,6,72027
HH4140,Andhra Pradesh,Soybean,Kharif,3.55,4,0.749,1,Canal,2,99422,2,19,140688
HH4141,Rajasthan,Sugarcane,Rabi,0.86,2,0.473,0,None,1,19810,3,38,67161
HH4142,Uttar Pradesh,Millets,Kharif,2.61,2,0.451,0,None,2,50848,4,15,93884
HH4143,Uttar Pradesh,Pulses,Rabi,0.39,4,0.765,1,Tubewell,2,7980,6,33,62643
HH4144,West Bengal,Wheat,Kharif,1.65,3,0.674,1,Tubewell,1,28204,6,40,79805
HH4145,Gujarat,Cotton,Kharif,0.25,4,0.731,0,None,2,3975,4,26,73149
HH4146,Punjab,Cotton,Kharif,1.08,3,0.698,1,Sprinkler,2,22245,4,30,111187
HH4147,Uttar Pradesh,Rice,Kharif,1.96,3,0.654,1,Tank,3,47520,6,11,144788
HH4148,Rajasthan,Cotton,Kharif,0.87,4,0.746,1,Drip,2,17467,5,1,96988
HH4149,Haryana,Vegetables,Rabi,0.55,1,0.0,1,Canal,2,10744,2,14,81446
HH4150,Bihar,Vegetables,Rabi,2.77,4,0.739,1,Canal,3,86319,6,10,216566
HH4151,Uttar Pradesh,Pulses,Rabi,1.24,3,0.674,0,None,3,14787,7,17,94591
HH4152,Uttar Pradesh,Rice,Rabi,0.89,1,0.035,0,None,2,12563,2,11,41475
HH4153,Haryana,Vegetables,Rabi,1.4,3,0.633,1,Tank,2,39074,4,42,132494
HH4154,Rajasthan,Sugarcane,Rabi,12.69,1,0.015,0,None,3,112668,6,15,600000
HH4155,Madhya Pradesh,Wheat,Rabi,3.6,3,0.672,1,Tubewell,2,57602,5,12,164150
HH4156,Uttar Pradesh,Sugarcane,Kharif,3.63,3,0.672,1,Tank,3,105147,8,3,261420
HH4157,Andhra Pradesh,Vegetables,Kharif,1.95,5,0.826,0,None,1,44883,7,22,91004
HH4158,West Bengal,Cotton,Zaid,1.56,1,0.001,1,Tubewell,3,31120,4,26,136891
HH4159,Gujarat,Millets,Rabi,0.18,3,0.681,1,Tank,2,11852,5,39,55420
HH4160,Tamil Nadu,Maize,Rabi,0.76,2,0.521,0,None,1,18093,5,43,42155
HH4161,Andhra Pradesh,Sugarcane,Rabi,0.9,3,0.652,0,None,3,13211,3,23,123104
HH4162,Uttar Pradesh,Wheat,Rabi,0.27,3,0.676,1,Tank,2,3000,3,16,52984
HH4163,Andhra Pradesh,Rice,Kharif,0.5,3,0.659,0,None,2,5065,5,3,45095
HH4164,Rajasthan,Maize,Zaid,0.25,4,0.746,1,Drip,2,5322,4,30,53870
HH4165,Tamil Nadu,Maize,Rabi,1.31,4,0.74,0,None,1,36232,5,13,43117
HH4166,Rajasthan,Sugarcane,Rabi,2.71,1,0.014,0,None,1,31197,4,8,108561
HH4167,Madhya Pradesh,Maize,Kharif,3.46,2,0.502,0,None,2,36813,5,24,138273
HH4168,Uttar Pradesh,Vegetables,Zaid,1.92,3,0.679,1,Canal,1,39686,4,5,112331
HH4169,Madhya Pradesh,Wheat,Rabi,0.6,2,0.499,0,None,2,6298,7,7,38288
HH4170,Uttar Pradesh,Maize,Rabi,0.26,1,0.0,0,None,3,3000,4,27,37091
HH4171,Maharashtra,Soybean,Kharif,0.3,3,0.668,1,Tubewell,1,4605,6,12,61540
HH4172,Gujarat,Wheat,Rabi,0.46,2,0.502,0,None,1,4254,4,41,42816
HH4173,Karnataka,Pulses,Kharif,0.63,2,0.507,0,None,3,3665,5,25,65077
HH4174,Andhra Pradesh,Groundnut,Rabi,1.18,4,0.732,0,None,3,23662,4,42,90306
HH4175,West Bengal,Rice,Rabi,0.57,2,0.464,0,None,1,10739,6,33,39878
HH4176,Gujarat,Vegetables,Kharif,1.8,1,0.019,1,Tank,1,31799,6,15,80739
HH4177,Tamil Nadu,Pulses,Rabi,1.11,1,0.0,0,None,2,22071,6,31,29508
HH4178,Bihar,Vegetables,Kharif,1.36,4,0.755,0,None,2,19468,5,11,108956
HH4179,Madhya Pradesh,Cotton,Rabi,3.56,5,0.792,1,Tank,3,98303,4,36,263360
HH4180,Madhya Pradesh,Millets,Rabi,0.5,3,0.667,1,Canal,2,15735,5,6,37620
HH4181,Rajasthan,Rice,Kharif,1.93,2,0.487,1,Tubewell,3,45089,7,26,125860
HH4182,Punjab,Maize,Rabi,1.33,5,0.771,1,Sprinkler,2,40323,5,8,74639
HH4183,Punjab,Rice,Rabi,1.02,3,0.681,1,Tubewell,1,13901,7,39,88607
HH4184,Madhya Pradesh,Cotton,Zaid,2.86,4,0.732,1,Sprinkler,2,36231,4,37,197301
HH4185,Uttar Pradesh,Pulses,Kharif,2.85,4,0.755,1,Sprinkler,2,46775,6,37,139255
HH4186,Punjab,Vegetables,Rabi,0.6,2,0.512,1,Tank,1,17963,6,30,81630
HH4187,Uttar Pradesh,Vegetables,Kharif,1.16,2,0.482,1,Canal,1,28553,6,38,105059
HH4188,Tamil Nadu,Cotton,Rabi,1.71,1,0.0,0,None,1,25624,6,16,66858
HH4189,Haryana,Pulses,Rabi,1.07,2,0.573,1,Canal,2,16441,5,15,78564
HH4190,Haryana,Cotton,Rabi,2.22,4,0.734,1,Canal,2,37897,5,38,166000
HH4191,Bihar,Rice,Kharif,1.71,4,0.769,1,Tank,1,38212,7,8,59558
HH4192,West Bengal,Soybean,Zaid,6.41,3,0.725,0,None,2,98169,4,35,229519
HH4193,Andhra Pradesh,Cotton,Zaid,0.37,2,0.524,0,None,2,10881,7,9,42823
HH4194,Haryana,Rice,Kharif,1.22,1,0.0,0,None,3,21305,2,21,51354
HH4195,Tamil Nadu,Pulses,Rabi,0.62,1,0.0,1,Tubewell,3,18787,2,41,67306
HH4196,Maharashtra,Soybean,Rabi,2.26,2,0.475,0,None,3,36895,5,5,110857
HH4197,Uttar Pradesh,Millets,Kharif,0.34,2,0.526,0,None,3,10342,6,19,53506
HH4198,Madhya Pradesh,Maize,Rabi,1.81,3,0.684,0,None,2,29406,4,16,83821
HH4199,Karnataka,Rice,Rabi,0.79,1,0.0,0,None,2,7786,5,18,37998
HH4200,Tamil Nadu,Rice,Rabi,0.72,6,0.802,1,Canal,2,17904,5,12,64211
HH4201,West Bengal,Pulses,Rabi,0.39,2,0.46,1,Tubewell,2,5386,4,16,52565
HH4202,Maharashtra,Rice,Kharif,0.91,4,0.78,0,None,1,18623,4,5,43932
HH4203,Uttar Pradesh,Maize,Rabi,3.39,3,0.671,1,Tubewell,2,100917,3,3,128670
HH4204,Gujarat,Wheat,Rabi,1.32,1,0.006,0,None,1,16480,5,7,48762
HH4205,Uttar Pradesh,Soybean,Rabi,2.3,4,0.725,0,None,1,51796,5,32,63285
HH4206,Karnataka,Wheat,Rabi,5.56,3,0.623,1,Sprinkler,1,77205,4,31,192590
HH4207,Tamil Nadu,Rice,Kharif,1.69,3,0.696,1,Drip,3,43541,8,14,126285
HH4208,Andhra Pradesh,Groundnut,Rabi,0.84,3,0.668,1,Drip,1,27498,6,24,54655
HH4209,Uttar Pradesh,Wheat,Kharif,2.01,1,0.027,1,Canal,3,40555,5,33,140098
HH4210,Uttar Pradesh,Maize,Rabi,0.85,3,0.655,1,Tank,1,27066,5,5,61132
HH4211,Uttar Pradesh,Vegetables,Rabi,0.88,5,0.793,0,None,2,19675,4,8,79088
HH4212,Tamil Nadu,Groundnut,Kharif,0.37,1,0.021,0,None,2,3000,5,2,25096
HH4213,Andhra Pradesh,Cotton,Kharif,2.97,2,0.522,0,None,2,30259,7,39,165261
HH4214,Maharashtra,Groundnut,Rabi,0.97,5,0.824,1,Canal,3,29200,7,38,108914
HH4215,Punjab,Pulses,Zaid,1.58,2,0.491,0,None,1,29418,3,42,48589
HH4216,Bihar,Maize,Kharif,0.56,3,0.685,0,None,1,5140,3,35,30842
HH4217,Uttar Pradesh,Groundnut,Kharif,1.96,3,0.7,1,Tubewell,2,46067,8,38,111944
HH4218,Andhra Pradesh,Vegetables,Kharif,0.71,3,0.664,0,None,3,14336,4,34,126038
HH4219,Punjab,Vegetables,Kharif,1.2,2,0.485,0,None,3,16068,5,30,123456
HH4220,Madhya Pradesh,Cotton,Zaid,2.85,2,0.54,0,None,3,31371,3,23,199137
HH4221,Madhya Pradesh,Millets,Rabi,2.64,1,0.0,0,None,2,33482,6,4,66769
HH4222,Tamil Nadu,Rice,Rabi,1.32,3,0.686,1,Canal,2,27012,3,35,98020
HH4223,West Bengal,Millets,Rabi,0.3,3,0.665,1,Canal,2,6863,5,14,41969
HH4224,Bihar,Wheat,Kharif,15.0,3,0.612,0,None,2,192539,3,22,535227
HH4225,Tamil Nadu,Sugarcane,Rabi,5.95,3,0.701,0,None,1,68546,3,30,258417
HH4226,Haryana,Pulses,Rabi,2.49,2,0.417,1,Canal,2,52332,5,3,98539
HH4227,Rajasthan,Wheat,Rabi,0.71,1,0.0,1,Tubewell,1,14961,2,11,49998
HH4228,Punjab,Wheat,Kharif,1.23,4,0.766,1,Tubewell,2,29907,4,10,105922
HH4229,Karnataka,Soybean,Kharif,0.85,2,0.516,0,None,2,13862,3,3,62491
HH4230,Maharashtra,Groundnut,Rabi,3.95,2,0.481,0,None,2,82700,2,41,153291
HH4231,Haryana,Rice,Kharif,1.69,1,0.004,1,Canal,2,32986,8,5,81900
HH4232,Andhra Pradesh,Sugarcane,Zaid,0.69,1,0.0,1,Tubewell,1,13124,5,15,58695
HH4233,Rajasthan,Sugarcane,Rabi,0.9,2,0.521,0,None,1,4182,6,6,66218
HH4234,Gujarat,Wheat,Kharif,3.5,4,0.757,0,None,1,81180,4,4,95532
HH4235,Uttar Pradesh,Maize,Rabi,5.26,5,0.799,0,None,1,126533,2,23,120231
HH4236,Madhya Pradesh,Rice,Rabi,4.95,4,0.751,0,None,1,73328,5,1,124614
HH4237,Uttar Pradesh,Wheat,Kharif,2.57,5,0.815,1,Sprinkler,3,41467,2,34,197686
HH4238,Bihar,Groundnut,Kharif,1.09,5,0.799,1,Canal,2,31022,5,15,86114
HH4239,Haryana,Pulses,Kharif,0.1,3,0.611,0,None,2,3000,3,4,21084
HH4240,Rajasthan,Maize,Kharif,1.74,2,0.566,0,None,2,19632,5,27,100840
HH4241,Punjab,Rice,Rabi,1.35,4,0.786,1,Canal,3,33575,7,13,113704
HH4242,Rajasthan,Soybean,Rabi,1.52,2,0.461,0,None,1,25508,7,40,72158
HH4243,Bihar,Pulses,Kharif,1.41,2,0.49,1,Tubewell,3,33510,5,32,102057
HH4244,Karnataka,Sugarcane,Rabi,0.44,2,0.493,1,Sprinkler,3,3300,5,9,112056
HH4245,Karnataka,Sugarcane,Rabi,2.17,3,0.699,1,Canal,1,60586,2,37,135310
HH4246,Gujarat,Millets,Rabi,2.31,2,0.435,1,Tank,2,43385,6,25,92552
HH4247,Madhya Pradesh,Soybean,Rabi,2.41,1,0.0,1,Tubewell,1,49902,7,3,58723
HH4248,Uttar Pradesh,Vegetables,Kharif,3.02,2,0.447,1,Tubewell,1,58578,5,39,155305
HH4249,Tamil Nadu,Soybean,Kharif,2.26,4,0.741,0,None,2,50960,6,40,97028
HH4250,Gujarat,Wheat,Kharif,0.95,3,0.653,1,Canal,3,20676,6,16,96509
HH4251,Rajasthan,Wheat,Rabi,1.27,4,0.752,0,None,2,19987,6,17,65543
HH4252,Uttar Pradesh,Soybean,Rabi,1.46,1,0.0,0,None,2,18166,6,27,66126
HH4253,Rajasthan,Sugarcane,Zaid,1.48,1,0.0,0,None,2,27595,4,10,65969
HH4254,Andhra Pradesh,Cotton,Rabi,3.15,3,0.686,1,Drip,2,97720,6,1,161110
HH4255,Maharashtra,Rice,Kharif,2.33,2,0.514,0,None,2,33743,3,29,114358
HH4256,Punjab,Pulses,Rabi,7.89,3,0.684,1,Canal,3,173715,6,18,298542
HH4257,Gujarat,Pulses,Kharif,8.81,4,0.745,1,Tubewell,2,200000,2,32,258567
HH4258,Karnataka,Sugarcane,Rabi,1.44,4,0.733,0,None,2,32310,7,37,125197
HH4259,Rajasthan,Groundnut,Kharif,0.1,5,0.796,1,Canal,2,3000,6,43,49579
HH4260,Rajasthan,Rice,Kharif,3.86,2,0.515,1,Tubewell,3,54947,5,33,222107
HH4261,Uttar Pradesh,Sugarcane,Kharif,0.85,2,0.435,1,Sprinkler,3,16634,3,22,132813
HH4262,West Bengal,Cotton,Zaid,0.68,3,0.679,0,None,1,11037,6,43,74224
HH4263,Karnataka,Soybean,Rabi,0.96,1,0.009,1,Drip,2,14384,6,11,73234
HH4264,Rajasthan,Sugarcane,Kharif,0.92,2,0.502,1,Canal,2,17889,5,37,122402
HH4265,Punjab,Sugarcane,Kharif,2.27,2,0.496,0,None,3,24695,8,29,190573
HH4266,Karnataka,Wheat,Kharif,0.36,2,0.423,0,None,2,10364,3,20,41750
HH4267,Punjab,Rice,Kharif,0.54,1,0.0,1,Tubewell,1,10983,6,22,46231
HH4268,Uttar Pradesh,Pulses,Kharif,1.81,1,0.054,1,Tubewell,2,42374,5,32,88841
HH4269,Bihar,Rice,Rabi,2.29,3,0.667,0,None,2,47767,3,8,77525
HH4270,Gujarat,Wheat,Rabi,2.33,3,0.658,0,None,2,49580,5,22,96833
HH4271,Punjab,Sugarcane,Zaid,0.69,3,0.668,1,Canal,1,10604,6,15,84801
HH4272,Gujarat,Wheat,Kharif,0.59,3,0.678,0,None,1,9412,3,35,36978
HH4273,Maharashtra,Maize,Rabi,0.88,1,0.02,1,Tubewell,1,10797,6,16,48106
HH4274,Karnataka,Sugarcane,Kharif,1.66,2,0.493,0,None,2,33032,3,44,135416
HH4275,Tamil Nadu,Wheat,Kharif,4.77,1,0.013,1,Canal,2,120243,5,29,184194
HH4276,Tamil Nadu,Rice,Kharif,0.24,4,0.8,0,None,3,7952,6,34,72441
HH4277,Rajasthan,Rice,Zaid,1.12,3,0.697,1,Tubewell,2,26660,3,20,82627
HH4278,Rajasthan,Sugarcane,Zaid,0.43,2,0.57,1,Drip,1,8022,5,13,54068
HH4279,Uttar Pradesh,Vegetables,Rabi,0.33,2,0.48,1,Canal,3,6340,5,13,115526
HH4280,Rajasthan,Rice,Kharif,3.07,5,0.85,1,Canal,3,59473,5,31,180004
HH4281,Maharashtra,Soybean,Rabi,2.14,3,0.643,0,None,2,40314,5,21,94145
HH4282,Haryana,Vegetables,Rabi,1.98,4,0.761,0,None,2,28114,4,30,138640
HH4283,Maharashtra,Wheat,Kharif,2.95,2,0.522,1,Canal,3,81713,4,25,188155
HH4284,Uttar Pradesh,Soybean,Kharif,0.9,2,0.485,1,Tank,1,12519,6,30,59681
HH4285,Andhra Pradesh,Soybean,Rabi,0.93,4,0.753,1,Drip,3,14258,3,10,93304
HH4286,Tamil Nadu,Groundnut,Rabi,8.65,3,0.694,0,None,3,176741,3,7,351243
HH4287,West Bengal,Pulses,Rabi,1.09,3,0.646,1,Canal,2,15165,3,34,92087
HH4288,Tamil Nadu,Cotton,Rabi,2.52,3,0.717,1,Tubewell,2,37916,3,4,169771
HH4289,Rajasthan,Wheat,Rabi,1.36,3,0.625,0,None,1,27653,2,22,63550
HH4290,Bihar,Maize,Rabi,0.28,3,0.725,1,Canal,3,9721,3,29,83949
HH4291,Andhra Pradesh,Rice,Rabi,0.24,2,0.53,0,None,3,3000,4,4,39178
HH4292,Uttar Pradesh,Wheat,Kharif,0.83,2,0.497,1,Tubewell,2,23745,4,1,61473
HH4293,Tamil Nadu,Pulses,Rabi,3.31,4,0.738,0,None,1,75414,3,23,89152
HH4294,West Bengal,Maize,Kharif,2.64,2,0.485,0,None,2,40131,3,23,115738
HH4295,Rajasthan,Cotton,Kharif,2.94,3,0.663,0,None,3,48095,5,6,182367
HH4296,Madhya Pradesh,Wheat,Kharif,0.58,3,0.666,1,Tubewell,3,6536,6,5,78639
HH4297,Maharashtra,Wheat,Rabi,5.33,6,0.871,1,Tank,1,132648,5,23,162181
HH4298,Maharashtra,Wheat,Kharif,0.59,2,0.559,0,None,2,6243,5,38,65107
HH4299,Karnataka,Vegetables,Zaid,1.62,2,0.506,1,Canal,1,25389,5,7,100342
HH4300,Tamil Nadu,Millets,Rabi,1.34,4,0.725,1,Tubewell,3,29567,5,5,98017
HH4301,Uttar Pradesh,Maize,Zaid,1.16,4,0.734,1,Drip,2,19302,7,33,88078
HH4302,Gujarat,Rice,Kharif,4.21,3,0.662,0,None,3,82457,5,26,215351
HH4303,Bihar,Groundnut,Rabi,0.74,2,0.469,0,None,1,13492,3,21,50589
HH4304,Tamil Nadu,Pulses,Zaid,0.43,2,0.465,1,Sprinkler,1,9130,5,34,49829
HH4305,Bihar,Pulses,Kharif,1.37,3,0.73,0,None,2,15750,5,26,71806
HH4306,Uttar Pradesh,Soybean,Kharif,0.96,4,0.759,1,Tubewell,3,16197,5,10,78625
HH4307,Karnataka,Sugarcane,Rabi,15.0,4,0.725,0,None,1,200000,5,2,567264
HH4308,Punjab,Soybean,Kharif,2.4,1,0.024,0,None,2,24288,5,20,93901
HH4309,Bihar,Rice,Kharif,0.95,2,0.465,0,None,2,19251,2,14,60834
HH4310,Bihar,Soybean,Zaid,0.55,2,0.467,1,Drip,3,8338,5,7,73836
HH4311,Madhya Pradesh,Groundnut,Rabi,0.27,6,0.809,0,None,2,4132,6,10,43283
HH4312,Gujarat,Groundnut,Kharif,0.56,3,0.717,0,None,1,8524,5,31,57333
HH4313,Uttar Pradesh,Maize,Kharif,1.49,2,0.492,1,Tubewell,2,31326,3,8,74262
HH4314,West Bengal,Groundnut,Kharif,4.54,1,0.0,1,Tubewell,3,78507,6,1,197494
HH4315,Gujarat,Soybean,Kharif,3.5,3,0.703,1,Tank,3,43071,7,29,185133
HH4316,Maharashtra,Rice,Kharif,1.64,1,0.0,1,Tank,2,22043,6,31,101445
HH4317,Haryana,Pulses,Kharif,1.03,4,0.695,0,None,3,16552,4,8,64254
HH4318,Uttar Pradesh,Soybean,Kharif,1.7,4,0.74,0,None,1,18757,5,16,62909
HH4319,Rajasthan,Groundnut,Zaid,0.87,2,0.516,1,Drip,2,21483,5,19,80790
HH4320,Andhra Pradesh,Cotton,Rabi,5.82,2,0.512,1,Tubewell,3,100473,6,26,377554
HH4321,Tamil Nadu,Pulses,Kharif,1.15,4,0.804,1,Sprinkler,1,17071,5,10,61551
HH4322,Gujarat,Sugarcane,Rabi,1.25,2,0.474,0,None,3,17018,4,18,120456
HH4323,Punjab,Soybean,Kharif,0.21,2,0.501,0,None,2,4962,6,2,31407
HH4324,Karnataka,Millets,Rabi,1.14,5,0.779,0,None,2,16659,6,37,58862
HH4325,Bihar,Pulses,Rabi,2.75,4,0.704,1,Canal,1,44934,4,29,97039
HH4326,Gujarat,Soybean,Zaid,0.54,4,0.777,0,None,2,5133,3,2,35816
HH4327,Uttar Pradesh,Rice,Kharif,0.71,1,0.014,0,None,2,5719,5,3,29169
HH4328,Gujarat,Millets,Kharif,2.65,1,0.009,0,None,2,49024,4,24,97396
HH4329,Uttar Pradesh,Millets,Kharif,0.38,1,0.013,0,None,1,8871,6,9,21032
HH4330,Bihar,Rice,Kharif,3.32,2,0.479,0,None,3,36706,4,43,181942
HH4331,Madhya Pradesh,Sugarcane,Rabi,0.86,4,0.72,0,None,1,17522,4,14,59202
HH4332,Uttar Pradesh,Maize,Rabi,0.97,2,0.501,1,Canal,3,18473,6,43,114346
HH4333,Karnataka,Rice,Zaid,0.52,3,0.702,0,None,2,13846,5,11,43768
HH4334,Punjab,Wheat,Kharif,1.86,2,0.548,1,Drip,2,55735,3,43,123796
HH4335,Rajasthan,Maize,Rabi,10.92,2,0.524,0,None,2,106052,5,24,359877
HH4336,Uttar Pradesh,Millets,Kharif,2.62,6,0.834,0,None,2,48568,6,14,92763
HH4337,Tamil Nadu,Rice,Zaid,0.65,2,0.508,1,Tubewell,3,13311,4,18,83553
HH4338,West Bengal,Pulses,Kharif,3.54,2,0.5,1,Tank,3,89149,8,36,175901
HH4339,Rajasthan,Pulses,Rabi,1.03,2,0.469,1,Tubewell,2,17098,4,13,71026
HH4340,Maharashtra,Vegetables,Kharif,4.34,1,0.001,1,Tubewell,2,88290,7,34,235794
HH4341,Karnataka,Cotton,Kharif,2.68,2,0.46,1,Drip,2,40010,4,19,170552
HH4342,Uttar Pradesh,Sugarcane,Rabi,0.11,2,0.496,0,None,3,3000,5,41,83883
HH4343,Bihar,Cotton,Rabi,0.57,3,0.716,1,Drip,3,14163,5,11,102587
HH4344,Bihar,Millets,Rabi,3.01,4,0.775,1,Tubewell,2,58393,8,26,119278
HH4345,Tamil Nadu,Maize,Kharif,1.54,3,0.639,0,None,2,26624,4,5,70336
HH4346,Rajasthan,Rice,Kharif,0.57,1,0.0,0,None,1,9259,4,21,24593
HH4347,Bihar,Wheat,Kharif,0.79,3,0.642,1,Canal,3,25409,6,9,113402
HH4348,Andhra Pradesh,Sugarcane,Rabi,0.27,1,0.0,0,None,3,3860,2,12,49563
HH4349,Bihar,Millets,Kharif,1.25,3,0.698,0,None,3,12630,7,1,88927
HH4350,Punjab,Maize,Zaid,8.84,3,0.687,1,Drip,2,160690,3,14,280259
HH4351,Bihar,Soybean,Rabi,2.68,1,0.075,1,Tubewell,2,46789,5,26,110658
HH4352,Tamil Nadu,Rice,Rabi,8.69,4,0.786,1,Canal,2,200000,6,7,290294
HH4353,Karnataka,Pulses,Rabi,2.86,5,0.806,0,None,2,46949,4,16,123362
HH4354,Gujarat,Maize,Rabi,3.23,4,0.77,1,Tubewell,2,73983,6,15,119172
HH4355,Andhra Pradesh,Pulses,Kharif,7.23,2,0.494,0,None,3,114072,5,4,283597
HH4356,Tamil Nadu,Sugarcane,Kharif,1.86,3,0.633,0,None,1,15643,4,30,114443
HH4357,Maharashtra,Soybean,Kharif,1.15,5,0.839,1,Canal,1,32166,4,23,68036
HH4358,Tamil Nadu,Sugarcane,Kharif,3.25,2,0.53,0,None,3,43133,3,22,243494
HH4359,Tamil Nadu,Rice,Kharif,4.64,4,0.743,0,None,3,105298,5,15,213604
HH4360,Maharashtra,Wheat,Rabi,0.9,1,0.008,1,Tank,2,19741,4,17,64829
HH4361,Uttar Pradesh,Rice,Kharif,0.73,1,0.037,1,Tubewell,3,9311,4,2,66771
HH4362,Tamil Nadu,Sugarcane,Rabi,1.52,4,0.775,1,Tank,3,36961,7,8,181669
HH4363,Bihar,Soybean,Rabi,2.74,4,0.706,1,Tubewell,2,75539,4,6,114370
HH4364,Andhra Pradesh,Wheat,Rabi,2.66,4,0.757,1,Tank,1,42063,6,39,112750
HH4365,Maharashtra,Sugarcane,Kharif,0.4,5,0.795,0,None,3,15048,8,28,101783
HH4366,Punjab,Sugarcane,Rabi,6.85,1,0.033,1,Canal,3,101290,6,5,437293
HH4367,Uttar Pradesh,Maize,Rabi,0.78,2,0.531,0,None,2,14513,2,21,49577
HH4368,Karnataka,Wheat,Kharif,1.08,5,0.84,0,None,1,31416,6,20,38620
HH4369,Maharashtra,Maize,Zaid,0.63,1,0.0,1,Canal,3,14359,4,43,76763
HH4370,Maharashtra,Cotton,Kharif,13.38,3,0.643,0,None,3,200000,4,34,600000
HH4371,Maharashtra,Wheat,Kharif,1.66,3,0.7,0,None,1,17909,8,7,70491
HH4372,Rajasthan,Maize,Kharif,0.65,1,0.0,0,None,1,6653,4,30,26854
HH4373,Uttar Pradesh,Rice,Kharif,2.81,2,0.454,0,None,3,44540,5,30,175895
HH4374,Rajasthan,Pulses,Rabi,2.6,3,0.683,1,Canal,1,56082,4,15,72064
HH4375,Andhra Pradesh,Pulses,Kharif,1.15,4,0.734,1,Tubewell,2,22165,4,27,73693
HH4376,Karnataka,Soybean,Rabi,2.76,3,0.721,1,Canal,2,82409,5,9,108940
HH4377,Rajasthan,Wheat,Rabi,0.67,3,0.676,1,Tubewell,1,10086,7,27,65761
HH4378,West Bengal,Soybean,Rabi,0.89,2,0.505,1,Tubewell,1,18786,4,2,45278
HH4379,Maharashtra,Maize,Kharif,0.24,2,0.489,1,Tubewell,2,6803,4,36,55405
HH4380,Andhra Pradesh,Cotton,Rabi,0.44,1,0.048,1,Tubewell,2,8803,2,27,58934
HH4381,Uttar Pradesh,Wheat,Kharif,6.27,2,0.511,1,Canal,3,122275,4,40,325738
HH4382,Uttar Pradesh,Rice,Rabi,5.45,1,0.0,1,Drip,2,90714,4,25,225778
HH4383,Tamil Nadu,Wheat,Zaid,1.43,2,0.476,1,Tubewell,2,37863,3,36,91165
HH4384,Tamil Nadu,Soybean,Kharif,5.55,2,0.498,1,Tank,2,99676,5,40,215426
HH4385,West Bengal,Pulses,Kharif,1.18,2,0.471,1,Tubewell,1,21504,3,7,65395
HH4386,Andhra Pradesh,Cotton,Rabi,1.1,1,0.031,0,None,1,21827,5,13,45137
HH4387,Gujarat,Rice,Kharif,1.42,3,0.613,1,Tank,3,25275,4,37,134754
HH4388,Uttar Pradesh,Rice,Kharif,1.21,3,0.663,1,Tubewell,1,33914,7,20,63214
HH4389,Uttar Pradesh,Cotton,Kharif,1.12,1,0.018,1,Tank,2,23373,4,22,104354
HH4390,Uttar Pradesh,Wheat,Kharif,3.57,5,0.81,1,Canal,3,99106,3,18,211470
HH4391,Maharashtra,Wheat,Kharif,1.53,1,0.0,0,None,2,25677,6,11,73578
HH4392,Andhra Pradesh,Wheat,Kharif,2.47,4,0.77,0,None,2,61596,4,6,104230
HH4393,Punjab,Soybean,Rabi,3.24,1,0.0,0,None,3,43768,6,4,143925
HH4394,Uttar Pradesh,Soybean,Rabi,1.88,4,0.749,1,Drip,3,55332,4,3,119741
HH4395,Gujarat,Pulses,Zaid,0.59,1,0.02,0,None,3,6311,5,6,47598
HH4396,West Bengal,Soybean,Rabi,0.43,4,0.764,1,Sprinkler,2,14952,5,15,58919
HH4397,Madhya Pradesh,Rice,Kharif,1.53,2,0.48,1,Canal,3,24912,5,3,125071
HH4398,Uttar Pradesh,Groundnut,Kharif,1.17,3,0.703,1,Tubewell,3,18163,4,17,120981
HH4399,Maharashtra,Wheat,Rabi,1.45,2,0.503,1,Sprinkler,2,20461,5,30,101808
HH4400,Uttar Pradesh,Maize,Zaid,1.33,1,0.022,1,Tubewell,2,20219,5,22,82814
HH4401,Uttar Pradesh,Rice,Rabi,12.13,4,0.796,1,Canal,1,185556,4,2,326418
HH4402,Andhra Pradesh,Rice,Kharif,0.44,1,0.034,1,Drip,2,5695,5,16,41028
HH4403,Madhya Pradesh,Sugarcane,Rabi,0.25,5,0.834,1,Canal,2,3000,6,22,92836
HH4404,Rajasthan,Rice,Rabi,1.79,1,0.006,0,None,2,25898,6,11,68527
HH4405,Gujarat,Wheat,Kharif,0.98,2,0.524,0,None,1,13654,5,36,45531
HH4406,Punjab,Wheat,Rabi,1.77,3,0.673,1,Sprinkler,2,28251,2,12,115424
HH4407,Gujarat,Groundnut,Kharif,2.22,2,0.464,1,Canal,2,43048,6,40,126117
HH4408,Maharashtra,Wheat,Kharif,4.02,2,0.509,1,Canal,2,73790,7,35,185329
HH4409,Rajasthan,Sugarcane,Kharif,0.37,4,0.758,0,None,2,13515,5,43,86828
HH4410,Andhra Pradesh,Vegetables,Kharif,0.84,4,0.768,0,None,3,22425,5,41,122509
HH4411,Uttar Pradesh,Wheat,Rabi,1.94,5,0.796,1,Canal,2,35438,5,15,107906
HH4412,Uttar Pradesh,Vegetables,Rabi,2.6,2,0.477,0,None,2,50983,5,44,157142
HH4413,Punjab,Vegetables,Kharif,8.71,3,0.687,0,None,2,114336,8,42,435965
HH4414,Punjab,Millets,Kharif,3.04,2,0.461,0,None,3,60605,3,21,122070
HH4415,Karnataka,Sugarcane,Kharif,1.29,2,0.544,1,Tubewell,2,21885,2,4,120169
HH4416,Karnataka,Cotton,Rabi,0.63,4,0.743,1,Tank,3,20089,8,7,127373
HH4417,Karnataka,Groundnut,Kharif,0.84,2,0.507,1,Canal,1,15510,5,29,47519
HH4418,Uttar Pradesh,Rice,Rabi,0.82,2,0.517,1,Canal,2,8408,5,41,94070
HH4419,Rajasthan,Rice,Zaid,2.36,2,0.518,1,Tubewell,1,46963,6,6,77327
HH4420,Maharashtra,Wheat,Rabi,1.68,3,0.625,1,Sprinkler,1,37917,6,39,90453
HH4421,Uttar Pradesh,Groundnut,Kharif,0.44,5,0.825,1,Tubewell,2,3000,5,17,68071
HH4422,Gujarat,Rice,Kharif,0.93,3,0.676,0,None,3,8188,5,36,97930
HH4423,Tamil Nadu,Soybean,Kharif,2.85,2,0.481,0,None,2,59166,5,2,111963
HH4424,Haryana,Wheat,Kharif,1.82,4,0.728,1,Tubewell,2,28700,6,17,105027
HH4425,Madhya Pradesh,Soybean,Rabi,2.19,3,0.657,0,None,3,35138,6,29,132037
HH4426,Rajasthan,Sugarcane,Kharif,1.87,1,0.0,1,Tubewell,1,30488,3,27,108637
HH4427,Maharashtra,Rice,Kharif,5.38,1,0.052,1,Canal,2,114364,4,7,193861
HH4428,Uttar Pradesh,Wheat,Rabi,1.65,1,0.045,1,Tubewell,2,22715,4,11,91892
HH4429,Maharashtra,Wheat,Rabi,0.97,2,0.514,1,Tubewell,2,28885,5,26,109717
HH4430,Bihar,Rice,Kharif,0.62,4,0.743,0,None,2,12647,4,39,73583
HH4431,Punjab,Sugarcane,Rabi,1.67,2,0.494,0,None,1,18685,4,32,102922
HH4432,Andhra Pradesh,Millets,Rabi,0.17,2,0.523,1,Sprinkler,2,3000,2,23,51227
HH4433,Karnataka,Soybean,Rabi,1.15,5,0.853,0,None,3,25105,6,40,105784
HH4434,Gujarat,Vegetables,Rabi,1.13,4,0.733,0,None,3,12134,4,7,123375
HH4435,Uttar Pradesh,Millets,Kharif,0.42,3,0.633,1,Tank,2,6241,4,1,50510
HH4436,Madhya Pradesh,Maize,Rabi,0.61,2,0.546,1,Drip,2,12880,5,25,55704
HH4437,Rajasthan,Wheat,Rabi,2.69,1,0.0,1,Tubewell,1,51357,3,31,100994
HH4438,Bihar,Pulses,Rabi,1.64,1,0.0,1,Tubewell,2,29436,4,6,76232
HH4439,Gujarat,Soybean,Kharif,1.47,1,0.0,0,None,3,28930,6,28,84446
HH4440,Madhya Pradesh,Millets,Kharif,1.75,2,0.453,1,Canal,2,42591,6,31,85420
HH4441,West Bengal,Soybean,Kharif,1.46,3,0.7,0,None,3,22890,6,36,114527
HH4442,West Bengal,Vegetables,Rabi,3.88,1,0.026,1,Drip,2,68322,5,16,215551
HH4443,Maharashtra,Pulses,Rabi,1.5,1,0.0,0,None,2,31435,4,15,53201
HH4444,Rajasthan,Groundnut,Kharif,0.39,1,0.038,1,Tubewell,1,4103,6,22,40956
HH4445,Rajasthan,Maize,Kharif,5.4,3,0.71,1,Tank,3,110079,4,18,262154
HH4446,Gujarat,Sugarcane,Kharif,1.85,3,0.664,1,Canal,3,30509,6,8,204070
HH4447,Maharashtra,Vegetables,Rabi,0.82,3,0.653,1,Drip,2,12237,7,10,95073
HH4448,Bihar,Vegetables,Zaid,0.47,2,0.568,0,None,1,10837,4,37,50442
HH4449,Rajasthan,Cotton,Rabi,1.89,2,0.522,0,None,3,36045,4,39,164489
HH4450,Haryana,Sugarcane,Rabi,1.22,1,0.008,1,Drip,2,19244,5,6,103060
HH4451,Karnataka,Soybean,Kharif,5.14,2,0.541,1,Canal,2,133399,4,43,180170
HH4452,Tamil Nadu,Rice,Zaid,1.01,4,0.759,1,Drip,1,20299,6,10,62407
HH4453,West Bengal,Wheat,Rabi,0.66,6,0.818,0,None,1,8884,4,39,60609
HH4454,Bihar,Wheat,Kharif,2.89,3,0.669,1,Tank,1,52931,4,7,123770
HH4455,West Bengal,Pulses,Rabi,2.96,5,0.831,0,None,2,49318,7,42,142720
HH4456,Uttar Pradesh,Wheat,Kharif,1.56,3,0.607,1,Tank,2,31509,4,35,95815
HH4457,Haryana,Maize,Rabi,2.4,1,0.0,0,None,2,31436,7,28,99435
HH4458,Uttar Pradesh,Vegetables,Zaid,1.31,6,0.874,1,Drip,2,28102,4,25,131731
HH4459,Karnataka,Wheat,Kharif,1.65,1,0.0,0,None,2,19362,7,28,88329
HH4460,Andhra Pradesh,Rice,Rabi,3.63,3,0.713,1,Canal,3,108214,4,9,174406
HH4461,Rajasthan,Millets,Rabi,2.3,2,0.542,0,None,3,47248,4,5,92902
HH4462,Andhra Pradesh,Groundnut,Zaid,1.17,2,0.498,0,None,2,17998,5,16,64696
HH4463,Gujarat,Rice,Kharif,4.26,3,0.65,1,Sprinkler,1,118513,4,29,130114
HH4464,Uttar Pradesh,Vegetables,Rabi,0.18,2,0.491,0,None,2,3000,4,43,59921
HH4465,Punjab,Vegetables,Kharif,7.72,2,0.58,1,Tubewell,1,180638,4,23,285719
HH4466,Rajasthan,Vegetables,Kharif,0.32,2,0.556,0,None,3,5105,6,18,63742
HH4467,Uttar Pradesh,Wheat,Kharif,0.79,2,0.504,1,Tubewell,1,24545,6,26,51297
HH4468,Maharashtra,Sugarcane,Kharif,1.3,5,0.782,0,None,2,28233,6,5,105838
HH4469,Gujarat,Soybean,Zaid,1.19,4,0.754,0,None,1,20260,6,8,60134
HH4470,West Bengal,Cotton,Kharif,3.18,2,0.507,1,Canal,2,60340,2,40,185887
HH4471,West Bengal,Rice,Kharif,0.55,1,0.0,0,None,1,9816,5,19,15902
HH4472,Gujarat,Rice,Kharif,1.68,4,0.752,0,None,3,40454,3,37,113248
HH4473,Maharashtra,Maize,Kharif,0.83,1,0.04,1,Canal,3,26347,3,28,77622
HH4474,Rajasthan,Cotton,Kharif,1.73,2,0.446,1,Canal,2,45550,6,4,115020
HH4475,Punjab,Rice,Zaid,1.28,2,0.525,0,None,2,18004,6,20,70066
HH4476,Karnataka,Groundnut,Rabi,1.46,4,0.791,1,Drip,2,30295,6,22,88295
HH4477,Karnataka,Cotton,Rabi,0.85,1,0.0,1,Canal,2,15513,7,12,58856
HH4478,Rajasthan,Wheat,Rabi,0.87,1,0.051,0,None,1,12576,5,1,24510
HH4479,Tamil Nadu,Groundnut,Rabi,1.72,2,0.479,1,Canal,3,34594,8,8,126972
HH4480,Tamil Nadu,Sugarcane,Zaid,3.01,2,0.513,1,Tubewell,1,74841,5,41,157474
HH4481,Maharashtra,Soybean,Zaid,0.81,3,0.658,0,None,1,12204,7,27,58279
HH4482,Karnataka,Rice,Kharif,0.65,2,0.491,0,None,2,13117,3,21,38698
HH4483,Andhra Pradesh,Rice,Zaid,2.27,2,0.481,0,None,1,26806,3,33,84525
HH4484,Tamil Nadu,Maize,Rabi,1.31,1,0.021,1,Tubewell,2,31395,5,38,88173
HH4485,Maharashtra,Millets,Kharif,2.73,1,0.025,0,None,1,31768,3,33,67435
HH4486,Bihar,Wheat,Rabi,0.63,4,0.748,1,Canal,3,24233,3,37,96973
HH4487,Uttar Pradesh,Soybean,Kharif,0.3,4,0.709,1,Canal,2,5400,4,5,34428
HH4488,Rajasthan,Rice,Kharif,0.86,2,0.512,0,None,2,13089,6,15,54060
HH4489,Bihar,Wheat,Rabi,0.7,1,0.013,1,Canal,1,8900,7,30,46306
HH4490,Tamil Nadu,Rice,Kharif,1.26,1,0.0,1,Drip,1,20590,4,3,45374
HH4491,Madhya Pradesh,Pulses,Kharif,0.79,3,0.723,0,None,2,18146,8,28,58716
HH4492,Haryana,Wheat,Zaid,2.53,3,0.62,1,Canal,2,57258,6,30,150076
HH4493,Tamil Nadu,Wheat,Kharif,1.06,2,0.433,1,Tubewell,2,28224,4,36,77079
HH4494,Bihar,Groundnut,Kharif,1.53,3,0.645,0,None,2,27819,5,3,66105
HH4495,Haryana,Wheat,Zaid,1.54,3,0.688,0,None,1,33455,8,44,69956
HH4496,Tamil Nadu,Wheat,Zaid,1.59,5,0.768,0,None,3,39146,6,31,125078
HH4497,Karnataka,Rice,Kharif,1.32,1,0.0,0,None,3,19968,4,14,73102
HH4498,Uttar Pradesh,Millets,Kharif,2.08,1,0.029,0,None,2,26441,4,6,69702
HH4499,Madhya Pradesh,Wheat,Zaid,0.69,1,0.014,1,Canal,3,13396,6,19,69057
HH4500,Karnataka,Millets,Kharif,4.43,4,0.761,1,Canal,3,70414,5,5,192998
HH4501,Tamil Nadu,Rice,Rabi,1.1,4,0.773,0,None,1,16802,3,26,56214
HH4502,Andhra Pradesh,Rice,Kharif,0.44,3,0.654,0,None,1,3980,4,44,57749
HH4503,Madhya Pradesh,Pulses,Rabi,1.58,1,0.0,0,None,2,21872,5,18,69200
HH4504,Uttar Pradesh,Maize,Kharif,0.65,2,0.524,0,None,2,13372,3,37,56216
HH4505,Andhra Pradesh,Cotton,Rabi,2.38,2,0.46,0,None,2,33301,5,36,134037
HH4506,Madhya Pradesh,Sugarcane,Kharif,8.83,3,0.603,0,None,2,110912,6,31,439425
HH4507,Haryana,Wheat,Kharif,0.69,2,0.487,1,Tubewell,2,18442,4,18,64220
HH4508,Uttar Pradesh,Soybean,Kharif,1.79,1,0.028,0,None,2,32947,4,9,81262
HH4509,Tamil Nadu,Maize,Kharif,0.3,3,0.675,1,Canal,1,5558,7,26,33114
HH4510,Gujarat,Rice,Rabi,1.99,2,0.526,0,None,3,22733,6,2,107832
HH4511,Maharashtra,Pulses,Zaid,0.64,2,0.44,0,None,3,4189,6,32,69114
HH4512,Karnataka,Sugarcane,Rabi,0.79,1,0.009,1,Canal,3,9858,5,42,141339
HH4513,Uttar Pradesh,Wheat,Rabi,0.53,4,0.77,0,None,1,5771,4,6,28232
HH4514,Tamil Nadu,Wheat,Kharif,2.52,3,0.626,1,Tubewell,1,45896,5,20,106989
HH4515,Andhra Pradesh,Vegetables,Kharif,3.18,5,0.826,0,None,2,79162,6,8,165251
HH4516,Rajasthan,Cotton,Kharif,1.38,2,0.497,1,Tubewell,3,44077,2,4,121324
HH4517,Andhra Pradesh,Maize,Rabi,0.65,5,0.892,1,Drip,3,18807,3,25,93375
HH4518,West Bengal,Millets,Kharif,5.21,4,0.685,0,None,2,112009,5,31,150084
HH4519,Maharashtra,Soybean,Zaid,0.71,3,0.708,0,None,1,11950,5,19,30290
HH4520,Uttar Pradesh,Soybean,Rabi,0.21,5,0.788,1,Canal,3,7748,8,7,81244
HH4521,West Bengal,Wheat,Zaid,1.99,2,0.451,0,None,3,44916,3,37,139787
HH4522,Tamil Nadu,Soybean,Kharif,0.53,2,0.484,1,Sprinkler,3,13411,4,30,79733
HH4523,West Bengal,Cotton,Rabi,3.13,1,0.008,0,None,2,26775,6,27,165231
HH4524,Tamil Nadu,Pulses,Kharif,0.98,3,0.698,0,None,2,13779,5,17,47393
HH4525,Bihar,Rice,Rabi,2.26,3,0.719,0,None,2,37625,5,32,109341
HH4526,Karnataka,Wheat,Zaid,4.44,4,0.793,1,Sprinkler,3,90664,6,19,255323
HH4527,Bihar,Rice,Kharif,0.48,1,0.0,0,None,2,11098,2,25,39938
HH4528,Gujarat,Cotton,Kharif,0.83,2,0.534,0,None,2,10701,7,29,80084
HH4529,Tamil Nadu,Rice,Kharif,1.27,1,0.012,1,Drip,2,30282,4,25,84371
HH4530,Maharashtra,Vegetables,Zaid,4.99,3,0.647,0,None,3,51213,3,32,340912
HH4531,Madhya Pradesh,Pulses,Kharif,0.77,1,0.0,0,None,2,17514,4,37,42860
HH4532,Maharashtra,Soybean,Rabi,0.81,5,0.779,0,None,2,15165,6,11,56577
HH4533,Madhya Pradesh,Rice,Kharif,2.03,2,0.501,1,Tubewell,3,52804,4,4,131141
HH4534,Madhya Pradesh,Cotton,Rabi,0.83,2,0.478,1,Sprinkler,2,18906,2,31,103103
HH4535,Andhra Pradesh,Millets,Kharif,1.54,4,0.719,0,None,1,36470,3,36,40917
HH4536,Tamil Nadu,Rice,Kharif,0.36,2,0.514,0,None,3,3000,4,4,57246
HH4537,Karnataka,Maize,Rabi,8.87,1,0.019,1,Canal,2,185518,3,2,255870
HH4538,Tamil Nadu,Cotton,Rabi,0.43,2,0.494,1,Canal,3,9785,4,39,122010
HH4539,Uttar Pradesh,Millets,Kharif,1.03,1,0.041,0,None,3,25079,4,33,72910
HH4540,Uttar Pradesh,Wheat,Rabi,1.31,6,0.825,0,None,2,20174,4,44,91405
HH4541,Maharashtra,Rice,Kharif,6.86,3,0.658,0,None,3,142726,5,27,291155
HH4542,Andhra Pradesh,Groundnut,Zaid,0.44,2,0.52,1,Canal,2,3000,6,26,82243
HH4543,Maharashtra,Wheat,Kharif,7.29,3,0.663,1,Tank,2,156127,4,19,275068
HH4544,Madhya Pradesh,Soybean,Kharif,2.57,1,0.003,0,None,1,21926,5,44,72821
HH4545,Rajasthan,Rice,Kharif,1.92,4,0.674,0,None,1,39588,6,41,67602
HH4546,Bihar,Maize,Kharif,0.58,5,0.801,0,None,3,12776,8,39,73081
HH4547,Uttar Pradesh,Cotton,Kharif,2.19,4,0.695,0,None,3,41555,5,33,183686
HH4548,Punjab,Maize,Kharif,0.73,2,0.463,0,None,2,15817,5,38,47904
HH4549,Punjab,Vegetables,Rabi,3.96,2,0.46,1,Tubewell,2,86862,5,10,201461
HH4550,Bihar,Millets,Kharif,0.59,1,0.0,0,None,2,3000,5,1,25723
HH4551,Gujarat,Groundnut,Kharif,1.23,3,0.651,1,Tank,3,38663,3,35,120865
HH4552,Uttar Pradesh,Groundnut,Rabi,0.84,3,0.652,0,None,1,11990,5,11,47220
HH4553,Maharashtra,Maize,Rabi,0.58,2,0.52,1,Canal,2,13192,8,14,39931
HH4554,West Bengal,Rice,Kharif,2.53,5,0.807,1,Tank,3,89442,5,6,144347
HH4555,Karnataka,Soybean,Kharif,2.13,1,0.0,0,None,3,26554,4,43,114035
HH4556,Tamil Nadu,Rice,Kharif,3.77,1,0.002,1,Tank,1,72711,7,39,121159
HH4557,Punjab,Wheat,Rabi,0.3,1,0.01,0,None,3,3000,4,40,38019
HH4558,Punjab,Groundnut,Zaid,3.34,2,0.49,1,Tank,2,53282,4,25,155397
HH4559,Gujarat,Soybean,Kharif,11.35,1,0.0,1,Tubewell,1,190208,5,23,277517
HH4560,Gujarat,Wheat,Rabi,0.92,3,0.673,0,None,3,20581,5,5,88003
HH4561,Haryana,Vegetables,Kharif,6.76,2,0.523,1,Sprinkler,3,105333,4,26,453062
HH4562,Madhya Pradesh,Pulses,Kharif,1.08,1,0.0,1,Tank,1,17038,5,18,51721
HH4563,West Bengal,Maize,Rabi,0.42,4,0.743,1,Tubewell,2,12908,4,32,59010
HH4564,Uttar Pradesh,Soybean,Kharif,1.04,2,0.545,1,Tubewell,3,17857,6,21,101707
HH4565,Maharashtra,Wheat,Rabi,3.29,3,0.709,0,None,1,66382,3,26,117605
HH4566,West Bengal,Millets,Rabi,0.66,2,0.526,1,Drip,2,13159,6,35,59601
HH4567,Madhya Pradesh,Wheat,Zaid,0.81,3,0.683,1,Tubewell,1,13725,3,10,66025
HH4568,Maharashtra,Pulses,Kharif,2.24,5,0.85,1,Drip,2,61576,4,28,99524
HH4569,Uttar Pradesh,Pulses,Kharif,1.35,1,0.058,1,Canal,1,30317,4,31,51513
HH4570,West Bengal,Groundnut,Kharif,2.22,3,0.663,0,None,2,35103,8,15,88763
HH4571,Andhra Pradesh,Vegetables,Kharif,1.65,4,0.721,0,None,1,41889,5,40,93606
HH4572,Punjab,Sugarcane,Rabi,2.03,3,0.659,1,Tubewell,2,58502,6,8,141973
HH4573,Maharashtra,Pulses,Rabi,0.93,2,0.593,1,Canal,2,16316,5,10,77994
HH4574,Bihar,Groundnut,Kharif,1.64,2,0.453,0,None,3,31077,8,10,114326
HH4575,Bihar,Wheat,Zaid,0.61,3,0.653,1,Tubewell,2,17048,4,38,68283
HH4576,Madhya Pradesh,Rice,Rabi,4.04,4,0.708,1,Canal,1,82403,5,18,120077
HH4577,Karnataka,Maize,Rabi,0.79,1,0.004,1,Sprinkler,3,21514,6,28,85077
HH4578,Maharashtra,Vegetables,Zaid,3.52,1,0.0,1,Canal,3,77416,5,28,244090
HH4579,Gujarat,Vegetables,Rabi,1.11,2,0.497,1,Sprinkler,2,24162,7,20,111796
HH4580,Punjab,Vegetables,Kharif,1.6,2,0.441,1,Sprinkler,2,19558,5,24,150695
HH4581,Gujarat,Wheat,Rabi,0.89,2,0.519,1,Tubewell,1,17497,6,6,67981
HH4582,Madhya Pradesh,Cotton,Rabi,0.57,2,0.537,0,None,3,9420,4,41,86796
HH4583,Bihar,Maize,Kharif,0.31,1,0.0,0,None,1,3908,4,32,37344
HH4584,Bihar,Soybean,Kharif,0.55,1,0.0,0,None,2,9141,5,6,33314
HH4585,Haryana,Wheat,Kharif,1.02,5,0.795,0,None,2,16769,6,11,78271
HH4586,Gujarat,Soybean,Kharif,1.62,1,0.005,0,None,3,26932,5,30,84430
HH4587,Rajasthan,Maize,Zaid,3.19,2,0.499,1,Canal,2,63793,5,3,121606
HH4588,Uttar Pradesh,Maize,Kharif,0.92,2,0.523,1,Canal,2,23057,4,8,53269
HH4589,Punjab,Soybean,Rabi,0.64,5,0.837,0,None,3,12347,6,33,70898
HH4590,Haryana,Maize,Rabi,0.4,4,0.726,1,Tubewell,1,7891,4,19,53744
HH4591,Tamil Nadu,Rice,Rabi,2.03,4,0.741,1,Canal,1,33469,5,10,90635
HH4592,Maharashtra,Pulses,Kharif,4.37,1,0.027,0,None,1,56069,5,19,113334
HH4593,Andhra Pradesh,Wheat,Rabi,3.96,4,0.707,1,Tubewell,1,78471,4,9,135418
HH4594,Madhya Pradesh,Groundnut,Zaid,2.47,2,0.441,0,None,1,52650,6,7,69363
HH4595,Karnataka,Rice,Kharif,2.32,2,0.507,1,Tank,2,30997,2,14,115795
HH4596,Punjab,Soybean,Kharif,5.71,3,0.682,0,None,3,89924,6,2,240971
HH4597,Bihar,Pulses,Rabi,1.79,4,0.728,1,Canal,3,51219,4,22,126484
HH4598,Maharashtra,Rice,Rabi,2.34,4,0.733,1,Tubewell,2,79505,6,20,117729
HH4599,Rajasthan,Millets,Rabi,1.03,4,0.727,0,None,2,26044,4,26,57242
HH4600,Madhya Pradesh,Rice,Zaid,0.42,5,0.774,1,Tank,3,3000,4,4,77770
HH4601,Maharashtra,Rice,Rabi,0.75,2,0.521,0,None,3,11434,4,39,79586
HH4602,Bihar,Vegetables,Kharif,1.34,2,0.465,1,Sprinkler,2,33333,6,40,119368
HH4603,West Bengal,Groundnut,Kharif,1.42,1,0.0,1,Sprinkler,2,28963,6,23,76770
HH4604,Rajasthan,Rice,Kharif,6.94,4,0.723,1,Sprinkler,3,200000,4,16,285085
HH4605,Bihar,Pulses,Kharif,1.45,1,0.0,0,None,1,33637,7,25,35042
HH4606,West Bengal,Soybean,Kharif,3.68,4,0.776,0,None,1,68457,4,9,95830
HH4607,West Bengal,Rice,Kharif,0.93,2,0.484,1,Tubewell,3,20076,4,11,95233
HH4608,Maharashtra,Vegetables,Zaid,1.04,2,0.506,0,None,2,15537,3,25,84202
HH4609,Gujarat,Sugarcane,Kharif,0.44,1,0.0,1,Tank,1,7701,3,31,63165
HH4610,Rajasthan,Wheat,Rabi,0.72,2,0.478,1,Tank,2,19969,4,27,62398
HH4611,Rajasthan,Vegetables,Rabi,2.11,4,0.773,1,Tubewell,3,64228,3,36,197712
HH4612,Uttar Pradesh,Groundnut,Rabi,1.36,1,0.078,0,None,3,18972,5,14,78630
HH4613,Karnataka,Soybean,Rabi,3.01,2,0.441,1,Tubewell,2,49974,6,23,135689
HH4614,Uttar Pradesh,Pulses,Kharif,1.57,1,0.0,1,Tubewell,1,37894,5,16,47252
HH4615,Madhya Pradesh,Vegetables,Zaid,1.0,2,0.512,1,Tubewell,2,18353,5,20,107355
HH4616,Madhya Pradesh,Wheat,Kharif,8.38,1,0.0,1,Canal,3,119168,4,3,385380
HH4617,Bihar,Pulses,Rabi,1.25,2,0.525,0,None,1,23528,3,6,44634
HH4618,West Bengal,Cotton,Zaid,3.63,4,0.724,0,None,2,51024,4,29,192946
HH4619,Madhya Pradesh,Cotton,Kharif,0.96,2,0.505,0,None,2,15230,5,4,70597
HH4620,West Bengal,Millets,Zaid,2.47,2,0.484,1,Tubewell,1,43773,5,1,78355
HH4621,West Bengal,Groundnut,Rabi,2.97,3,0.704,0,None,3,39285,4,8,149420
HH4622,Bihar,Wheat,Rabi,1.61,1,0.0,1,Tubewell,1,29894,4,20,76950
HH4623,Maharashtra,Soybean,Kharif,0.18,2,0.489,1,Tubewell,3,3000,5,16,77819
HH4624,Haryana,Maize,Zaid,1.37,3,0.695,1,Canal,2,26604,6,31,88393
HH4625,Gujarat,Rice,Kharif,3.84,2,0.469,0,None,2,48079,4,32,162304
HH4626,Punjab,Pulses,Kharif,2.11,3,0.669,1,Sprinkler,3,52306,4,34,123189
HH4627,Rajasthan,Vegetables,Rabi,1.97,2,0.445,1,Canal,2,31135,6,29,157503
HH4628,Andhra Pradesh,Vegetables,Rabi,0.31,4,0.717,0,None,2,3000,5,12,70724
HH4629,Punjab,Maize,Kharif,0.73,5,0.811,0,None,3,5983,6,4,64150
HH4630,Andhra Pradesh,Wheat,Kharif,1.91,1,0.0,1,Canal,2,30274,4,43,105073
HH4631,Uttar Pradesh,Pulses,Rabi,1.91,2,0.484,0,None,2,31962,6,34,87527
HH4632,Madhya Pradesh,Cotton,Kharif,3.79,2,0.515,0,None,2,58323,3,6,179199
HH4633,Bihar,Rice,Kharif,1.19,1,0.0,0,None,3,17891,5,9,70288
HH4634,West Bengal,Millets,Kharif,1.91,4,0.775,0,None,2,44049,4,5,88371
HH4635,Uttar Pradesh,Vegetables,Rabi,1.37,4,0.756,1,Tubewell,1,36673,3,16,92507
HH4636,Gujarat,Soybean,Rabi,0.58,2,0.513,1,Tubewell,3,3000,5,1,66086
HH4637,Madhya Pradesh,Rice,Rabi,0.2,3,0.704,1,Canal,2,7633,5,20,55299
HH4638,Punjab,Wheat,Kharif,1.95,1,0.01,1,Tubewell,2,20485,5,35,114836
HH4639,Bihar,Sugarcane,Rabi,1.56,3,0.713,1,Drip,1,38632,5,10,92527
HH4640,Bihar,Soybean,Rabi,0.8,4,0.777,1,Tubewell,3,16103,4,25,96595
HH4641,Gujarat,Groundnut,Kharif,0.34,3,0.651,0,None,3,5554,5,28,75760
HH4642,Madhya Pradesh,Vegetables,Kharif,2.31,2,0.539,1,Tubewell,2,62599,3,35,178871
HH4643,West Bengal,Maize,Zaid,1.08,3,0.675,0,None,2,19424,6,33,66950
HH4644,Uttar Pradesh,Soybean,Kharif,2.17,2,0.488,0,None,2,32702,5,15,88125
HH4645,Haryana,Vegetables,Rabi,6.58,3,0.675,0,None,2,117096,5,21,315151
HH4646,Bihar,Groundnut,Kharif,0.22,2,0.533,0,None,2,4004,3,42,50644
HH4647,Punjab,Millets,Rabi,0.74,2,0.514,0,None,1,15961,4,35,54408
HH4648,Madhya Pradesh,Pulses,Rabi,1.13,3,0.722,0,None,3,16104,4,37,90245
HH4649,West Bengal,Rice,Kharif,4.65,4,0.783,1,Canal,1,81949,4,10,144782
HH4650,Maharashtra,Millets,Rabi,0.34,1,0.016,0,None,3,3588,7,16,38122
HH4651,Uttar Pradesh,Wheat,Zaid,7.0,5,0.769,1,Tubewell,2,136517,7,20,272025
HH4652,Haryana,Millets,Rabi,1.52,3,0.662,1,Tank,1,26655,5,8,55100
HH4653,Karnataka,Groundnut,Kharif,1.24,3,0.669,1,Tubewell,2,29901,4,31,104644
HH4654,West Bengal,Soybean,Rabi,1.14,4,0.771,0,None,3,25796,7,8,72189
HH4655,Rajasthan,Wheat,Rabi,0.93,2,0.519,1,Sprinkler,3,21775,6,13,93145
HH4656,Maharashtra,Rice,Kharif,3.29,4,0.755,0,None,1,64425,2,24,107346
HH4657,West Bengal,Rice,Rabi,0.54,1,0.004,1,Tubewell,2,10074,5,12,49162
HH4658,Andhra Pradesh,Vegetables,Kharif,1.81,1,0.022,1,Drip,3,32134,5,17,152757
HH4659,Maharashtra,Cotton,Rabi,0.97,3,0.641,0,None,3,17378,3,41,122321
HH4660,Haryana,Maize,Rabi,0.71,4,0.801,0,None,3,17252,2,36,79559
HH4661,Andhra Pradesh,Pulses,Kharif,12.16,4,0.689,0,None,2,145579,5,12,377882
HH4662,Tamil Nadu,Wheat,Kharif,1.93,3,0.711,1,Tank,3,36853,2,36,158193
HH4663,Karnataka,Groundnut,Kharif,2.27,3,0.666,1,Drip,2,69263,2,13,96220
HH4664,Bihar,Sugarcane,Rabi,3.55,2,0.53,1,Tank,2,93866,3,35,231203
HH4665,Bihar,Wheat,Rabi,0.4,6,0.844,0,None,2,5670,7,5,63080
HH4666,Haryana,Vegetables,Kharif,5.99,2,0.51,0,None,1,64982,6,13,233664
HH4667,Uttar Pradesh,Soybean,Kharif,0.16,3,0.684,0,None,2,3901,5,8,47223
HH4668,West Bengal,Rice,Rabi,0.7,3,0.691,1,Tubewell,1,11871,5,11,53963
HH4669,Punjab,Maize,Kharif,0.91,3,0.657,0,None,2,20097,5,8,29200
HH4670,Haryana,Vegetables,Rabi,2.21,2,0.531,0,None,3,18451,5,31,194302
HH4671,Rajasthan,Rice,Rabi,1.63,5,0.767,1,Tank,3,41487,3,12,109463
HH4672,West Bengal,Cotton,Rabi,1.17,3,0.667,1,Tubewell,1,29426,6,11,74956
HH4673,Haryana,Vegetables,Rabi,1.34,5,0.825,1,Sprinkler,2,26890,3,17,138151
HH4674,Uttar Pradesh,Vegetables,Rabi,0.59,1,0.03,0,None,2,9915,5,27,58914
HH4675,Rajasthan,Vegetables,Rabi,0.38,3,0.681,1,Canal,1,8552,6,13,58000
HH4676,West Bengal,Wheat,Kharif,2.5,3,0.655,1,Tubewell,1,59635,3,36,108598
HH4677,Uttar Pradesh,Sugarcane,Rabi,2.43,3,0.694,1,Sprinkler,2,50593,6,13,183594
HH4678,Gujarat,Groundnut,Kharif,5.19,5,0.78,0,None,2,128083,2,41,182872
HH4679,Punjab,Rice,Kharif,0.69,1,0.053,0,None,3,4713,8,22,57472
HH4680,Punjab,Maize,Rabi,2.43,1,0.0,0,None,3,24093,5,44,133135
HH4681,Madhya Pradesh,Groundnut,Rabi,1.06,2,0.454,1,Canal,3,22073,8,24,96632
HH4682,Madhya Pradesh,Vegetables,Rabi,3.71,1,0.0,0,None,1,34020,5,30,148495
HH4683,Gujarat,Rice,Kharif,3.22,6,0.834,1,Drip,3,61595,4,13,199760
HH4684,Madhya Pradesh,Wheat,Kharif,1.62,2,0.504,1,Sprinkler,2,31633,7,8,116277
HH4685,Bihar,Maize,Kharif,1.01,2,0.559,1,Tubewell,2,28165,5,5,72919
HH4686,Rajasthan,Groundnut,Rabi,3.06,1,0.0,0,None,3,65484,5,43,151441
HH4687,Uttar Pradesh,Groundnut,Zaid,2.34,3,0.668,1,Tubewell,3,52535,5,6,162462
HH4688,Uttar Pradesh,Wheat,Rabi,0.75,2,0.468,1,Tubewell,2,7242,4,7,65319
HH4689,Andhra Pradesh,Rice,Rabi,0.44,1,0.0,0,None,1,6110,5,22,23357
HH4690,Gujarat,Soybean,Kharif,1.06,2,0.551,1,Tubewell,3,19310,4,30,113954
HH4691,Rajasthan,Pulses,Rabi,4.89,2,0.466,0,None,3,55247,6,15,203590
HH4692,Rajasthan,Vegetables,Rabi,3.58,6,0.851,1,Canal,2,61485,2,37,227414
HH4693,Rajasthan,Soybean,Kharif,0.52,2,0.512,0,None,2,10556,5,41,59760
HH4694,Andhra Pradesh,Millets,Rabi,0.5,3,0.666,1,Canal,1,13766,6,20,49124
HH4695,Karnataka,Cotton,Kharif,3.99,6,0.849,1,Canal,1,87430,2,31,181004
HH4696,West Bengal,Maize,Rabi,0.51,4,0.715,0,None,2,14184,4,5,48940
HH4697,Andhra Pradesh,Rice,Kharif,2.08,6,0.883,1,Canal,1,69037,3,12,78724
HH4698,Andhra Pradesh,Millets,Zaid,0.8,5,0.858,1,Canal,3,23727,5,37,94345
HH4699,Uttar Pradesh,Maize,Kharif,5.34,2,0.501,1,Drip,3,77954,4,30,263966
HH4700,Gujarat,Cotton,Kharif,0.7,3,0.74,0,None,2,15163,7,39,91980
HH4701,Madhya Pradesh,Rice,Zaid,3.57,1,0.0,0,None,2,62581,5,3,120159
HH4702,Uttar Pradesh,Cotton,Kharif,1.58,2,0.512,1,Tubewell,2,22435,5,13,123404
HH4703,Punjab,Rice,Rabi,1.67,4,0.793,0,None,1,40147,7,11,62101
HH4704,Tamil Nadu,Wheat,Kharif,0.25,3,0.653,1,Drip,1,3000,4,10,49339
HH4705,Karnataka,Millets,Rabi,0.21,3,0.626,0,None,2,3774,5,30,29619
HH4706,Karnataka,Rice,Rabi,1.12,3,0.619,0,None,3,16846,5,9,96695
HH4707,Bihar,Maize,Rabi,1.67,2,0.562,1,Canal,3,32359,3,30,122756
HH4708,Maharashtra,Wheat,Kharif,0.52,4,0.734,1,Tubewell,3,23306,7,29,98368
HH4709,Bihar,Vegetables,Rabi,0.54,2,0.494,1,Tubewell,2,10521,6,38,92512
HH4710,Punjab,Maize,Kharif,2.18,2,0.467,1,Sprinkler,3,32479,7,42,150716
HH4711,Karnataka,Wheat,Rabi,2.18,4,0.778,1,Drip,2,33628,8,34,141924
HH4712,Karnataka,Vegetables,Kharif,1.2,2,0.477,1,Sprinkler,1,23495,5,26,93351
HH4713,Madhya Pradesh,Vegetables,Zaid,2.62,4,0.735,1,Canal,2,57031,6,2,167319
HH4714,Bihar,Millets,Rabi,0.5,3,0.676,1,Drip,3,9854,5,36,76938
HH4715,Andhra Pradesh,Rice,Kharif,1.0,2,0.468,1,Tubewell,1,24529,8,7,54689
HH4716,Madhya Pradesh,Sugarcane,Rabi,5.48,4,0.745,0,None,2,74179,4,36,319469
HH4717,Tamil Nadu,Millets,Kharif,1.43,3,0.709,1,Sprinkler,2,44624,2,40,91986
HH4718,Gujarat,Vegetables,Rabi,1.5,2,0.513,0,None,1,30360,4,14,91133
HH4719,Karnataka,Vegetables,Kharif,9.58,1,0.004,0,None,1,96727,3,27,358872
HH4720,Gujarat,Soybean,Kharif,0.41,4,0.756,0,None,2,6236,5,26,44993
HH4721,Rajasthan,Groundnut,Kharif,2.66,1,0.0,0,None,3,51815,3,20,124615
HH4722,Uttar Pradesh,Vegetables,Rabi,5.55,4,0.81,0,None,3,73494,4,35,378285
HH4723,Maharashtra,Rice,Kharif,1.02,2,0.476,1,Tubewell,3,32545,3,11,82630
HH4724,Karnataka,Soybean,Kharif,2.8,3,0.673,1,Tubewell,1,67828,5,26,101135
HH4725,Maharashtra,Vegetables,Rabi,0.59,5,0.803,0,None,1,12046,4,35,57545
HH4726,Uttar Pradesh,Rice,Kharif,0.75,1,0.03,1,Canal,1,12275,5,5,34690
HH4727,Gujarat,Wheat,Kharif,1.87,3,0.7,1,Drip,3,46766,3,16,146242
HH4728,West Bengal,Wheat,Rabi,2.66,4,0.749,1,Canal,1,58416,5,11,92657
HH4729,Bihar,Vegetables,Rabi,3.5,4,0.759,0,None,2,74147,3,33,198858
HH4730,Maharashtra,Vegetables,Rabi,5.13,3,0.677,1,Canal,1,139894,3,9,206059
HH4731,Uttar Pradesh,Soybean,Rabi,1.27,3,0.599,0,None,1,23448,4,22,51061
HH4732,Uttar Pradesh,Vegetables,Kharif,3.72,4,0.702,0,None,1,50966,6,5,163242
HH4733,Haryana,Sugarcane,Rabi,1.01,4,0.732,0,None,3,11945,6,20,136448
HH4734,Gujarat,Pulses,Kharif,2.91,4,0.733,1,Canal,1,41620,7,43,107606
HH4735,Karnataka,Wheat,Kharif,1.61,2,0.464,1,Tank,1,38320,5,34,52161
HH4736,Uttar Pradesh,Groundnut,Kharif,1.97,6,0.855,0,None,2,31257,4,30,115269
HH4737,Andhra Pradesh,Wheat,Rabi,1.93,2,0.5,0,None,2,30321,8,10,90947
HH4738,Rajasthan,Rice,Rabi,0.35,1,0.0,1,Tubewell,2,3000,4,37,62927
HH4739,Rajasthan,Wheat,Zaid,0.52,2,0.462,1,Sprinkler,3,12536,2,32,105648
HH4740,Tamil Nadu,Sugarcane,Kharif,1.47,1,0.0,0,None,2,20737,6,24,80124
HH4741,Haryana,Vegetables,Rabi,0.32,1,0.0,1,Tank,1,11455,3,17,42453
HH4742,Uttar Pradesh,Sugarcane,Rabi,2.74,2,0.495,1,Tank,2,70287,6,44,207352
HH4743,Uttar Pradesh,Rice,Kharif,2.83,1,0.002,0,None,2,51852,2,3,93424
HH4744,Gujarat,Millets,Rabi,1.78,3,0.674,1,Tank,3,26252,3,39,132210
HH4745,Maharashtra,Wheat,Rabi,0.52,1,0.0,0,None,3,3000,5,43,56567
HH4746,Uttar Pradesh,Millets,Kharif,4.36,2,0.507,1,Tank,3,63950,3,43,205791
HH4747,Maharashtra,Pulses,Kharif,7.63,1,0.0,0,None,2,112281,7,26,218155
HH4748,Uttar Pradesh,Maize,Zaid,1.53,1,0.0,0,None,1,29423,6,12,47388
HH4749,Rajasthan,Rice,Kharif,2.08,2,0.522,1,Tubewell,3,31969,4,37,151993
HH4750,Bihar,Soybean,Zaid,1.6,3,0.727,1,Canal,2,26062,5,42,119986
HH4751,Rajasthan,Vegetables,Rabi,2.12,5,0.802,0,None,3,42919,6,12,186164
HH4752,Karnataka,Sugarcane,Rabi,1.22,4,0.725,0,None,3,16526,6,33,143460
HH4753,Punjab,Wheat,Kharif,1.31,4,0.756,0,None,2,23906,4,27,97978
HH4754,Andhra Pradesh,Vegetables,Kharif,2.91,1,0.028,1,Tubewell,2,35869,7,14,171573
HH4755,West Bengal,Maize,Rabi,9.91,2,0.519,1,Tubewell,2,200000,7,7,316059
HH4756,West Bengal,Wheat,Kharif,0.41,1,0.082,1,Canal,1,10750,4,42,46136
HH4757,Uttar Pradesh,Millets,Kharif,1.24,4,0.729,1,Drip,2,34227,7,44,77289
HH4758,Bihar,Millets,Kharif,0.49,1,0.008,1,Tubewell,2,4538,6,38,57881
HH4759,Karnataka,Cotton,Kharif,5.22,3,0.713,1,Sprinkler,1,92268,7,42,215185
HH4760,Gujarat,Rice,Kharif,0.82,2,0.545,1,Tubewell,2,17821,5,44,80655
HH4761,Karnataka,Soybean,Kharif,0.4,2,0.441,1,Tubewell,2,10182,5,27,59797
HH4762,Gujarat,Wheat,Rabi,2.32,6,0.833,1,Tubewell,3,60501,4,10,166579
HH4763,Bihar,Rice,Rabi,5.95,4,0.795,0,None,3,118946,6,42,281817
HH4764,Madhya Pradesh,Pulses,Zaid,2.37,4,0.837,0,None,1,33890,5,43,81786
HH4765,Andhra Pradesh,Millets,Kharif,1.61,3,0.688,0,None,3,36664,5,41,92054
HH4766,Gujarat,Cotton,Rabi,1.91,4,0.739,1,Tubewell,2,53521,5,9,128924
HH4767,West Bengal,Groundnut,Rabi,4.49,3,0.637,0,None,2,79068,5,44,183443
HH4768,Uttar Pradesh,Rice,Rabi,0.64,5,0.867,0,None,3,18916,6,34,75414
HH4769,Haryana,Cotton,Rabi,1.23,2,0.522,1,Tank,2,19504,6,41,117557
HH4770,Rajasthan,Rice,Rabi,0.92,3,0.642,1,Canal,2,22375,6,29,89607
HH4771,Uttar Pradesh,Rice,Kharif,0.5,3,0.661,1,Tubewell,2,13130,4,18,60817
HH4772,Rajasthan,Maize,Kharif,1.02,2,0.509,0,None,3,13816,8,29,79898
HH4773,Maharashtra,Vegetables,Kharif,3.46,4,0.766,1,Tubewell,2,50431,5,30,231930
HH4774,Bihar,Sugarcane,Kharif,2.18,6,0.806,0,None,3,55889,4,13,174112
HH4775,Rajasthan,Maize,Rabi,2.33,2,0.482,0,None,2,26287,2,22,98206
HH4776,Bihar,Wheat,Rabi,1.53,2,0.45,0,None,3,26606,8,16,104204
HH4777,Uttar Pradesh,Groundnut,Rabi,2.11,2,0.531,1,Tubewell,2,24509,5,32,130260
HH4778,Madhya Pradesh,Cotton,Kharif,0.68,4,0.74,0,None,2,17874,4,40,75524
HH4779,Madhya Pradesh,Rice,Rabi,1.04,3,0.681,1,Tubewell,2,21188,5,26,81373
HH4780,Maharashtra,Rice,Kharif,1.59,1,0.043,1,Tubewell,2,19418,4,31,103333
HH4781,Uttar Pradesh,Rice,Kharif,1.71,3,0.674,0,None,1,40702,7,44,64032
HH4782,Maharashtra,Cotton,Rabi,1.77,1,0.0,0,None,1,31130,5,19,61027
HH4783,Andhra Pradesh,Rice,Rabi,1.2,4,0.756,0,None,1,25769,5,42,44925
HH4784,Madhya Pradesh,Vegetables,Rabi,0.98,2,0.502,1,Canal,3,15869,6,34,159504
HH4785,Karnataka,Pulses,Kharif,15.0,2,0.537,0,None,3,200000,4,6,564640
HH4786,Rajasthan,Wheat,Zaid,2.92,4,0.759,0,None,3,62557,4,35,173051
HH4787,West Bengal,Sugarcane,Rabi,1.92,1,0.0,0,None,3,36203,6,11,137768
HH4788,West Bengal,Sugarcane,Rabi,1.11,1,0.031,1,Tubewell,1,25689,7,37,81789
HH4789,Andhra Pradesh,Millets,Zaid,0.92,2,0.537,0,None,2,16161,2,22,41467
HH4790,Rajasthan,Rice,Kharif,1.21,2,0.46,0,None,3,27330,6,13,87334
HH4791,Uttar Pradesh,Soybean,Kharif,1.73,2,0.546,0,None,3,31874,5,16,112905
HH4792,Gujarat,Cotton,Zaid,0.27,6,0.844,1,Sprinkler,1,3884,4,26,66600
HH4793,Uttar Pradesh,Sugarcane,Kharif,0.36,4,0.758,0,None,2,4804,2,22,76795
HH4794,Madhya Pradesh,Wheat,Kharif,0.79,4,0.78,1,Tubewell,1,14403,4,42,65656
HH4795,Madhya Pradesh,Rice,Kharif,1.61,5,0.783,0,None,2,36560,4,13,73329
HH4796,Madhya Pradesh,Wheat,Kharif,1.1,2,0.529,1,Canal,2,27743,3,23,90461
HH4797,Maharashtra,Rice,Kharif,4.74,2,0.489,1,Tubewell,3,122326,4,32,245419
HH4798,Bihar,Wheat,Rabi,0.38,2,0.456,1,Canal,2,7079,6,23,60412
HH4799,Uttar Pradesh,Soybean,Kharif,0.71,4,0.72,0,None,2,11782,5,43,63883
HH4800,Punjab,Soybean,Kharif,4.91,3,0.684,0,None,2,100294,6,32,175837
HH4801,Uttar Pradesh,Maize,Rabi,1.51,2,0.472,0,None,3,19252,3,38,102554
HH4802,Uttar Pradesh,Rice,Rabi,2.86,2,0.548,1,Tank,2,56641,2,28,141878
HH4803,West Bengal,Rice,Rabi,7.72,3,0.703,1,Tubewell,2,182375,5,33,264860
HH4804,Maharashtra,Vegetables,Rabi,0.75,3,0.707,0,None,2,15122,4,40,95328
HH4805,Bihar,Wheat,Kharif,1.24,4,0.754,1,Tank,2,23038,6,26,99645
HH4806,Andhra Pradesh,Pulses,Kharif,1.07,2,0.508,0,None,1,16480,5,30,32939
HH4807,Uttar Pradesh,Pulses,Rabi,0.26,5,0.764,1,Tubewell,3,3000,7,17,68069
HH4808,Gujarat,Rice,Kharif,1.04,2,0.53,0,None,1,13806,3,42,58620
HH4809,Madhya Pradesh,Pulses,Rabi,2.85,3,0.678,0,None,1,44445,4,29,96909
HH4810,West Bengal,Soybean,Kharif,2.14,5,0.817,0,None,2,43974,4,2,78046
HH4811,Maharashtra,Soybean,Kharif,2.28,5,0.851,1,Sprinkler,2,74136,3,38,122765
HH4812,West Bengal,Vegetables,Kharif,0.98,1,0.0,1,Canal,3,23416,5,34,129873
HH4813,Uttar Pradesh,Cotton,Kharif,0.77,2,0.496,1,Canal,1,15472,2,38,84156
HH4814,Andhra Pradesh,Groundnut,Kharif,3.97,2,0.51,1,Canal,1,105845,6,12,110979
HH4815,Bihar,Soybean,Kharif,0.88,2,0.472,0,None,3,14336,2,21,78509
HH4816,Gujarat,Vegetables,Zaid,1.73,3,0.661,0,None,3,24905,6,27,177664
HH4817,West Bengal,Soybean,Zaid,1.55,5,0.815,0,None,3,31493,3,40,115679
HH4818,Bihar,Rice,Rabi,4.68,1,0.0,1,Tubewell,2,106257,5,3,152322
HH4819,West Bengal,Wheat,Zaid,3.08,2,0.539,1,Tubewell,3,72732,3,37,205684
HH4820,Maharashtra,Pulses,Rabi,0.45,1,0.0,1,Tubewell,2,12549,3,26,50665
HH4821,Madhya Pradesh,Wheat,Kharif,0.49,4,0.784,1,Sprinkler,2,14562,6,5,69558
HH4822,Madhya Pradesh,Sugarcane,Rabi,2.21,5,0.82,0,None,3,59494,6,20,200797
HH4823,Rajasthan,Cotton,Kharif,1.28,2,0.483,1,Canal,1,20992,6,41,105490
HH4824,Rajasthan,Rice,Rabi,0.92,1,0.0,0,None,2,15082,4,8,45474
HH4825,Andhra Pradesh,Wheat,Kharif,3.2,4,0.688,1,Tubewell,3,81219,8,43,197090
HH4826,Maharashtra,Wheat,Rabi,1.58,3,0.643,0,None,2,22212,4,28,90005
HH4827,Haryana,Sugarcane,Rabi,1.41,2,0.531,1,Sprinkler,2,19046,4,29,142133
HH4828,Maharashtra,Pulses,Kharif,2.62,4,0.748,1,Tubewell,2,42810,8,41,129716
HH4829,Madhya Pradesh,Sugarcane,Rabi,0.98,6,0.868,0,None,1,18441,8,2,62313
HH4830,Andhra Pradesh,Soybean,Rabi,5.12,3,0.648,1,Sprinkler,1,84049,5,2,144573
HH4831,Bihar,Cotton,Rabi,0.69,3,0.688,0,None,3,7279,4,38,117116
HH4832,Haryana,Pulses,Rabi,2.36,2,0.478,0,None,3,44324,4,38,126140
HH4833,Punjab,Soybean,Rabi,4.57,3,0.638,1,Tubewell,1,103797,5,43,131919
HH4834,Maharashtra,Rice,Kharif,0.42,2,0.497,1,Tubewell,1,6564,6,23,53716
HH4835,Andhra Pradesh,Sugarcane,Kharif,1.01,2,0.48,0,None,1,15854,3,10,65143
HH4836,Uttar Pradesh,Vegetables,Kharif,3.56,1,0.0,0,None,1,65119,5,28,135300
HH4837,Rajasthan,Groundnut,Kharif,3.61,2,0.495,1,Canal,2,55336,3,19,152034
HH4838,Karnataka,Pulses,Kharif,1.17,1,0.003,1,Tank,1,20602,6,28,49398
HH4839,Uttar Pradesh,Wheat,Rabi,0.72,3,0.705,0,None,3,3000,5,31,91414
HH4840,Madhya Pradesh,Millets,Kharif,3.04,3,0.695,1,Tank,3,47663,8,2,154387
HH4841,Gujarat,Wheat,Kharif,3.69,3,0.704,1,Tank,1,91390,6,29,121299
HH4842,Gujarat,Rice,Rabi,0.5,2,0.522,0,None,2,14453,5,14,40463
HH4843,Rajasthan,Sugarcane,Kharif,0.49,2,0.51,0,None,2,10622,3,28,82150
HH4844,Uttar Pradesh,Rice,Kharif,1.63,4,0.713,0,None,1,26480,5,1,56620
HH4845,Maharashtra,Soybean,Kharif,2.3,2,0.504,1,Tubewell,3,29680,3,44,160338
HH4846,Rajasthan,Pulses,Kharif,1.05,6,0.851,0,None,1,27802,7,16,57568
HH4847,Gujarat,Pulses,Zaid,2.4,2,0.544,1,Sprinkler,1,34402,4,37,84558
HH4848,Maharashtra,Maize,Rabi,0.74,3,0.688,0,None,1,8004,6,21,53657
HH4849,Bihar,Maize,Kharif,0.22,1,0.037,1,Tubewell,3,3571,4,14,52183
HH4850,Uttar Pradesh,Millets,Kharif,0.94,3,0.636,0,None,2,27630,4,43,57564
HH4851,Gujarat,Maize,Kharif,1.42,4,0.74,1,Tubewell,2,30296,4,17,93220
HH4852,Rajasthan,Pulses,Rabi,1.07,5,0.813,1,Sprinkler,3,21500,6,15,99861
HH4853,Bihar,Pulses,Zaid,0.5,6,0.868,0,None,1,15178,5,31,30489
HH4854,Rajasthan,Wheat,Kharif,0.29,2,0.496,1,Canal,3,7441,3,36,84073
HH4855,Tamil Nadu,Rice,Rabi,0.87,3,0.665,0,None,2,13437,3,14,58804
HH4856,Maharashtra,Cotton,Kharif,2.9,2,0.521,1,Canal,2,59481,4,36,173955
HH4857,Maharashtra,Vegetables,Rabi,3.93,3,0.633,1,Tubewell,3,114709,4,27,285328
HH4858,Gujarat,Vegetables,Kharif,3.7,1,0.048,1,Sprinkler,2,85811,6,3,183468
HH4859,Gujarat,Maize,Kharif,0.67,4,0.724,1,Tubewell,3,20371,5,36,91403
HH4860,West Bengal,Rice,Rabi,0.51,5,0.742,1,Tubewell,3,11217,4,6,73315
HH4861,Tamil Nadu,Rice,Kharif,2.06,2,0.5,1,Tank,1,58829,2,27,91888
HH4862,Bihar,Millets,Rabi,2.32,2,0.551,0,None,1,37641,3,22,62648
HH4863,Uttar Pradesh,Cotton,Zaid,1.9,1,0.018,0,None,1,25150,6,22,70629
HH4864,Rajasthan,Soybean,Kharif,0.24,3,0.69,1,Tubewell,1,12371,6,36,38913
HH4865,Madhya Pradesh,Pulses,Kharif,0.65,2,0.501,1,Canal,2,14722,6,32,62020
HH4866,Punjab,Vegetables,Kharif,1.32,5,0.795,1,Tubewell,1,26599,6,27,89111
HH4867,Rajasthan,Maize,Kharif,2.04,3,0.621,0,None,2,33138,4,7,81664
HH4868,Maharashtra,Sugarcane,Rabi,2.59,3,0.599,1,Sprinkler,3,57855,8,39,250879
HH4869,Tamil Nadu,Groundnut,Kharif,1.53,3,0.673,1,Canal,3,23631,3,12,121678
HH4870,Bihar,Cotton,Rabi,1.79,1,0.039,0,None,1,26384,6,16,74365
HH4871,Rajasthan,Soybean,Rabi,1.45,5,0.81,0,None,1,29954,3,38,70131
HH4872,Uttar Pradesh,Rice,Kharif,2.42,3,0.686,0,None,1,34874,4,5,84921
HH4873,Maharashtra,Vegetables,Rabi,1.76,6,0.881,0,None,3,28267,5,42,182880
HH4874,Maharashtra,Millets,Zaid,1.43,3,0.677,1,Tubewell,2,35687,3,35,91023
HH4875,Madhya Pradesh,Millets,Kharif,1.07,3,0.663,1,Canal,3,26229,4,9,94200
HH4876,Punjab,Cotton,Rabi,1.45,1,0.0,0,None,3,14883,4,29,109057
HH4877,Tamil Nadu,Maize,Rabi,2.04,3,0.728,1,Tubewell,3,59634,5,27,129297
HH4878,Haryana,Wheat,Rabi,1.69,4,0.766,1,Canal,1,40617,6,32,83145
HH4879,Rajasthan,Wheat,Kharif,1.87,4,0.722,0,None,2,40498,3,10,88564
HH4880,Bihar,Sugarcane,Rabi,4.23,4,0.715,1,Tubewell,3,90027,2,25,336893
HH4881,Maharashtra,Groundnut,Rabi,1.69,2,0.538,1,Tubewell,1,27416,6,42,92197
HH4882,Karnataka,Rice,Kharif,0.78,6,0.802,1,Tank,2,30693,5,38,83881
HH4883,Bihar,Cotton,Rabi,2.86,6,0.889,0,None,2,59312,5,25,162667
HH4884,Maharashtra,Maize,Zaid,0.42,1,0.0,1,Drip,2,7805,8,4,32452
HH4885,Uttar Pradesh,Wheat,Rabi,0.54,5,0.843,0,None,3,12128,5,43,99216
HH4886,West Bengal,Rice,Zaid,1.8,2,0.515,0,None,2,14966,4,41,102830
HH4887,Rajasthan,Maize,Kharif,2.09,3,0.671,0,None,3,24370,5,44,128897
HH4888,Punjab,Soybean,Kharif,0.47,2,0.495,0,None,2,5018,6,23,32544
HH4889,Uttar Pradesh,Soybean,Rabi,0.97,5,0.857,0,None,2,10549,5,10,54985
HH4890,Haryana,Cotton,Kharif,0.81,1,0.021,0,None,3,11639,5,6,68122
HH4891,Madhya Pradesh,Wheat,Rabi,0.89,2,0.473,1,Tank,3,21637,5,13,78130
HH4892,Uttar Pradesh,Wheat,Kharif,3.01,2,0.448,1,Tubewell,3,45071,4,31,186397
HH4893,Tamil Nadu,Rice,Kharif,2.46,2,0.505,0,None,3,27286,2,5,138743
HH4894,Madhya Pradesh,Wheat,Rabi,1.33,3,0.667,0,None,2,19047,4,4,71195
HH4895,Rajasthan,Vegetables,Kharif,0.85,1,0.0,1,Canal,1,22052,5,3,38911
HH4896,Uttar Pradesh,Rice,Kharif,0.43,3,0.665,0,None,1,5200,4,30,34778
HH4897,Maharashtra,Rice,Rabi,4.51,6,0.816,0,None,1,99901,6,23,124957
HH4898,Madhya Pradesh,Rice,Rabi,2.23,4,0.75,1,Canal,2,46868,3,37,135347
HH4899,Uttar Pradesh,Cotton,Rabi,0.74,4,0.772,0,None,1,15742,3,18,58527
HH4900,Gujarat,Wheat,Rabi,2.49,2,0.545,0,None,1,24309,3,35,101662
HH4901,Uttar Pradesh,Rice,Kharif,1.27,2,0.527,0,None,1,25728,5,5,51108
HH4902,Karnataka,Rice,Kharif,1.06,3,0.645,0,None,2,19344,5,41,62471
HH4903,Uttar Pradesh,Pulses,Kharif,1.95,1,0.011,1,Tank,1,37701,5,28,74898
HH4904,Madhya Pradesh,Pulses,Rabi,0.72,5,0.802,0,None,3,16203,3,38,89508
HH4905,Gujarat,Vegetables,Kharif,1.01,1,0.0,1,Tubewell,2,20622,5,18,85624
HH4906,Maharashtra,Wheat,Rabi,1.5,5,0.812,1,Tank,2,34082,6,8,76802
HH4907,Gujarat,Wheat,Kharif,0.88,1,0.056,0,None,3,9662,5,12,75410
HH4908,Maharashtra,Soybean,Rabi,2.38,4,0.751,0,None,1,40750,5,30,59331
HH4909,Bihar,Wheat,Kharif,6.61,1,0.0,1,Canal,3,84262,3,22,329880
HH4910,Andhra Pradesh,Maize,Rabi,0.71,1,0.001,1,Tubewell,2,9356,6,6,47925
HH4911,West Bengal,Soybean,Rabi,0.33,3,0.631,0,None,1,6018,5,30,29127
HH4912,Andhra Pradesh,Sugarcane,Rabi,0.25,2,0.526,0,None,2,3000,7,8,46237
HH4913,Andhra Pradesh,Cotton,Rabi,1.19,3,0.683,1,Tubewell,3,33888,5,29,148693
HH4914,Maharashtra,Cotton,Rabi,0.77,3,0.662,0,None,2,4535,4,31,66703
HH4915,Maharashtra,Vegetables,Rabi,1.61,1,0.0,0,None,2,17516,4,5,87157
HH4916,Gujarat,Groundnut,Kharif,1.51,5,0.794,0,None,3,30037,4,11,92607
HH4917,Madhya Pradesh,Soybean,Kharif,0.35,2,0.5,0,None,3,5365,5,17,49682
HH4918,Rajasthan,Cotton,Rabi,0.29,3,0.644,0,None,3,3000,6,13,72557
HH4919,Bihar,Vegetables,Zaid,1.74,3,0.625,1,Tubewell,3,51912,4,20,183685
HH4920,Rajasthan,Millets,Rabi,1.51,3,0.701,1,Canal,3,36932,4,31,101605
HH4921,Gujarat,Soybean,Rabi,0.94,2,0.488,1,Tubewell,2,14933,4,26,91849
HH4922,Haryana,Cotton,Rabi,0.33,2,0.505,0,None,2,3000,7,28,50639
HH4923,Tamil Nadu,Vegetables,Zaid,2.02,3,0.676,0,None,3,17304,3,25,175304
HH4924,West Bengal,Maize,Rabi,3.98,2,0.51,1,Tubewell,1,86078,4,18,123242
HH4925,Uttar Pradesh,Pulses,Rabi,1.71,2,0.465,0,None,1,16044,5,32,61145
HH4926,Madhya Pradesh,Groundnut,Kharif,0.66,3,0.617,0,None,1,14085,5,29,43271
HH4927,Karnataka,Groundnut,Kharif,1.4,3,0.649,0,None,1,26462,6,3,46999
HH4928,Maharashtra,Soybean,Kharif,0.42,1,0.012,0,None,1,3000,3,35,23689
HH4929,Bihar,Rice,Rabi,3.32,2,0.478,1,Tubewell,3,83879,3,38,191447
HH4930,Gujarat,Sugarcane,Kharif,1.45,2,0.489,1,Canal,3,30047,4,15,175586
HH4931,Karnataka,Rice,Rabi,0.3,1,0.064,0,None,1,3235,4,3,15583
HH4932,Rajasthan,Sugarcane,Zaid,1.05,2,0.445,1,Drip,3,31835,4,21,146034
HH4933,Gujarat,Groundnut,Rabi,2.0,1,0.0,0,None,2,22385,4,3,84159
HH4934,Karnataka,Cotton,Rabi,1.02,6,0.89,0,None,2,20953,6,35,94432
HH4935,Karnataka,Rice,Kharif,1.07,3,0.666,0,None,1,12254,6,8,40904
HH4936,Rajasthan,Cotton,Kharif,0.48,1,0.0,1,Tubewell,2,11414,6,3,47040
HH4937,West Bengal,Rice,Kharif,2.18,1,0.035,0,None,3,28601,6,11,103155
HH4938,Tamil Nadu,Vegetables,Rabi,0.78,3,0.669,0,None,2,13995,2,2,62805
HH4939,Bihar,Vegetables,Kharif,0.22,2,0.49,0,None,2,3000,3,33,68008
HH4940,Bihar,Vegetables,Kharif,0.98,4,0.756,0,None,1,22132,6,8,46560
HH4941,Rajasthan,Rice,Rabi,3.11,5,0.78,1,Tubewell,3,102671,5,12,173006
HH4942,Karnataka,Rice,Kharif,0.97,3,0.636,1,Tubewell,3,22525,5,19,95156
HH4943,West Bengal,Pulses,Rabi,5.91,1,0.0,1,Tank,2,78949,6,18,212697
HH4944,Rajasthan,Rice,Rabi,1.94,4,0.72,1,Tubewell,3,50460,7,21,143434
HH4945,Bihar,Soybean,Rabi,1.8,5,0.8,1,Tank,2,39005,5,22,97188
HH4946,Gujarat,Vegetables,Zaid,1.21,3,0.678,0,None,2,11162,4,43,112302
HH4947,Tamil Nadu,Sugarcane,Kharif,1.27,3,0.693,0,None,2,17364,3,30,113857
HH4948,Bihar,Maize,Kharif,1.08,2,0.534,0,None,2,16717,5,18,66748
HH4949,Bihar,Wheat,Kharif,1.04,2,0.488,0,None,3,21698,6,6,81128
HH4950,West Bengal,Pulses,Rabi,2.12,3,0.682,0,None,3,32063,4,1,108647
HH4951,Rajasthan,Wheat,Rabi,0.61,5,0.815,0,None,2,10239,3,9,51106
HH4952,Uttar Pradesh,Wheat,Zaid,0.54,3,0.677,0,None,1,9201,8,16,36597
HH4953,Rajasthan,Maize,Zaid,0.52,4,0.736,1,Tubewell,2,15242,4,29,80838
HH4954,Punjab,Wheat,Rabi,7.68,1,0.0,1,Tubewell,3,86363,4,29,396166
HH4955,Karnataka,Soybean,Rabi,2.12,2,0.515,0,None,1,30143,3,5,73905
HH4956,Bihar,Sugarcane,Rabi,1.75,3,0.616,0,None,2,25303,6,19,118892
HH4957,Rajasthan,Rice,Kharif,0.55,1,0.0,1,Tubewell,3,10072,6,22,84355
HH4958,Punjab,Rice,Kharif,2.29,3,0.59,0,None,1,53976,5,8,64533
HH4959,Maharashtra,Rice,Kharif,1.22,2,0.46,0,None,3,13284,5,18,90976
HH4960,Bihar,Rice,Kharif,1.62,4,0.724,0,None,1,19295,7,44,66045
HH4961,Andhra Pradesh,Wheat,Kharif,0.59,4,0.783,1,Tubewell,2,5849,4,14,79776
HH4962,Maharashtra,Vegetables,Rabi,1.55,2,0.521,1,Tubewell,3,42482,4,4,147876
HH4963,Madhya Pradesh,Rice,Rabi,0.94,1,0.0,1,Drip,2,26856,2,40,81007
HH4964,Bihar,Rice,Rabi,0.7,3,0.689,0,None,1,12552,4,27,64861
HH4965,Karnataka,Wheat,Kharif,2.52,6,0.86,0,None,3,36756,4,24,162560
HH4966,Maharashtra,Maize,Rabi,0.37,3,0.662,0,None,1,4139,7,30,40291
HH4967,Gujarat,Groundnut,Rabi,2.18,1,0.0,1,Canal,2,31398,4,12,99534
HH4968,Haryana,Pulses,Kharif,2.42,1,0.0,1,Tubewell,2,58565,6,43,100938
HH4969,Gujarat,Cotton,Rabi,0.64,2,0.497,0,None,2,10518,6,13,56095
HH4970,Karnataka,Rice,Rabi,0.67,1,0.0,1,Drip,2,12308,3,40,68389
HH4971,Karnataka,Wheat,Rabi,1.12,4,0.761,0,None,2,21938,8,4,71246
HH4972,West Bengal,Wheat,Kharif,1.72,4,0.758,1,Drip,1,31981,5,26,91118
HH4973,Andhra Pradesh,Vegetables,Kharif,1.19,2,0.513,1,Tubewell,2,20482,5,1,113805
HH4974,Haryana,Soybean,Kharif,1.95,2,0.508,0,None,1,29931,2,27,64447
HH4975,Madhya Pradesh,Wheat,Zaid,6.04,2,0.522,1,Tank,1,78458,5,23,221633
HH4976,Karnataka,Vegetables,Rabi,0.88,5,0.795,1,Tubewell,2,33012,3,42,115240
HH4977,Uttar Pradesh,Vegetables,Kharif,0.31,3,0.673,0,None,2,3000,4,38,67521
HH4978,Maharashtra,Pulses,Rabi,2.72,3,0.655,1,Canal,2,42348,3,11,99710
HH4979,Uttar Pradesh,Wheat,Kharif,5.65,2,0.482,1,Sprinkler,2,98754,4,39,245309
HH4980,Uttar Pradesh,Rice,Rabi,1.88,3,0.707,0,None,2,44236,6,42,75212
HH4981,Gujarat,Rice,Rabi,0.54,2,0.439,1,Canal,2,6197,6,44,74036
HH4982,Madhya Pradesh,Cotton,Rabi,1.21,2,0.526,1,Drip,2,18571,3,21,106024
HH4983,Punjab,Cotton,Kharif,0.52,3,0.648,0,None,3,5443,6,22,77105
HH4984,West Bengal,Vegetables,Kharif,2.33,3,0.644,0,None,2,28382,5,28,155549
HH4985,Andhra Pradesh,Wheat,Kharif,0.43,2,0.508,1,Canal,3,11457,2,38,109808
HH4986,Maharashtra,Soybean,Rabi,1.05,1,0.0,0,None,1,8078,4,6,38811
HH4987,Haryana,Vegetables,Rabi,0.57,2,0.476,1,Canal,3,8413,6,25,116279
HH4988,Tamil Nadu,Wheat,Rabi,1.5,2,0.475,0,None,2,27600,6,4,88453
HH4989,Haryana,Wheat,Kharif,0.99,3,0.66,0,None,2,22789,4,34,67246
HH4990,Bihar,Soybean,Rabi,1.57,5,0.776,0,None,3,23388,2,26,119093
HH4991,Gujarat,Groundnut,Kharif,1.38,1,0.048,1,Canal,1,29493,4,39,50155
HH4992,Tamil Nadu,Millets,Kharif,0.58,2,0.554,1,Tubewell,2,14687,6,27,56463
HH4993,Rajasthan,Vegetables,Rabi,2.3,1,0.0,0,None,1,34239,7,39,92857
HH4994,Punjab,Vegetables,Kharif,1.3,3,0.683,0,None,3,19087,5,21,153422
HH4995,Uttar Pradesh,Soybean,Kharif,0.58,2,0.526,1,Canal,3,12371,3,21,79333
HH4996,West Bengal,Rice,Kharif,9.07,3,0.683,0,None,2,200000,5,29,285763
HH4997,Uttar Pradesh,Vegetables,Rabi,2.02,2,0.48,0,None,2,32360,8,34,139597
HH4998,Madhya Pradesh,Pulses,Kharif,1.18,3,0.66,0,None,2,28909,7,27,61109
HH4999,Bihar,Cotton,Kharif,4.49,4,0.728,0,None,1,81388,8,42,194782
HH5000,Tamil Nadu,Wheat,Kharif,6.46,5,0.787,0,None,2,91400,5,26,258702
